requirement_id,chapter,title,original_priority,chapter_status,as_built_status,release_disposition,risk_class,implementation_paths,owned_tests,test_class,expected_value_source,manual_evidence,dependencies,commit_state,blocking_decision,next_action,last_reverified
SB-CLY-001,10_clay-volume.md,"Refuse and flag degenerate endpoints, never null silently",P0,PARTIAL,UNADJUDICATED,UNDECIDED,UNCLASSIFIED,,"`SB-CLY-T01`, `SB-CLY-T24`, `SB-CLY-T32`",MISSING-OR-UNCLASSIFIED,,,,UNVERIFIED,,LIVE-ADJUDICATION,
SB-CLY-002,10_clay-volume.md,Stieber as one generic shape parameter,P1,PARTIAL,UNADJUDICATED,UNDECIDED,UNCLASSIFIED,,"`SB-CLY-T05`, `SB-CLY-T06`, `SB-CLY-T07`",MISSING-OR-UNCLASSIFIED,,,,UNVERIFIED,,LIVE-ADJUDICATION,
SB-CLY-003,10_clay-volume.md,"Resolve vendor Stieber labels by alias, fail the import if unresolvable",P1,ABSENT,UNADJUDICATED,UNDECIDED,UNCLASSIFIED,,"`SB-CLY-T12`, `SB-CLY-T13`",MISSING-OR-UNCLASSIFIED,,,,UNVERIFIED,,LIVE-ADJUDICATION,
SB-CLY-004,10_clay-volume.md,Larionov in the exact normalised form,P1,PRESENT-DIVERGENT,UNADJUDICATED,UNDECIDED,UNCLASSIFIED,,"`SB-CLY-T02`, `SB-CLY-T04`",MISSING-OR-UNCLASSIFIED,,,,UNVERIFIED,,LIVE-ADJUDICATION,
SB-CLY-005,10_clay-volume.md,"Keep the decimal Larionov reachable, for parity only",P2,PRESENT-OK,UNADJUDICATED,UNDECIDED,UNCLASSIFIED,,SB-CLY-T03,MISSING-OR-UNCLASSIFIED,,,,UNVERIFIED,,LIVE-ADJUDICATION,
SB-CLY-006,10_clay-volume.md,`LARINOV3` warns that it has no published provenance,P1,PRESENT-DIVERGENT,UNADJUDICATED,UNDECIDED,UNCLASSIFIED,,SB-CLY-T14,MISSING-OR-UNCLASSIFIED,,,,UNVERIFIED,,LIVE-ADJUDICATION,
SB-CLY-007,10_clay-volume.md,Clavier over its full analytic domain,P2,PRESENT-DIVERGENT,UNADJUDICATED,UNDECIDED,UNCLASSIFIED,,"`SB-CLY-T08`, `SB-CLY-T09`",MISSING-OR-UNCLASSIFIED,,,,UNVERIFIED,,LIVE-ADJUDICATION,
SB-CLY-008,10_clay-volume.md,Implement the Curved transform,P2,ABSENT,UNADJUDICATED,UNDECIDED,UNCLASSIFIED,,SB-CLY-T11,MISSING-OR-UNCLASSIFIED,,,,UNVERIFIED,,LIVE-ADJUDICATION,
SB-CLY-009,10_clay-volume.md,Domain clamps computed from transform parameters,P0,PRESENT-DIVERGENT,UNADJUDICATED,UNDECIDED,UNCLASSIFIED,,"`SB-CLY-T07`, `SB-CLY-T08`",MISSING-OR-UNCLASSIFIED,,,,UNVERIFIED,,LIVE-ADJUDICATION,
SB-CLY-010,10_clay-volume.md,A clamped sample is marked as clamped,P0,ABSENT,UNADJUDICATED,UNDECIDED,UNCLASSIFIED,,SB-CLY-T10,MISSING-OR-UNCLASSIFIED,,,,UNVERIFIED,,LIVE-ADJUDICATION,
SB-CLY-011,10_clay-volume.md,SP indicator,P2,ABSENT,UNADJUDICATED,UNDECIDED,UNCLASSIFIED,,SB-CLY-T15,MISSING-OR-UNCLASSIFIED,,,,UNVERIFIED,,LIVE-ADJUDICATION,
SB-CLY-012,10_clay-volume.md,"Three neutron single-indicator forms, no default",P2,ABSENT,UNADJUDICATED,UNDECIDED,UNCLASSIFIED,,SB-CLY-T16,MISSING-OR-UNCLASSIFIED,,,,UNVERIFIED,,LIVE-ADJUDICATION,
SB-CLY-013,10_clay-volume.md,Limestone-matrix precondition on neutron indicators,P0,ABSENT,UNADJUDICATED,UNDECIDED,UNCLASSIFIED,,SB-CLY-T17,MISSING-OR-UNCLASSIFIED,,,,UNVERIFIED,,LIVE-ADJUDICATION,
SB-CLY-014,10_clay-volume.md,Two-sided warning on the neutron clean endpoint,P2,ABSENT,UNADJUDICATED,UNDECIDED,UNCLASSIFIED,,SB-CLY-T18,MISSING-OR-UNCLASSIFIED,,,,UNVERIFIED,,LIVE-ADJUDICATION,
SB-CLY-015,10_clay-volume.md,"Four resistivity forms, no default",P2,ABSENT,UNADJUDICATED,UNDECIDED,UNCLASSIFIED,,SB-CLY-T19,MISSING-OR-UNCLASSIFIED,,,,UNVERIFIED,,LIVE-ADJUDICATION,
SB-CLY-016,10_clay-volume.md,Validate `R_clay < R_clean` before branching,P0,ABSENT,UNADJUDICATED,UNDECIDED,UNCLASSIFIED,,SB-CLY-T20,MISSING-OR-UNCLASSIFIED,,,,UNVERIFIED,,LIVE-ADJUDICATION,
SB-CLY-017,10_clay-volume.md,Cite Coriband where the Coriband form is used,P2,ABSENT,UNADJUDICATED,UNDECIDED,UNCLASSIFIED,,SB-CLY-T33,MISSING-OR-UNCLASSIFIED,,,,UNVERIFIED,,LIVE-ADJUDICATION,
SB-CLY-018,10_clay-volume.md,One canonical bilinear form for every double indicator,P1,PARTIAL,UNADJUDICATED,UNDECIDED,UNCLASSIFIED,,SB-CLY-T21,MISSING-OR-UNCLASSIFIED,,,,UNVERIFIED,,LIVE-ADJUDICATION,
SB-CLY-019,10_clay-volume.md,Two-point clean line with an explicit constructor,P1,PRESENT-DIVERGENT,UNADJUDICATED,UNDECIDED,UNCLASSIFIED,,SB-CLY-T22,MISSING-OR-UNCLASSIFIED,,,,UNVERIFIED,,LIVE-ADJUDICATION,
SB-CLY-020,10_clay-volume.md,"Linkage semantics: `c1` linkable, `c2` never; doubles are not singles",P2,ABSENT,UNADJUDICATED,UNDECIDED,UNCLASSIFIED,,SB-CLY-T23,MISSING-OR-UNCLASSIFIED,,,,UNVERIFIED,,LIVE-ADJUDICATION,
SB-CLY-021,10_clay-volume.md,Degenerate crossplot geometry is refused and reported,P0,PARTIAL,UNADJUDICATED,UNDECIDED,UNCLASSIFIED,,"`SB-CLY-T24`, `SB-CLY-T32`",MISSING-OR-UNCLASSIFIED,,,,UNVERIFIED,,LIVE-ADJUDICATION,
SB-CLY-022,10_clay-volume.md,Refuse the printed sonic-density denominator,P1,ABSENT,UNADJUDICATED,UNDECIDED,UNCLASSIFIED,,SB-CLY-T25,MISSING-OR-UNCLASSIFIED,,,,UNVERIFIED,,LIVE-ADJUDICATION,
SB-CLY-023,10_clay-volume.md,Thorium and Potassium indicators,P3,ABSENT,UNADJUDICATED,UNDECIDED,UNCLASSIFIED,,SB-CLY-T26,MISSING-OR-UNCLASSIFIED,,,,UNVERIFIED,,LIVE-ADJUDICATION,
SB-CLY-024,10_clay-volume.md,"EM-propagation indicator, parameter named once",P4,ABSENT,UNADJUDICATED,UNDECIDED,UNCLASSIFIED,,SB-CLY-T27,MISSING-OR-UNCLASSIFIED,,,,UNVERIFIED,,LIVE-ADJUDICATION,
SB-CLY-025,10_clay-volume.md,M–N crossplot Vsh is deliberately not implemented,P4,ABSENT,UNADJUDICATED,UNDECIDED,UNCLASSIFIED,,SB-CLY-T33,MISSING-OR-UNCLASSIFIED,,,,UNVERIFIED,,LIVE-ADJUDICATION,
SB-CLY-026,10_clay-volume.md,NMR clay volume is typed as a clay volume,P3,ABSENT,UNADJUDICATED,UNDECIDED,UNCLASSIFIED,,"`SB-CLY-T28`, `SB-CLY-T43`",MISSING-OR-UNCLASSIFIED,,,,UNVERIFIED,,LIVE-ADJUDICATION,
SB-CLY-027,10_clay-volume.md,"Clip each indicator before combining, never after",P0,ABSENT,UNADJUDICATED,UNDECIDED,UNCLASSIFIED,,SB-CLY-T29,MISSING-OR-UNCLASSIFIED,,,,UNVERIFIED,,LIVE-ADJUDICATION,
SB-CLY-028,10_clay-volume.md,Only bounded-safe combiners,P1,ABSENT,UNADJUDICATED,UNDECIDED,UNCLASSIFIED,,SB-CLY-T30,MISSING-OR-UNCLASSIFIED,,,,UNVERIFIED,,LIVE-ADJUDICATION,
SB-CLY-029,10_clay-volume.md,"A zero is a value, not an absence",P0,ABSENT,UNADJUDICATED,UNDECIDED,UNCLASSIFIED,,SB-CLY-T31,MISSING-OR-UNCLASSIFIED,,,,UNVERIFIED,,LIVE-ADJUDICATION,
SB-CLY-030,10_clay-volume.md,"Three distinct absences, distinguishable in the output",P1,PARTIAL,UNADJUDICATED,UNDECIDED,UNCLASSIFIED,,SB-CLY-T32,MISSING-OR-UNCLASSIFIED,,,,UNVERIFIED,,LIVE-ADJUDICATION,
SB-CLY-031,10_clay-volume.md,Every clay/shale volume carries a provenance curve,P0,ABSENT,UNADJUDICATED,UNDECIDED,UNCLASSIFIED,,"`SB-CLY-T33`, `SB-CLY-T34`",MISSING-OR-UNCLASSIFIED,,,,UNVERIFIED,,LIVE-ADJUDICATION,
SB-CLY-032,10_clay-volume.md,"One closed provenance vocabulary, substitution recorded separately",P1,ABSENT,UNADJUDICATED,UNDECIDED,UNCLASSIFIED,,SB-CLY-T34,MISSING-OR-UNCLASSIFIED,,,,UNVERIFIED,,LIVE-ADJUDICATION,
SB-CLY-033,10_clay-volume.md,Per-flag override generality,P2,PARTIAL,UNADJUDICATED,UNDECIDED,UNCLASSIFIED,,SB-CLY-T36,MISSING-OR-UNCLASSIFIED,,,,UNVERIFIED,,LIVE-ADJUDICATION,
SB-CLY-034,10_clay-volume.md,No magic sentinel for a rejected sample,P0,PARTIAL,UNADJUDICATED,UNDECIDED,UNCLASSIFIED,,"`SB-CLY-T35`, `SB-CLY-T44`",MISSING-OR-UNCLASSIFIED,,,,UNVERIFIED,,LIVE-ADJUDICATION,
SB-CLY-035,10_clay-volume.md,Discriminator tests are two-sided by default,P2,PARTIAL,UNADJUDICATED,UNDECIDED,UNCLASSIFIED,,SB-CLY-T36,MISSING-OR-UNCLASSIFIED,,,,UNVERIFIED,,LIVE-ADJUDICATION,
SB-CLY-036,10_clay-volume.md,Per-indicator coal branch with its own provenance token,P2,PARTIAL,UNADJUDICATED,UNDECIDED,UNCLASSIFIED,,SB-CLY-T37,MISSING-OR-UNCLASSIFIED,,,,UNVERIFIED,,LIVE-ADJUDICATION,
SB-CLY-037,10_clay-volume.md,A complete percentile endpoint pipeline,P1,ABSENT,UNADJUDICATED,UNDECIDED,UNCLASSIFIED,,SB-CLY-T38,MISSING-OR-UNCLASSIFIED,,,,UNVERIFIED,,LIVE-ADJUDICATION,
SB-CLY-038,10_clay-volume.md,Two-way binding between percentile and value,P2,ABSENT,UNADJUDICATED,UNDECIDED,UNCLASSIFIED,,SB-CLY-T39,MISSING-OR-UNCLASSIFIED,,,,UNVERIFIED,,LIVE-ADJUDICATION,
SB-CLY-039,10_clay-volume.md,"The P3/P97 house preset is a cited, recorded preset",P2,PARTIAL,UNADJUDICATED,UNDECIDED,UNCLASSIFIED,,SB-CLY-T38,MISSING-OR-UNCLASSIFIED,,,,UNVERIFIED,,LIVE-ADJUDICATION,
SB-CLY-040,10_clay-volume.md,Warn where a percentile endpoint lands near a transform pole,P2,ABSENT,UNADJUDICATED,UNDECIDED,UNCLASSIFIED,,"`SB-CLY-T10`, `SB-CLY-T40`",MISSING-OR-UNCLASSIFIED,,,,UNVERIFIED,,LIVE-ADJUDICATION,
SB-CLY-041,10_clay-volume.md,"Prefer the corrected input alias, uniformly",P2,PRESENT-DIVERGENT,UNADJUDICATED,UNDECIDED,UNCLASSIFIED,,SB-CLY-T43,MISSING-OR-UNCLASSIFIED,,,,UNVERIFIED,,LIVE-ADJUDICATION,
SB-CLY-042,10_clay-volume.md,"Picking conventions stated as help text, not encoded as defaults",P3,ABSENT,UNADJUDICATED,UNDECIDED,UNCLASSIFIED,,SB-CLY-T33,MISSING-OR-UNCLASSIFIED,,,,UNVERIFIED,,LIVE-ADJUDICATION,
SB-CLY-043,10_clay-volume.md,Shale volume and clay volume are distinct typed quantities,P0,ABSENT,UNADJUDICATED,UNDECIDED,UNCLASSIFIED,,"`SB-CLY-T28`, `SB-CLY-T43`",MISSING-OR-UNCLASSIFIED,,,,UNVERIFIED,,LIVE-ADJUDICATION,
SB-CLY-044,10_clay-volume.md,Both bridges named; no default ratio,P1,PARTIAL,UNADJUDICATED,UNDECIDED,UNCLASSIFIED,,SB-CLY-T41,MISSING-OR-UNCLASSIFIED,,,,UNVERIFIED,,LIVE-ADJUDICATION,
SB-CLY-045,10_clay-volume.md,Endpoint conversion identities are explicit and tested,P2,ABSENT,UNADJUDICATED,UNDECIDED,UNCLASSIFIED,,SB-CLY-T42,MISSING-OR-UNCLASSIFIED,,,,UNVERIFIED,,LIVE-ADJUDICATION,
SB-CLY-046,10_clay-volume.md,Register the Vsh/Vcl curve families,P1,ABSENT,UNADJUDICATED,UNDECIDED,UNCLASSIFIED,,SB-CLY-T43,MISSING-OR-UNCLASSIFIED,,,,UNVERIFIED,,LIVE-ADJUDICATION,
SB-CLY-047,10_clay-volume.md,Organic-shale pre-correction in renormalised form,P3,ABSENT,UNADJUDICATED,UNDECIDED,UNCLASSIFIED,,SB-CLY-T33,MISSING-OR-UNCLASSIFIED,,,,UNVERIFIED,,LIVE-ADJUDICATION,
SB-CLY-048,10_clay-volume.md,Guard the renormalisation denominator,P3,ABSENT,UNADJUDICATED,UNDECIDED,UNCLASSIFIED,,SB-CLY-T33,MISSING-OR-UNCLASSIFIED,,,,UNVERIFIED,,LIVE-ADJUDICATION,
SB-CLY-049,10_clay-volume.md,Do not iterate kerogen and heavy-mineral volumes inside the indicator,P3,ABSENT,UNADJUDICATED,UNDECIDED,UNCLASSIFIED,,SB-CLY-T33,MISSING-OR-UNCLASSIFIED,,,,UNVERIFIED,,LIVE-ADJUDICATION,
SB-CLY-050,10_clay-volume.md,"Where the vendors disagree, ship no default and surface the conflict",P0,PRESENT-DIVERGENT,UNADJUDICATED,UNDECIDED,UNCLASSIFIED,,"`SB-CLY-T18`, `SB-CLY-T19`, `SB-CLY-T20`",MISSING-OR-UNCLASSIFIED,,,,UNVERIFIED,,LIVE-ADJUDICATION,
SB-CLY-051,10_clay-volume.md,The vendor artefact path is the primary source string,P1,ABSENT,UNADJUDICATED,UNDECIDED,UNCLASSIFIED,,SB-CLY-T33,MISSING-OR-UNCLASSIFIED,,,,UNVERIFIED,,LIVE-ADJUDICATION,
SB-CLY-052,10_clay-volume.md,Import by ordinal **and** semantic key,P2,ABSENT,UNADJUDICATED,UNDECIDED,UNCLASSIFIED,,SB-CLY-T33,MISSING-OR-UNCLASSIFIED,,,,UNVERIFIED,,LIVE-ADJUDICATION,
SB-CLY-053,10_clay-volume.md,Matrix travel time is module-scoped and carries its artefact,P2,ABSENT,UNADJUDICATED,UNDECIDED,UNCLASSIFIED,,SB-CLY-T25,MISSING-OR-UNCLASSIFIED,,,,UNVERIFIED,,LIVE-ADJUDICATION,
SB-CLY-054,10_clay-volume.md,Unit-typed quantities; no magic scale constants,P0,PARTIAL,UNADJUDICATED,UNDECIDED,UNCLASSIFIED,,"`SB-CLY-T21`, `SB-CLY-T42`",MISSING-OR-UNCLASSIFIED,,,,UNVERIFIED,,LIVE-ADJUDICATION,
SB-CLY-055,10_clay-volume.md,LAS null discipline on every domain curve,P1,PARTIAL,UNADJUDICATED,UNDECIDED,UNCLASSIFIED,,"`SB-CLY-T35`, `SB-CLY-T44`",MISSING-OR-UNCLASSIFIED,,,,UNVERIFIED,,LIVE-ADJUDICATION,
SB-CORE-001,04_CORE_REQUIREMENTS.md,"Depth unit is a first-class, carried property",P0,PARTIAL,UNADJUDICATED,UNDECIDED,UNCLASSIFIED,,"`SB-CORE-T01`, `SB-CORE-T01b`, `SB-CORE-T02`",MISSING-OR-UNCLASSIFIED,,,,UNVERIFIED,,LIVE-ADJUDICATION,
SB-CORE-002,04_CORE_REQUIREMENTS.md,A degraded or failed result is never presented as a clean one,P0,PRESENT-OK,UNADJUDICATED,UNDECIDED,UNCLASSIFIED,,"`SB-CORE-T03`, `SB-CORE-T04`, `SB-CORE-T05`, `SB-CORE-T06`, `SB-CORE-T07`, `SB-CORE-T08`, `SB-CORE-T09`",MISSING-OR-UNCLASSIFIED,,,,UNVERIFIED,,LIVE-ADJUDICATION,
SB-CORE-003,04_CORE_REQUIREMENTS.md,Validity conditions are enforced preconditions,P1,ABSENT,UNADJUDICATED,UNDECIDED,UNCLASSIFIED,,,MISSING-OR-UNCLASSIFIED,,,,UNVERIFIED,,LIVE-ADJUDICATION,
SB-CORE-004,04_CORE_REQUIREMENTS.md,No parameter ships without a source,P0,PARTIAL,UNADJUDICATED,UNDECIDED,UNCLASSIFIED,,"`SB-CORE-T10`, `SB-CORE-T11`",MISSING-OR-UNCLASSIFIED,,,,UNVERIFIED,,LIVE-ADJUDICATION,
SB-CORE-005,04_CORE_REQUIREMENTS.md,Vendor-derived defaults are re-sourced to primary literature,P1,ABSENT,UNADJUDICATED,UNDECIDED,UNCLASSIFIED,,,MISSING-OR-UNCLASSIFIED,,,,UNVERIFIED,,LIVE-ADJUDICATION,
SB-CORE-006,04_CORE_REQUIREMENTS.md,"One name, one equation",P0,PRESENT-DIVERGENT,UNADJUDICATED,UNDECIDED,UNCLASSIFIED,,"`SB-CORE-T17`, `SB-CORE-T18`",MISSING-OR-UNCLASSIFIED,,,,UNVERIFIED,,LIVE-ADJUDICATION,
SB-CORE-007,04_CORE_REQUIREMENTS.md,One definition for every constant and every transform,P0,PRESENT-DIVERGENT,UNADJUDICATED,UNDECIDED,UNCLASSIFIED,,"`SB-CORE-T19`, `SB-CORE-T20`, `SB-CORE-T23`",MISSING-OR-UNCLASSIFIED,,,,UNVERIFIED,,LIVE-ADJUDICATION,
SB-CORE-010,04_CORE_REQUIREMENTS.md,"Every computed curve answers ""how was I made?""",P1,ABSENT,UNADJUDICATED,UNDECIDED,UNCLASSIFIED,,"`SB-CORE-T14`, `SB-CORE-T15`",MISSING-OR-UNCLASSIFIED,,,,UNVERIFIED,,LIVE-ADJUDICATION,
SB-CORE-011,04_CORE_REQUIREMENTS.md,A project re-runs byte-identically,P1,PARTIAL,UNADJUDICATED,UNDECIDED,UNCLASSIFIED,,SB-CORE-T16,MISSING-OR-UNCLASSIFIED,,,,UNVERIFIED,,LIVE-ADJUDICATION,
SB-CORE-012,04_CORE_REQUIREMENTS.md,Named interpretation scenarios with A/B diff,P2,ABSENT,UNADJUDICATED,UNDECIDED,UNCLASSIFIED,,,MISSING-OR-UNCLASSIFIED,,,,UNVERIFIED,,LIVE-ADJUDICATION,
SB-CORE-013,04_CORE_REQUIREMENTS.md,Vendor divergence is visible at the point of choice,P2,ABSENT,UNADJUDICATED,UNDECIDED,UNCLASSIFIED,,,MISSING-OR-UNCLASSIFIED,,,,UNVERIFIED,,LIVE-ADJUDICATION,
SB-CORE-014,04_CORE_REQUIREMENTS.md,A learned model carries its training provenance,P1,ABSENT,UNADJUDICATED,UNDECIDED,UNCLASSIFIED,,"`SB-CORE-T21`, `SB-CORE-T22`",MISSING-OR-UNCLASSIFIED,,,,UNVERIFIED,,LIVE-ADJUDICATION,
SB-CORE-015,04_CORE_REQUIREMENTS.md,No artifact ships that SandiBumi's own reader rejects,P0,PRESENT-DIVERGENT,UNADJUDICATED,UNDECIDED,UNCLASSIFIED,,"`SB-CORE-T14`, `SB-CORE-T15`, `SB-CORE-T16`",MISSING-OR-UNCLASSIFIED,,,,UNVERIFIED,,LIVE-ADJUDICATION,
SB-CORE-030,04_CORE_REQUIREMENTS.md,Portfolio-scale target is declared and measured,P1,UNMEASURED,UNADJUDICATED,UNDECIDED,UNCLASSIFIED,,,MISSING-OR-UNCLASSIFIED,,,,UNVERIFIED,,LIVE-ADJUDICATION,
SB-CORE-031,04_CORE_REQUIREMENTS.md,A benchmark harness exists and is part of the gate,P1,ABSENT,UNADJUDICATED,UNDECIDED,UNCLASSIFIED,,,MISSING-OR-UNCLASSIFIED,,,,UNVERIFIED,,LIVE-ADJUDICATION,
SB-CORE-032,04_CORE_REQUIREMENTS.md,The compute path does not hold the global lock across long work,P1,PRESENT-DIVERGENT,UNADJUDICATED,UNDECIDED,UNCLASSIFIED,,,MISSING-OR-UNCLASSIFIED,,,,UNVERIFIED,,LIVE-ADJUDICATION,
SB-CORE-033,04_CORE_REQUIREMENTS.md,"Compute results are cached on content, not recomputed",P2,"ABSENT — designed, parked",UNADJUDICATED,UNDECIDED,UNCLASSIFIED,,,MISSING-OR-UNCLASSIFIED,,,,UNVERIFIED,,LIVE-ADJUDICATION,
SB-CORE-034,04_CORE_REQUIREMENTS.md,Interactive surfaces stay responsive at portfolio scale,P2,PRESENT-DIVERGENT,UNADJUDICATED,UNDECIDED,UNCLASSIFIED,,,MISSING-OR-UNCLASSIFIED,,,,UNVERIFIED,,LIVE-ADJUDICATION,
SB-CORE-035,04_CORE_REQUIREMENTS.md,Well scoping is enforced in the backend,P1,PRESENT-DIVERGENT,UNADJUDICATED,UNDECIDED,UNCLASSIFIED,,,MISSING-OR-UNCLASSIFIED,,,,UNVERIFIED,,LIVE-ADJUDICATION,
SB-CORE-036,04_CORE_REQUIREMENTS.md,Cancellation is honest,P1,PRESENT-DIVERGENT,UNADJUDICATED,UNDECIDED,UNCLASSIFIED,,,MISSING-OR-UNCLASSIFIED,,,,UNVERIFIED,,LIVE-ADJUDICATION,
SB-CORE-040,04_CORE_REQUIREMENTS.md,Verification is indexed by capability,P0,ABSENT,UNADJUDICATED,UNDECIDED,UNCLASSIFIED,,SB-CORE-T12,MISSING-OR-UNCLASSIFIED,,,,UNVERIFIED,,LIVE-ADJUDICATION,
SB-CORE-041,04_CORE_REQUIREMENTS.md,The tree builds and tests from a fresh clone,P0,PRESENT-DIVERGENT,UNADJUDICATED,UNDECIDED,UNCLASSIFIED,,SB-CORE-T13,MISSING-OR-UNCLASSIFIED,,,,UNVERIFIED,,LIVE-ADJUDICATION,
SB-CORE-042,04_CORE_REQUIREMENTS.md,A green gate that a machine enforces,P1,PARTIAL,UNADJUDICATED,UNDECIDED,UNCLASSIFIED,,,MISSING-OR-UNCLASSIFIED,,,,UNVERIFIED,,LIVE-ADJUDICATION,
SB-CORE-043,04_CORE_REQUIREMENTS.md,Architecture and decisions are written down,P1,ABSENT,UNADJUDICATED,UNDECIDED,UNCLASSIFIED,,,MISSING-OR-UNCLASSIFIED,,,,UNVERIFIED,,LIVE-ADJUDICATION,
SB-CORE-044,04_CORE_REQUIREMENTS.md,"Tier-C boundary is a shipped, auditable policy",P1,PARTIAL,UNADJUDICATED,UNDECIDED,UNCLASSIFIED,,,MISSING-OR-UNCLASSIFIED,,,,UNVERIFIED,,LIVE-ADJUDICATION,
SB-CUT-001,14_cutoffs-summation-mc.md,Make the depth discretisation model an explicit parameter,P1,PRESENT-DIVERGENT,UNADJUDICATED,UNDECIDED,UNCLASSIFIED,,"`SB-CUT-T01`, `SB-CUT-T02`, `SB-CUT-T02b`, `SB-CUT-T03`, `SB-CUT-T03b`, `SB-CUT-T03c`",MISSING-OR-UNCLASSIFIED,,,,UNVERIFIED,,LIVE-ADJUDICATION,
SB-CUT-002,14_cutoffs-summation-mc.md,Name the discretisation model on every thickness-bearing result,P1,ABSENT,UNADJUDICATED,UNDECIDED,UNCLASSIFIED,,"`SB-CUT-T02b`, `SB-CUT-T31`",MISSING-OR-UNCLASSIFIED,,,,UNVERIFIED,,LIVE-ADJUDICATION,
SB-CUT-003,14_cutoffs-summation-mc.md,Partition gross footage four ways,P1,PARTIAL,UNADJUDICATED,UNDECIDED,UNCLASSIFIED,,"`SB-CUT-T11`, `SB-CUT-T22`",MISSING-OR-UNCLASSIFIED,,,,UNVERIFIED,,LIVE-ADJUDICATION,
SB-CUT-004,14_cutoffs-summation-mc.md,Report net-to-gross both with and without the unknown footage,P2,ABSENT,UNADJUDICATED,UNDECIDED,UNCLASSIFIED,,SB-CUT-T11,MISSING-OR-UNCLASSIFIED,,,,UNVERIFIED,,LIVE-ADJUDICATION,
SB-CUT-005,14_cutoffs-summation-mc.md,Reconcile the footage partition with a named tolerance and a recorded residual,P2,ABSENT,UNADJUDICATED,UNDECIDED,UNCLASSIFIED,,SB-CUT-T22,MISSING-OR-UNCLASSIFIED,,,,UNVERIFIED,,LIVE-ADJUDICATION,
SB-CUT-006,14_cutoffs-summation-mc.md,Implement averaging as a generalised power mean with an explicit exponent,P2,ABSENT,UNADJUDICATED,UNDECIDED,UNCLASSIFIED,,SB-CUT-T05,MISSING-OR-UNCLASSIFIED,,,,UNVERIFIED,,LIVE-ADJUDICATION,
SB-CUT-007,14_cutoffs-summation-mc.md,"Compute the geometric average in weight-normalised form, with a non-positive guard",P2,ABSENT,UNADJUDICATED,UNDECIDED,UNCLASSIFIED,,"`SB-CUT-T04`, `SB-CUT-T09`",MISSING-OR-UNCLASSIFIED,,,,UNVERIFIED,,LIVE-ADJUDICATION,
SB-CUT-008,14_cutoffs-summation-mc.md,Make the harmonic average skip non-positive samples rather than refuse the interval,P2,ABSENT,UNADJUDICATED,UNDECIDED,UNCLASSIFIED,,SB-CUT-T09,MISSING-OR-UNCLASSIFIED,,,,UNVERIFIED,,LIVE-ADJUDICATION,
SB-CUT-009,14_cutoffs-summation-mc.md,"Key porosity-weighting off an explicit per-curve flag, never off the mnemonic",P1,PARTIAL,UNADJUDICATED,UNDECIDED,UNCLASSIFIED,,"`SB-CUT-T06`, `SB-CUT-T07`",MISSING-OR-UNCLASSIFIED,,,,UNVERIFIED,,LIVE-ADJUDICATION,
SB-CUT-010,14_cutoffs-summation-mc.md,Hold the volumetric identity between summed and reconstructed hydrocarbon pore volume,P1,PRESENT-UNVERIFIED,UNADJUDICATED,UNDECIDED,UNCLASSIFIED,,SB-CUT-T07,MISSING-OR-UNCLASSIFIED,,,,UNVERIFIED,,LIVE-ADJUDICATION,
SB-CUT-011,14_cutoffs-summation-mc.md,Exclude samples outside every zone from cumulative results,P1,PRESENT-OK,UNADJUDICATED,UNDECIDED,UNCLASSIFIED,,SB-CUT-T10,MISSING-OR-UNCLASSIFIED,,,,UNVERIFIED,,LIVE-ADJUDICATION,
SB-CUT-012,14_cutoffs-summation-mc.md,Treat the reference frame as part of a result's identity,P2,ABSENT,UNADJUDICATED,UNDECIDED,UNCLASSIFIED,,SB-CUT-T08,MISSING-OR-UNCLASSIFIED,,,,UNVERIFIED,,LIVE-ADJUDICATION,
SB-CUT-013,14_cutoffs-summation-mc.md,Model bed amalgamation with three independent thresholds,P2,ABSENT,UNADJUDICATED,UNDECIDED,UNCLASSIFIED,,SB-CUT-T31,MISSING-OR-UNCLASSIFIED,,,,UNVERIFIED,,LIVE-ADJUDICATION,
SB-CUT-014,14_cutoffs-summation-mc.md,"Emit bed statistics twice, pre- and post-amalgamation",P2,ABSENT,UNADJUDICATED,UNDECIDED,UNCLASSIFIED,,SB-CUT-T31,MISSING-OR-UNCLASSIFIED,,,,UNVERIFIED,,LIVE-ADJUDICATION,
SB-CUT-015,14_cutoffs-summation-mc.md,State the reported bed-thickness convention explicitly,P2,ABSENT,UNADJUDICATED,UNDECIDED,UNCLASSIFIED,,SB-CUT-T31,MISSING-OR-UNCLASSIFIED,,,,UNVERIFIED,,LIVE-ADJUDICATION,
SB-CUT-016,14_cutoffs-summation-mc.md,Ship no cut-off value,P0,PRESENT-DIVERGENT,UNADJUDICATED,UNDECIDED,UNCLASSIFIED,,SB-CUT-T36,MISSING-OR-UNCLASSIFIED,,,,UNVERIFIED,,LIVE-ADJUDICATION,
SB-CUT-017,14_cutoffs-summation-mc.md,Carry a source string on every default,P0,ABSENT,UNADJUDICATED,UNDECIDED,UNCLASSIFIED,,SB-CUT-T36,MISSING-OR-UNCLASSIFIED,,,,UNVERIFIED,,LIVE-ADJUDICATION,
SB-CUT-018,14_cutoffs-summation-mc.md,Resolve every cut-off entry point from one authority,P0,PARTIAL,UNADJUDICATED,UNDECIDED,UNCLASSIFIED,,SB-CUT-T35,MISSING-OR-UNCLASSIFIED,,,,UNVERIFIED,,LIVE-ADJUDICATION,
SB-CUT-019,14_cutoffs-summation-mc.md,Require a unit on cut-off entry,P1,ABSENT,UNADJUDICATED,UNDECIDED,UNCLASSIFIED,,SB-CUT-T26,MISSING-OR-UNCLASSIFIED,,,,UNVERIFIED,,LIVE-ADJUDICATION,
SB-CUT-020,14_cutoffs-summation-mc.md,Express a cut-off as a two-sided range with an explicit bounds operator,P2,ABSENT,UNADJUDICATED,UNDECIDED,UNCLASSIFIED,,SB-CUT-T24,MISSING-OR-UNCLASSIFIED,,,,UNVERIFIED,,LIVE-ADJUDICATION,
SB-CUT-021,14_cutoffs-summation-mc.md,Allow a cut-off to be supplied as a curve,P3,ABSENT,UNADJUDICATED,UNDECIDED,UNCLASSIFIED,,SB-CUT-T24,MISSING-OR-UNCLASSIFIED,,,,UNVERIFIED,,LIVE-ADJUDICATION,
SB-CUT-022,14_cutoffs-summation-mc.md,"Make cut-off activation an explicit flag, and share one value across the reservoir and pay tiers",P1,PARTIAL,UNADJUDICATED,UNDECIDED,UNCLASSIFIED,,"`SB-CUT-T24`, `SB-CUT-T36`",MISSING-OR-UNCLASSIFIED,,,,UNVERIFIED,,LIVE-ADJUDICATION,
SB-CUT-023,14_cutoffs-summation-mc.md,Evaluate cut-off criteria as a boolean expression,P3,ABSENT,UNADJUDICATED,UNDECIDED,UNCLASSIFIED,,SB-CUT-T32,MISSING-OR-UNCLASSIFIED,,,,UNVERIFIED,,LIVE-ADJUDICATION,
SB-CUT-024,14_cutoffs-summation-mc.md,Support arbitrary named flag tiers over arbitrary cut-off sets,P2,PARTIAL,UNADJUDICATED,UNDECIDED,UNCLASSIFIED,,SB-CUT-T36,MISSING-OR-UNCLASSIFIED,,,,UNVERIFIED,,LIVE-ADJUDICATION,
SB-CUT-025,14_cutoffs-summation-mc.md,Treat lumps as a many-to-one reporting transform over flags,P3,ABSENT,UNADJUDICATED,UNDECIDED,UNCLASSIFIED,,SB-CUT-T31,MISSING-OR-UNCLASSIFIED,,,,UNVERIFIED,,LIVE-ADJUDICATION,
SB-CUT-026,14_cutoffs-summation-mc.md,Leave saturation off at the reservoir tier by default,P1,PRESENT-OK,UNADJUDICATED,UNDECIDED,UNCLASSIFIED,,SB-CUT-T36,MISSING-OR-UNCLASSIFIED,,,,UNVERIFIED,,LIVE-ADJUDICATION,
SB-CUT-027,14_cutoffs-summation-mc.md,"Impose no cap on curves, cut-offs, report tiers or flags",P2,PRESENT-OK,UNADJUDICATED,UNDECIDED,UNCLASSIFIED,,SB-CUT-T36,MISSING-OR-UNCLASSIFIED,,,,UNVERIFIED,,LIVE-ADJUDICATION,
SB-CUT-028,14_cutoffs-summation-mc.md,"Emit `SWE` and `SWT`, never a bare `SW`",P1,PRESENT-OK,UNADJUDICATED,UNDECIDED,UNCLASSIFIED,,SB-CUT-T06,MISSING-OR-UNCLASSIFIED,,,,UNVERIFIED,,LIVE-ADJUDICATION,
SB-CUT-029,14_cutoffs-summation-mc.md,Carry null markers as typed sibling fields,P1,PRESENT-OK,UNADJUDICATED,UNDECIDED,UNCLASSIFIED,,SB-CUT-T37,MISSING-OR-UNCLASSIFIED,,,,UNVERIFIED,,LIVE-ADJUDICATION,
SB-CUT-030,14_cutoffs-summation-mc.md,"Separate the accumulate, flag-test and present stages of clamping",P1,PARTIAL,UNADJUDICATED,UNDECIDED,UNCLASSIFIED,,"`SB-CUT-T15`, `SB-CUT-T23`, `SB-CUT-T25`",MISSING-OR-UNCLASSIFIED,,,,UNVERIFIED,,LIVE-ADJUDICATION,
SB-CUT-031,14_cutoffs-summation-mc.md,"Make the shift-to-σ multiple explicit and mandatory, and set it to 2 for IP-sourced widths",P0,PRESENT-DIVERGENT,UNADJUDICATED,UNDECIDED,UNCLASSIFIED,,SB-CUT-T13,MISSING-OR-UNCLASSIFIED,,,,UNVERIFIED,,LIVE-ADJUDICATION,
SB-CUT-032,14_cutoffs-summation-mc.md,"Store the shift type with the width, and refuse to coerce a reciprocal shift",P1,ABSENT,UNADJUDICATED,UNDECIDED,UNCLASSIFIED,,"`SB-CUT-T20`, `SB-CUT-T30`",MISSING-OR-UNCLASSIFIED,,,,UNVERIFIED,,LIVE-ADJUDICATION,
SB-CUT-033,14_cutoffs-summation-mc.md,"Import measurement priors, not only parameter priors",P2,ABSENT,UNADJUDICATED,UNDECIDED,UNCLASSIFIED,,SB-CUT-T20,MISSING-OR-UNCLASSIFIED,,,,UNVERIFIED,,LIVE-ADJUDICATION,
SB-CUT-034,14_cutoffs-summation-mc.md,Make the seed mandatory and part of the result record,P1,PRESENT-OK,UNADJUDICATED,UNDECIDED,UNCLASSIFIED,,SB-CUT-T12,MISSING-OR-UNCLASSIFIED,,,,UNVERIFIED,,LIVE-ADJUDICATION,
SB-CUT-035,14_cutoffs-summation-mc.md,Provide log-domain distributions,P2,ABSENT,UNADJUDICATED,UNDECIDED,UNCLASSIFIED,,SB-CUT-T14,MISSING-OR-UNCLASSIFIED,,,,UNVERIFIED,,LIVE-ADJUDICATION,
SB-CUT-036,14_cutoffs-summation-mc.md,"Ship every prior as a (value, basis, sigma-multiple) triple with units",P1,PARTIAL,UNADJUDICATED,UNDECIDED,UNCLASSIFIED,,"`SB-CUT-T13`, `SB-CUT-T21`",MISSING-OR-UNCLASSIFIED,,,,UNVERIFIED,,LIVE-ADJUDICATION,
SB-CUT-037,14_cutoffs-summation-mc.md,Store the centring rule per prior,P2,ABSENT,UNADJUDICATED,UNDECIDED,UNCLASSIFIED,,SB-CUT-T28,MISSING-OR-UNCLASSIFIED,,,,UNVERIFIED,,LIVE-ADJUDICATION,
SB-CUT-038,14_cutoffs-summation-mc.md,Truncate Gaussian draws and report the resulting variance deficit,P2,ABSENT,UNADJUDICATED,UNDECIDED,UNCLASSIFIED,,SB-CUT-T14,MISSING-OR-UNCLASSIFIED,,,,UNVERIFIED,,LIVE-ADJUDICATION,
SB-CUT-039,14_cutoffs-summation-mc.md,Set the iteration default from a cited source and auto-stop on the reported percentile,P1,PRESENT-DIVERGENT,UNADJUDICATED,UNDECIDED,UNCLASSIFIED,,SB-CUT-T33,MISSING-OR-UNCLASSIFIED,,,,UNVERIFIED,,LIVE-ADJUDICATION,
SB-CUT-040,14_cutoffs-summation-mc.md,Draw one offset per section per iteration,P1,PRESENT-OK,UNADJUDICATED,UNDECIDED,UNCLASSIFIED,,SB-CUT-T27,MISSING-OR-UNCLASSIFIED,,,,UNVERIFIED,,LIVE-ADJUDICATION,
SB-CUT-041,14_cutoffs-summation-mc.md,Never clamp before accumulation,P0,PRESENT-DIVERGENT,UNADJUDICATED,UNDECIDED,UNCLASSIFIED,,"`SB-CUT-T15`, `SB-CUT-T23`, `SB-CUT-T25`",MISSING-OR-UNCLASSIFIED,,,,UNVERIFIED,,LIVE-ADJUDICATION,
SB-CUT-042,14_cutoffs-summation-mc.md,"Perturb cut-offs under Monte Carlo, per zone",P2,ABSENT,UNADJUDICATED,UNDECIDED,UNCLASSIFIED,,SB-CUT-T18,MISSING-OR-UNCLASSIFIED,,,,UNVERIFIED,,LIVE-ADJUDICATION,
SB-CUT-043,14_cutoffs-summation-mc.md,Compute derived ratios inside the iteration,P1,PRESENT-OK,UNADJUDICATED,UNDECIDED,UNCLASSIFIED,,SB-CUT-T19,MISSING-OR-UNCLASSIFIED,,,,UNVERIFIED,,LIVE-ADJUDICATION,
SB-CUT-044,14_cutoffs-summation-mc.md,Store per-iteration joint records and report iteration-consistent percentile cases,P2,ABSENT,UNADJUDICATED,UNDECIDED,UNCLASSIFIED,,SB-CUT-T16,MISSING-OR-UNCLASSIFIED,,,,UNVERIFIED,,LIVE-ADJUDICATION,
SB-CUT-045,14_cutoffs-summation-mc.md,Withhold a statistic whose preconditions fail,P1,PARTIAL,UNADJUDICATED,UNDECIDED,UNCLASSIFIED,,SB-CUT-T29,MISSING-OR-UNCLASSIFIED,,,,UNVERIFIED,,LIVE-ADJUDICATION,
SB-CUT-046,14_cutoffs-summation-mc.md,Name the percentile interpolation method on the output record,P1,PARTIAL,UNADJUDICATED,UNDECIDED,UNCLASSIFIED,,SB-CUT-T16,MISSING-OR-UNCLASSIFIED,,,,UNVERIFIED,,LIVE-ADJUDICATION,
SB-CUT-047,14_cutoffs-summation-mc.md,Report percentile cases as reserves categories with their actual probabilities,P2,ABSENT,UNADJUDICATED,UNDECIDED,UNCLASSIFIED,,SB-CUT-T16,MISSING-OR-UNCLASSIFIED,,,,UNVERIFIED,,LIVE-ADJUDICATION,
SB-CUT-048,14_cutoffs-summation-mc.md,"Merge cases, not statistics, when rolling percentiles up across zones",P3,ABSENT,UNADJUDICATED,UNDECIDED,UNCLASSIFIED,,SB-CUT-T16,MISSING-OR-UNCLASSIFIED,,,,UNVERIFIED,,LIVE-ADJUDICATION,
SB-CUT-049,14_cutoffs-summation-mc.md,Report the realised correlation alongside the requested one,P1,PARTIAL,UNADJUDICATED,UNDECIDED,UNCLASSIFIED,,SB-CUT-T18,MISSING-OR-UNCLASSIFIED,,,,UNVERIFIED,,LIVE-ADJUDICATION,
SB-CUT-050,14_cutoffs-summation-mc.md,Re-derive data-picked parameters each iteration rather than correlating them,P3,ABSENT,UNADJUDICATED,UNDECIDED,UNCLASSIFIED,,SB-CUT-T18,MISSING-OR-UNCLASSIFIED,,,,UNVERIFIED,,LIVE-ADJUDICATION,
SB-CUT-051,14_cutoffs-summation-mc.md,Emit tornado bars in absolute output units,P2,PARTIAL,UNADJUDICATED,UNDECIDED,UNCLASSIFIED,,SB-CUT-T34,MISSING-OR-UNCLASSIFIED,,,,UNVERIFIED,,LIVE-ADJUDICATION,
SB-CUT-052,14_cutoffs-summation-mc.md,Ship perturbation off,P1,PRESENT-DIVERGENT,UNADJUDICATED,UNDECIDED,UNCLASSIFIED,,"`SB-CUT-T15`, `SB-CUT-T23`",MISSING-OR-UNCLASSIFIED,,,,UNVERIFIED,,LIVE-ADJUDICATION,
SB-CUT-053,14_cutoffs-summation-mc.md,"Report physically impossible realizations, never exclude them",P1,PRESENT-OK,UNADJUDICATED,UNDECIDED,UNCLASSIFIED,,SB-CUT-T25,MISSING-OR-UNCLASSIFIED,,,,UNVERIFIED,,LIVE-ADJUDICATION,
SB-CUT-054,14_cutoffs-summation-mc.md,Fail a Monte Carlo study whose chain step failed on every realization,P0,PRESENT-OK,UNADJUDICATED,UNDECIDED,UNCLASSIFIED,,SB-CUT-T37c,MISSING-OR-UNCLASSIFIED,,,,UNVERIFIED,,LIVE-ADJUDICATION,
SB-CUT-055,14_cutoffs-summation-mc.md,Never report an uninterpreted well as a zero result,P0,PRESENT-OK,UNADJUDICATED,UNDECIDED,UNCLASSIFIED,,SB-CUT-T37,MISSING-OR-UNCLASSIFIED,,,,UNVERIFIED,,LIVE-ADJUDICATION,
SB-CUT-056,14_cutoffs-summation-mc.md,Never omit a report section because its computation failed,P0,PRESENT-OK,UNADJUDICATED,UNDECIDED,UNCLASSIFIED,,SB-CUT-T37b,MISSING-OR-UNCLASSIFIED,,,,UNVERIFIED,,LIVE-ADJUDICATION,
SB-CUT-057,14_cutoffs-summation-mc.md,Cross the IPC boundary in snake_case with unknown fields rejected,P0,PRESENT-OK,UNADJUDICATED,UNDECIDED,UNCLASSIFIED,,SB-CUT-T38,MISSING-OR-UNCLASSIFIED,,,,UNVERIFIED,,LIVE-ADJUDICATION,
SB-CUT-058,14_cutoffs-summation-mc.md,Sweep more than one cut-off at a time,P2,PARTIAL,UNADJUDICATED,UNDECIDED,UNCLASSIFIED,,SB-CUT-T32,MISSING-OR-UNCLASSIFIED,,,,UNVERIFIED,,LIVE-ADJUDICATION,
SB-CUT-059,14_cutoffs-summation-mc.md,Solve backwards from a target,P3,ABSENT,UNADJUDICATED,UNDECIDED,UNCLASSIFIED,,SB-CUT-T32,MISSING-OR-UNCLASSIFIED,,,,UNVERIFIED,,LIVE-ADJUDICATION,
SB-CUT-060,14_cutoffs-summation-mc.md,"Address imported parameters by block, ordinal and semantic key",P2,ABSENT,UNADJUDICATED,UNDECIDED,UNCLASSIFIED,,"`SB-CUT-T17`, `SB-CUT-T21`",MISSING-OR-UNCLASSIFIED,,,,UNVERIFIED,,LIVE-ADJUDICATION,
SB-CUT-061,14_cutoffs-summation-mc.md,Validate display precision against field width,P3,ABSENT,UNADJUDICATED,UNDECIDED,UNCLASSIFIED,,SB-CUT-T39,MISSING-OR-UNCLASSIFIED,,,,UNVERIFIED,,LIVE-ADJUDICATION,
SB-DBM-001,22_database-model.md,"One run record per computed curve, resolvable in one hop",P0,PARTIAL,UNADJUDICATED,UNDECIDED,UNCLASSIFIED,,"`SB-DBM-T03`, `SB-DBM-T10`",MISSING-OR-UNCLASSIFIED,,,,UNVERIFIED,,LIVE-ADJUDICATION,
SB-DBM-002,22_database-model.md,"The run record pins module identity by version, not by name",P0,ABSENT,UNADJUDICATED,UNDECIDED,UNCLASSIFIED,,"`SB-DBM-T04`, `SB-DBM-T15`",MISSING-OR-UNCLASSIFIED,,,,UNVERIFIED,,LIVE-ADJUDICATION,
SB-DBM-003,22_database-model.md,Every petrophysical parameter in a run record carries a source string,P0,ABSENT,UNADJUDICATED,UNDECIDED,UNCLASSIFIED,,"`SB-DBM-T05`, `SB-DBM-T09`, `SB-DBM-T30`",MISSING-OR-UNCLASSIFIED,,,,UNVERIFIED,,LIVE-ADJUDICATION,
SB-DBM-004,22_database-model.md,"The run record stores the effective parameter set, not only the overrides",P0,PARTIAL,UNADJUDICATED,UNDECIDED,UNCLASSIFIED,,"`SB-DBM-T06`, `SB-DBM-T15`",MISSING-OR-UNCLASSIFIED,,,,UNVERIFIED,,LIVE-ADJUDICATION,
SB-DBM-005,22_database-model.md,"The run record carries a method-derivation citation, not only parameter values",P0,ABSENT,UNADJUDICATED,UNDECIDED,UNCLASSIFIED,,"`SB-DBM-T07`, `SB-DBM-T10`",MISSING-OR-UNCLASSIFIED,,,,UNVERIFIED,,LIVE-ADJUDICATION,
SB-DBM-006,22_database-model.md,"Inputs are recorded as resolved identities, with the rule that chose them and the candidates it rejected",P0,PARTIAL,UNADJUDICATED,UNDECIDED,UNCLASSIFIED,,SB-DBM-T08,MISSING-OR-UNCLASSIFIED,,,,UNVERIFIED,,LIVE-ADJUDICATION,
SB-DBM-007,22_database-model.md,"A missing provenance element is a named state, never an empty string",P1,PRESENT-DIVERGENT,UNADJUDICATED,UNDECIDED,UNCLASSIFIED,,SB-DBM-T09,MISSING-OR-UNCLASSIFIED,,,,UNVERIFIED,,LIVE-ADJUDICATION,
SB-DBM-008,22_database-model.md,The run record names the operator and the zone set in force,P2,ABSENT,UNADJUDICATED,UNDECIDED,UNCLASSIFIED,,SB-DBM-T11,MISSING-OR-UNCLASSIFIED,,,,UNVERIFIED,,LIVE-ADJUDICATION,
SB-DBM-009,22_database-model.md,Provenance timestamps are stored UTC and displayed local,P2,PRESENT-DIVERGENT,UNADJUDICATED,UNDECIDED,UNCLASSIFIED,,SB-DBM-T11,MISSING-OR-UNCLASSIFIED,,,,UNVERIFIED,,LIVE-ADJUDICATION,
SB-DBM-010,22_database-model.md,Provenance travels into the deliverable,P0,ABSENT,UNADJUDICATED,UNDECIDED,UNCLASSIFIED,,SB-DBM-T10,MISSING-OR-UNCLASSIFIED,,,,UNVERIFIED,,LIVE-ADJUDICATION,
SB-DBM-011,22_database-model.md,"Structured audit entries, as name-value pairs with a controlled vocabulary",P1,PARTIAL,UNADJUDICATED,UNDECIDED,UNCLASSIFIED,,"`SB-DBM-T11`, `SB-DBM-T12`",MISSING-OR-UNCLASSIFIED,,,,UNVERIFIED,,LIVE-ADJUDICATION,
SB-DBM-012,22_database-model.md,"A parameter-state diff is a database join, not an external differ",P2,ABSENT,UNADJUDICATED,UNDECIDED,UNCLASSIFIED,,SB-DBM-T12,MISSING-OR-UNCLASSIFIED,,,,UNVERIFIED,,LIVE-ADJUDICATION,
SB-DBM-013,22_database-model.md,"No configuration, deployment mode or preference may disable the provenance record",P1,PRESENT-OK,UNADJUDICATED,UNDECIDED,UNCLASSIFIED,,SB-DBM-T13,MISSING-OR-UNCLASSIFIED,,,,UNVERIFIED,,LIVE-ADJUDICATION,
SB-DBM-014,22_database-model.md,Every stochastic operation records its seed and its seeding rule,P0,PARTIAL,UNADJUDICATED,UNDECIDED,UNCLASSIFIED,,"`SB-DBM-T14`, `SB-DBM-T15`",MISSING-OR-UNCLASSIFIED,,,,UNVERIFIED,,LIVE-ADJUDICATION,
SB-DBM-015,22_database-model.md,"The re-run manifest is enumerated, stored, and checkable",P0,ABSENT,UNADJUDICATED,UNDECIDED,UNCLASSIFIED,,"`SB-DBM-T15`, `SB-DBM-T16`",MISSING-OR-UNCLASSIFIED,,,,UNVERIFIED,,LIVE-ADJUDICATION,
SB-DBM-016,22_database-model.md,Re-run output does not depend on iteration order,P1,PRESENT-UNVERIFIED,UNADJUDICATED,UNDECIDED,UNCLASSIFIED,,SB-DBM-T16,MISSING-OR-UNCLASSIFIED,,,,UNVERIFIED,,LIVE-ADJUDICATION,
SB-DBM-017,22_database-model.md,A metadata attribute that drives physics is an input of the module that consumes it,P1,ABSENT,UNADJUDICATED,UNDECIDED,UNCLASSIFIED,,SB-DBM-T17,MISSING-OR-UNCLASSIFIED,,,,UNVERIFIED,,LIVE-ADJUDICATION,
SB-DBM-018,22_database-model.md,"Training-set identity is recorded as ids and intervals, not as names",P0,PARTIAL,UNADJUDICATED,UNDECIDED,UNCLASSIFIED,,"`SB-DBM-T18`, `SB-DBM-T20`",MISSING-OR-UNCLASSIFIED,,,,UNVERIFIED,,LIVE-ADJUDICATION,
SB-DBM-019,22_database-model.md,"A stored model carries its seed, its full library set and an artifact hash",P0,PARTIAL,UNADJUDICATED,UNDECIDED,UNCLASSIFIED,,"`SB-DBM-T19`, `SB-DBM-T21`",MISSING-OR-UNCLASSIFIED,,,,UNVERIFIED,,LIVE-ADJUDICATION,
SB-DBM-020,22_database-model.md,Both apply paths stamp the model identity into the produced curve's provenance,P0,PARTIAL,UNADJUDICATED,UNDECIDED,UNCLASSIFIED,,SB-DBM-T20,MISSING-OR-UNCLASSIFIED,,,,UNVERIFIED,,LIVE-ADJUDICATION,
SB-DBM-021,22_database-model.md,Model artifacts are native-only; a foreign artifact is refused at the store boundary,P0,ABSENT,UNADJUDICATED,UNDECIDED,UNCLASSIFIED,,SB-DBM-T21,MISSING-OR-UNCLASSIFIED,,,,UNVERIFIED,,LIVE-ADJUDICATION,
SB-DBM-022,22_database-model.md,"The feature-vector order contract is verified at apply time, not assumed",P1,PRESENT-UNVERIFIED,UNADJUDICATED,UNDECIDED,UNCLASSIFIED,,SB-DBM-T22,MISSING-OR-UNCLASSIFIED,,,,UNVERIFIED,,LIVE-ADJUDICATION,
SB-DBM-023,22_database-model.md,"Schema-level vocabularies live in one registry, and every consumer resolves through it",P1,PRESENT-DIVERGENT,UNADJUDICATED,UNDECIDED,UNCLASSIFIED,,SB-DBM-T23,MISSING-OR-UNCLASSIFIED,,,,UNVERIFIED,,LIVE-ADJUDICATION,
SB-DBM-024,22_database-model.md,"Every capacity limit is unit-typed, carries a source string, and is the source of its own documentation",P2,ABSENT,UNADJUDICATED,UNDECIDED,UNCLASSIFIED,,SB-DBM-T24,MISSING-OR-UNCLASSIFIED,,,,UNVERIFIED,,LIVE-ADJUDICATION,
SB-DBM-025,22_database-model.md,A constant that crosses a module boundary is registered with its source,P2,ABSENT,UNADJUDICATED,UNDECIDED,UNCLASSIFIED,,"`SB-DBM-T23`, `SB-DBM-T24`",MISSING-OR-UNCLASSIFIED,,,,UNVERIFIED,,LIVE-ADJUDICATION,
SB-DBM-026,22_database-model.md,"Two samples may not share a depth in one curve, and the resolution is declared",P1,PRESENT-DIVERGENT,UNADJUDICATED,UNDECIDED,UNCLASSIFIED,,"`SB-DBM-T25`, `SB-DBM-T26`",MISSING-OR-UNCLASSIFIED,,,,UNVERIFIED,,LIVE-ADJUDICATION,
SB-DBM-027,22_database-model.md,"A referential-integrity checker exists, reports every dangling class by name and count, and never reports ""clean"" without checking",P1,ABSENT,UNADJUDICATED,UNDECIDED,UNCLASSIFIED,,SB-DBM-T26,MISSING-OR-UNCLASSIFIED,,,,UNVERIFIED,,LIVE-ADJUDICATION,
SB-DBM-028,22_database-model.md,"A declared sampling style is verified against the reference column on ingest, and the verdict is stored",P0,ABSENT,UNADJUDICATED,UNDECIDED,UNCLASSIFIED,,SB-DBM-T27,MISSING-OR-UNCLASSIFIED,,,,UNVERIFIED,,LIVE-ADJUDICATION,
SB-DBM-029,22_database-model.md,A module never writes to the reference column of a frame it reads,P1,PRESENT-UNVERIFIED,UNADJUDICATED,UNDECIDED,UNCLASSIFIED,,SB-DBM-T28,MISSING-OR-UNCLASSIFIED,,,,UNVERIFIED,,LIVE-ADJUDICATION,
SB-DBM-030,22_database-model.md,"Null discipline: a threshold, not an equality; and ""no value"" is not ""no parameter""",P0,ABSENT,UNADJUDICATED,UNDECIDED,UNCLASSIFIED,,"`SB-DBM-T29`, `SB-DBM-T30`",MISSING-OR-UNCLASSIFIED,,,,UNVERIFIED,,LIVE-ADJUDICATION,
SB-DBM-031,22_database-model.md,"Every depth quantity declares its datum, and cross-datum comparison is refused",P1,ABSENT,UNADJUDICATED,UNDECIDED,UNCLASSIFIED,,SB-DBM-T31,MISSING-OR-UNCLASSIFIED,,,,UNVERIFIED,,LIVE-ADJUDICATION,
SB-DBM-032,22_database-model.md,"A stored parameter carries a dual handle, and a disagreement is a load failure",P1,ABSENT,UNADJUDICATED,UNDECIDED,UNCLASSIFIED,,SB-DBM-T32,MISSING-OR-UNCLASSIFIED,,,,UNVERIFIED,,LIVE-ADJUDICATION,
SB-DBM-033,22_database-model.md,A categorical curve is a distinct type and is never linearly interpolated,P2,ABSENT,UNADJUDICATED,UNDECIDED,UNCLASSIFIED,,SB-DBM-T33,MISSING-OR-UNCLASSIFIED,,,,UNVERIFIED,,LIVE-ADJUDICATION,
SB-DBM-034,22_database-model.md,"Every bulk operation returns `{matched, unmatched, ambiguous}` and drops nothing silently",P1,ABSENT,UNADJUDICATED,UNDECIDED,UNCLASSIFIED,,SB-DBM-T34,MISSING-OR-UNCLASSIFIED,,,,UNVERIFIED,,LIVE-ADJUDICATION,
SB-DBM-035,22_database-model.md,"The archive is append-only, and restoring a prior version is a first-class operation",P1,PARTIAL,UNADJUDICATED,UNDECIDED,UNCLASSIFIED,,SB-DBM-T35,MISSING-OR-UNCLASSIFIED,,,,UNVERIFIED,,LIVE-ADJUDICATION,
SB-DBM-036,22_database-model.md,No operation whose duration scales with well count holds the global lock,P1,PRESENT-DIVERGENT,UNADJUDICATED,UNDECIDED,UNCLASSIFIED,,"`SB-DBM-T36`, `SB-DBM-T38`",MISSING-OR-UNCLASSIFIED,,,,UNVERIFIED,,LIVE-ADJUDICATION,
SB-DBM-037,22_database-model.md,"Well scoping is enforced in the backend, not in the client",P1,PARTIAL,UNADJUDICATED,UNDECIDED,UNCLASSIFIED,,SB-DBM-T37,MISSING-OR-UNCLASSIFIED,,,,UNVERIFIED,,LIVE-ADJUDICATION,
SB-DBM-038,22_database-model.md,The interactive set is the only thing materialised,P2,ABSENT,UNADJUDICATED,UNDECIDED,UNCLASSIFIED,,SB-DBM-T38,MISSING-OR-UNCLASSIFIED,,,,UNVERIFIED,,LIVE-ADJUDICATION,
SB-DBM-039,22_database-model.md,"A job result distinguishes clean, degraded and failed, and the store records which",P0,PARTIAL,UNADJUDICATED,UNDECIDED,UNCLASSIFIED,,"`SB-DBM-T39`, `SB-DBM-T41`",MISSING-OR-UNCLASSIFIED,,,,UNVERIFIED,,LIVE-ADJUDICATION,
SB-DBM-040,22_database-model.md,Cancellation honesty is regression-locked,P1,PRESENT-OK,UNADJUDICATED,UNDECIDED,UNCLASSIFIED,,SB-DBM-T40,MISSING-OR-UNCLASSIFIED,,,,UNVERIFIED,,LIVE-ADJUDICATION,
SB-DBM-041,22_database-model.md,A count presented as a total is a total; the inspector exposes the provenance tables,P1,PRESENT-DIVERGENT,UNADJUDICATED,UNDECIDED,UNCLASSIFIED,,"`SB-DBM-T41`, `SB-DBM-T42`",MISSING-OR-UNCLASSIFIED,,,,UNVERIFIED,,LIVE-ADJUDICATION,
SB-DBM-042,22_database-model.md,"The format-version gate and the pre-migration backup are contractual, and the backup names the format it can restore",P0,PRESENT-OK,UNADJUDICATED,UNDECIDED,UNCLASSIFIED,,"`SB-DBM-T01`, `SB-DBM-T02`, `SB-DBM-T43`",MISSING-OR-UNCLASSIFIED,,,,UNVERIFIED,,LIVE-ADJUDICATION,
SB-DBM-043,22_database-model.md,"A deterministic parameter sweep records every trial, uncapped and ordered",P2,ABSENT,UNADJUDICATED,UNDECIDED,UNCLASSIFIED,,SB-DBM-T44,MISSING-OR-UNCLASSIFIED,,,,UNVERIFIED,,LIVE-ADJUDICATION,
SB-DIO-001,21_data-io.md,A single declared sentinel MUST reach every writer.,P1,PARTIAL,UNADJUDICATED,UNDECIDED,UNCLASSIFIED,,"`SB-DIO-T01`, `SB-DIO-T02`",MISSING-OR-UNCLASSIFIED,,,,UNVERIFIED,,LIVE-ADJUDICATION,
SB-DIO-002,21_data-io.md,The default export path MUST NOT be the one that bypasses the sentinel.,P1,PRESENT-UNVERIFIED,UNADJUDICATED,UNDECIDED,UNCLASSIFIED,,SB-DIO-T03,MISSING-OR-UNCLASSIFIED,,,,UNVERIFIED,,LIVE-ADJUDICATION,
SB-DIO-003,21_data-io.md,"""This channel has no null"" MUST be a first-class state.",P2,ABSENT,UNADJUDICATED,UNDECIDED,UNCLASSIFIED,,"`SB-DIO-T04`, `SB-DIO-T05`",MISSING-OR-UNCLASSIFIED,,,,UNVERIFIED,,LIVE-ADJUDICATION,
SB-DIO-004,21_data-io.md,"Null recognition MUST be one relative-tolerance transform, and recognition MUST NOT rewrite.",P0,PRESENT-DIVERGENT,UNADJUDICATED,UNDECIDED,UNCLASSIFIED,,"`SB-DIO-T06`, `SB-DIO-T07`, `SB-DIO-T08`",MISSING-OR-UNCLASSIFIED,,,,UNVERIFIED,,LIVE-ADJUDICATION,
SB-DIO-005,21_data-io.md,Null values MUST be per-channel and plural.,P1,ABSENT,UNADJUDICATED,UNDECIDED,UNCLASSIFIED,,SB-DIO-T09,MISSING-OR-UNCLASSIFIED,,,,UNVERIFIED,,LIVE-ADJUDICATION,
SB-DIO-006,21_data-io.md,The null-exception rule shape MUST be many-to-many.,P1,ABSENT,UNADJUDICATED,UNDECIDED,UNCLASSIFIED,,SB-DIO-T10,MISSING-OR-UNCLASSIFIED,,,,UNVERIFIED,,LIVE-ADJUDICATION,
SB-DIO-007,21_data-io.md,Absent MUST be distinguishable from nulled.,P2,ABSENT,UNADJUDICATED,UNDECIDED,UNCLASSIFIED,,SB-DIO-T11,MISSING-OR-UNCLASSIFIED,,,,UNVERIFIED,,LIVE-ADJUDICATION,
SB-DIO-008,21_data-io.md,Coverage-aware alias resolution MUST be preserved.,P1,PRESENT-OK,UNADJUDICATED,UNDECIDED,UNCLASSIFIED,,"`SB-DIO-T12`, `SB-DIO-T13`",MISSING-OR-UNCLASSIFIED,,,,UNVERIFIED,,LIVE-ADJUDICATION,
SB-DIO-009,21_data-io.md,The alias choice MUST be reported.,P1,ABSENT,UNADJUDICATED,UNDECIDED,UNCLASSIFIED,,SB-DIO-T14,MISSING-OR-UNCLASSIFIED,,,,UNVERIFIED,,LIVE-ADJUDICATION,
SB-DIO-010,21_data-io.md,Prefer a structural index declaration; fall back to names; record which mechanism fired.,P1,PARTIAL,UNADJUDICATED,UNDECIDED,UNCLASSIFIED,,"`SB-DIO-T15`, `SB-DIO-T16`",MISSING-OR-UNCLASSIFIED,,,,UNVERIFIED,,LIVE-ADJUDICATION,
SB-DIO-011,21_data-io.md,Index aliases MUST be namespace-aware and MUST have one definition per path.,P1,PRESENT-DIVERGENT,UNADJUDICATED,UNDECIDED,UNCLASSIFIED,,SB-DIO-T17,MISSING-OR-UNCLASSIFIED,,,,UNVERIFIED,,LIVE-ADJUDICATION,
SB-DIO-012,21_data-io.md,"A non-monotonic index MUST be detected and reported, never silently accepted.",P1,PARTIAL,UNADJUDICATED,UNDECIDED,UNCLASSIFIED,,SB-DIO-T18,MISSING-OR-UNCLASSIFIED,,,,UNVERIFIED,,LIVE-ADJUDICATION,
SB-DIO-013,21_data-io.md,"When neither structure nor name resolves an index, the user MUST designate it.",P1,PARTIAL,UNADJUDICATED,UNDECIDED,UNCLASSIFIED,,SB-DIO-T19,MISSING-OR-UNCLASSIFIED,,,,UNVERIFIED,,LIVE-ADJUDICATION,
SB-DIO-014,21_data-io.md,TVD MUST NOT be read as an MD index.,P1,PRESENT-DIVERGENT,UNADJUDICATED,UNDECIDED,UNCLASSIFIED,,"`SB-DIO-T20`, `SB-DIO-T21`",MISSING-OR-UNCLASSIFIED,,,,UNVERIFIED,,LIVE-ADJUDICATION,
SB-DIO-015,21_data-io.md,An index with no declared unit anywhere MUST refuse.,P0,PARTIAL,UNADJUDICATED,UNDECIDED,UNCLASSIFIED,,"`SB-DIO-T22`, `SB-DIO-T23`, `SB-DIO-T24`",MISSING-OR-UNCLASSIFIED,,,,UNVERIFIED,,LIVE-ADJUDICATION,
SB-DIO-016,21_data-io.md,The DLIS index unit MUST be read and reconciled.,P0,ABSENT,UNADJUDICATED,UNDECIDED,UNCLASSIFIED,,"`SB-DIO-T25`, `SB-DIO-T26`",MISSING-OR-UNCLASSIFIED,,,,UNVERIFIED,,LIVE-ADJUDICATION,
SB-DIO-017,21_data-io.md,The LAS writer MUST write the depth unit it actually used.,P0,PRESENT-DIVERGENT,UNADJUDICATED,UNDECIDED,UNCLASSIFIED,,"`SB-DIO-T27`, `SB-DIO-T28`",MISSING-OR-UNCLASSIFIED,,,,UNVERIFIED,,LIVE-ADJUDICATION,
SB-DIO-018,21_data-io.md,Canonical units MUST have exactly one definition.,P1,PRESENT-DIVERGENT,UNADJUDICATED,UNDECIDED,UNCLASSIFIED,,"`SB-DIO-T29`, `SB-DIO-T30`",MISSING-OR-UNCLASSIFIED,,,,UNVERIFIED,,LIVE-ADJUDICATION,
SB-DIO-019,21_data-io.md,Changing the project depth unit MUST NOT silently rescale stored data.,P1,PRESENT-UNVERIFIED,UNADJUDICATED,UNDECIDED,UNCLASSIFIED,,SB-DIO-T31,MISSING-OR-UNCLASSIFIED,,,,UNVERIFIED,,LIVE-ADJUDICATION,
SB-DIO-020,21_data-io.md,"Duplicate depths MUST be resolved by a declared policy, and the count reported.",P1,PARTIAL,UNADJUDICATED,UNDECIDED,UNCLASSIFIED,,"`SB-DIO-T32`, `SB-DIO-T33`",MISSING-OR-UNCLASSIFIED,,,,UNVERIFIED,,LIVE-ADJUDICATION,
SB-DIO-021,21_data-io.md,"Resampling on read MUST be explicit, named, and off by default.",P2,PRESENT-OK,UNADJUDICATED,UNDECIDED,UNCLASSIFIED,,SB-DIO-T34,MISSING-OR-UNCLASSIFIED,,,,UNVERIFIED,,LIVE-ADJUDICATION,
SB-DIO-022,21_data-io.md,Re-grid on write MUST be named correctly and default OFF.,P1,ABSENT,UNADJUDICATED,UNDECIDED,UNCLASSIFIED,,SB-DIO-T35,MISSING-OR-UNCLASSIFIED,,,,UNVERIFIED,,LIVE-ADJUDICATION,
SB-DIO-023,21_data-io.md,"Numeric columns MUST be validated against physical bounds, not against their labels.",P0,ABSENT,UNADJUDICATED,UNDECIDED,UNCLASSIFIED,,"`SB-DIO-T36`, `SB-DIO-T37`, `SB-DIO-T38`",MISSING-OR-UNCLASSIFIED,,,,UNVERIFIED,,LIVE-ADJUDICATION,
SB-DIO-024,21_data-io.md,Unit conversion MUST NOT be applied silently by default.,P1,PARTIAL,UNADJUDICATED,UNDECIDED,UNCLASSIFIED,,SB-DIO-T39,MISSING-OR-UNCLASSIFIED,,,,UNVERIFIED,,LIVE-ADJUDICATION,
SB-DIO-025,21_data-io.md,"Conversion coverage MUST be declared, and an unconvertible unit MUST be reported rather than passed through.",P1,PARTIAL,UNADJUDICATED,UNDECIDED,UNCLASSIFIED,,"`SB-DIO-T40`, `SB-DIO-T41`",MISSING-OR-UNCLASSIFIED,,,,UNVERIFIED,,LIVE-ADJUDICATION,
SB-DIO-026,21_data-io.md,Unit conversion MUST support affine transforms.,P1,ABSENT,UNADJUDICATED,UNDECIDED,UNCLASSIFIED,,SB-DIO-T42,MISSING-OR-UNCLASSIFIED,,,,UNVERIFIED,,LIVE-ADJUDICATION,
SB-DIO-027,21_data-io.md,A vendor alias that is wrong or ambiguous MUST NOT be inherited.,P1,ABSENT,UNADJUDICATED,UNDECIDED,UNCLASSIFIED,,SB-DIO-T43,MISSING-OR-UNCLASSIFIED,,,,UNVERIFIED,,LIVE-ADJUDICATION,
SB-DIO-028,21_data-io.md,A conversion factor MUST be correct and MUST show its derivation.,P1,ABSENT,UNADJUDICATED,UNDECIDED,UNCLASSIFIED,,SB-DIO-T44,MISSING-OR-UNCLASSIFIED,,,,UNVERIFIED,,LIVE-ADJUDICATION,
SB-DIO-029,21_data-io.md,An unadjudicable unit ambiguity MUST ship with no default.,P1,ABSENT,UNADJUDICATED,UNDECIDED,UNCLASSIFIED,,SB-DIO-T45,MISSING-OR-UNCLASSIFIED,,,,UNVERIFIED,,LIVE-ADJUDICATION,
SB-DIO-030,21_data-io.md,An alias rename MUST be reported.,P1,ABSENT,UNADJUDICATED,UNDECIDED,UNCLASSIFIED,,SB-DIO-T46,MISSING-OR-UNCLASSIFIED,,,,UNVERIFIED,,LIVE-ADJUDICATION,
SB-DIO-031,21_data-io.md,A different curve's data MUST NOT be supplied under a requested name.,P0,ABSENT,UNADJUDICATED,UNDECIDED,UNCLASSIFIED,,SB-DIO-T47,MISSING-OR-UNCLASSIFIED,,,,UNVERIFIED,,LIVE-ADJUDICATION,
SB-DIO-032,21_data-io.md,A substitution offered to the user MUST be explicit and recorded.,P1,ABSENT,UNADJUDICATED,UNDECIDED,UNCLASSIFIED,,SB-DIO-T48,MISSING-OR-UNCLASSIFIED,,,,UNVERIFIED,,LIVE-ADJUDICATION,
SB-DIO-033,21_data-io.md,Curve-selection state MUST be explicit and inspectable.,P1,ABSENT,UNADJUDICATED,UNDECIDED,UNCLASSIFIED,,SB-DIO-T49,MISSING-OR-UNCLASSIFIED,,,,UNVERIFIED,,LIVE-ADJUDICATION,
SB-DIO-034,21_data-io.md,Curves MUST NOT be auto-selected by curve type on read.,P1,ABSENT,UNADJUDICATED,UNDECIDED,UNCLASSIFIED,,SB-DIO-T50,MISSING-OR-UNCLASSIFIED,,,,UNVERIFIED,,LIVE-ADJUDICATION,
SB-DIO-035,21_data-io.md,An import MUST NOT extend an existing object's declared interval.,P1,ABSENT,UNADJUDICATED,UNDECIDED,UNCLASSIFIED,,SB-DIO-T51,MISSING-OR-UNCLASSIFIED,,,,UNVERIFIED,,LIVE-ADJUDICATION,
SB-DIO-036,21_data-io.md,The duplicate-name policy MUST NOT default to merge.,P1,ABSENT,UNADJUDICATED,UNDECIDED,UNCLASSIFIED,,SB-DIO-T52,MISSING-OR-UNCLASSIFIED,,,,UNVERIFIED,,LIVE-ADJUDICATION,
SB-DIO-037,21_data-io.md,"Channels that could not be loaded MUST be named, and a partial load MUST NOT be reported as success.",P1,PRESENT-DIVERGENT,UNADJUDICATED,UNDECIDED,UNCLASSIFIED,,SB-DIO-T53,MISSING-OR-UNCLASSIFIED,,,,UNVERIFIED,,LIVE-ADJUDICATION,
SB-DIO-038,21_data-io.md,Multi-dimensional channels MUST be imported through the published RP66 container.,P2,ABSENT,UNADJUDICATED,UNDECIDED,UNCLASSIFIED,,"`SB-DIO-T54`, `SB-DIO-T55`",MISSING-OR-UNCLASSIFIED,,,,UNVERIFIED,,LIVE-ADJUDICATION,
SB-DIO-039,21_data-io.md,The DLIS sentinel screen MUST be per-channel overridable and MUST count what it deleted.,P1,PRESENT-DIVERGENT,UNADJUDICATED,UNDECIDED,UNCLASSIFIED,,"`SB-DIO-T56`, `SB-DIO-T57`",MISSING-OR-UNCLASSIFIED,,,,UNVERIFIED,,LIVE-ADJUDICATION,
SB-DIO-040,21_data-io.md,Wrapped LAS MUST be read; the writer MUST emit unwrapped.,P2,PRESENT-OK,UNADJUDICATED,UNDECIDED,UNCLASSIFIED,,SB-DIO-T58,MISSING-OR-UNCLASSIFIED,,,,UNVERIFIED,,LIVE-ADJUDICATION,
SB-DIO-041,21_data-io.md,"A LAS 3.0 file MUST be recognised, and what is not read MUST be named.",P1,ABSENT,UNADJUDICATED,UNDECIDED,UNCLASSIFIED,,SB-DIO-T59,MISSING-OR-UNCLASSIFIED,,,,UNVERIFIED,,LIVE-ADJUDICATION,
SB-DIO-042,21_data-io.md,LAS 3.0 associated sections MUST be read.,P3,ABSENT,UNADJUDICATED,UNDECIDED,UNCLASSIFIED,,SB-DIO-T60,MISSING-OR-UNCLASSIFIED,,,,UNVERIFIED,,LIVE-ADJUDICATION,
SB-DIO-043,21_data-io.md,LAS 1.2 MUST be readable and MUST NOT be writable.,P2,ABSENT,UNADJUDICATED,UNDECIDED,UNCLASSIFIED,,SB-DIO-T61,MISSING-OR-UNCLASSIFIED,,,,UNVERIFIED,,LIVE-ADJUDICATION,
SB-DIO-044,21_data-io.md,Section-parse strictness MUST be declared and consistent.,P2,PARTIAL,UNADJUDICATED,UNDECIDED,UNCLASSIFIED,,SB-DIO-T62,MISSING-OR-UNCLASSIFIED,,,,UNVERIFIED,,LIVE-ADJUDICATION,
SB-DIO-045,21_data-io.md,"A multi-well container MUST produce multiple wells, never one merged well.",P1,ABSENT,UNADJUDICATED,UNDECIDED,UNCLASSIFIED,,"`SB-DIO-T63`, `SB-DIO-T64`",MISSING-OR-UNCLASSIFIED,,,,UNVERIFIED,,LIVE-ADJUDICATION,
SB-DIO-046,21_data-io.md,"A missing interpreter or library MUST produce a named, actionable, per-format refusal.",P1,PRESENT-OK,UNADJUDICATED,UNDECIDED,UNCLASSIFIED,,SB-DIO-T65,MISSING-OR-UNCLASSIFIED,,,,UNVERIFIED,,LIVE-ADJUDICATION,
SB-DIO-047,21_data-io.md,Storage precision MUST be declared and MUST NOT silently truncate.,P1,PRESENT-DIVERGENT,UNADJUDICATED,UNDECIDED,UNCLASSIFIED,,SB-DIO-T66,MISSING-OR-UNCLASSIFIED,,,,UNVERIFIED,,LIVE-ADJUDICATION,
SB-DIO-048,21_data-io.md,"Well identity in a container MUST come from the container, never from the filename.",P2,PARTIAL,UNADJUDICATED,UNDECIDED,UNCLASSIFIED,,SB-DIO-T67,MISSING-OR-UNCLASSIFIED,,,,UNVERIFIED,,LIVE-ADJUDICATION,
SB-DIO-049,21_data-io.md,"Writing a file our own reader would reject MUST be an error, not a warning.",P1,ABSENT,UNADJUDICATED,UNDECIDED,UNCLASSIFIED,,"`SB-DIO-T68`, `SB-DIO-T69`",MISSING-OR-UNCLASSIFIED,,,,UNVERIFIED,,LIVE-ADJUDICATION,
SB-DIO-050,21_data-io.md,A re-gridded input MUST be detectable at import.,P1,ABSENT,UNADJUDICATED,UNDECIDED,UNCLASSIFIED,,SB-DIO-T70,MISSING-OR-UNCLASSIFIED,,,,UNVERIFIED,,LIVE-ADJUDICATION,
SB-DIO-051,21_data-io.md,Provenance MUST be carried into the deliverable.,P0,ABSENT,UNADJUDICATED,UNDECIDED,UNCLASSIFIED,,"`SB-DIO-T71`, `SB-DIO-T72`, `SB-DIO-T73`",MISSING-OR-UNCLASSIFIED,,,,UNVERIFIED,,LIVE-ADJUDICATION,
SB-DIO-052,21_data-io.md,Final and working curves MUST be distinguishable in an export.,P1,ABSENT,UNADJUDICATED,UNDECIDED,UNCLASSIFIED,,SB-DIO-T74,MISSING-OR-UNCLASSIFIED,,,,UNVERIFIED,,LIVE-ADJUDICATION,
SB-DIO-053,21_data-io.md,Well-header fields MUST be mapped explicitly and identity MUST NOT be invented.,P2,PARTIAL,UNADJUDICATED,UNDECIDED,UNCLASSIFIED,,"`SB-DIO-T75`, `SB-DIO-T76`",MISSING-OR-UNCLASSIFIED,,,,UNVERIFIED,,LIVE-ADJUDICATION,
SB-DIO-054,21_data-io.md,"Every skipped frame, channel, curve and row MUST be counted and named.",P0,PRESENT-DIVERGENT,UNADJUDICATED,UNDECIDED,UNCLASSIFIED,,"`SB-DIO-T77`, `SB-DIO-T78`, `SB-DIO-T79`",MISSING-OR-UNCLASSIFIED,,,,UNVERIFIED,,LIVE-ADJUDICATION,
SB-DIO-055,21_data-io.md,An export that omits data MUST say what it omitted.,P0,PRESENT-DIVERGENT,UNADJUDICATED,UNDECIDED,UNCLASSIFIED,,"`SB-DIO-T80`, `SB-DIO-T81`",MISSING-OR-UNCLASSIFIED,,,,UNVERIFIED,,LIVE-ADJUDICATION,
SB-DIO-056,21_data-io.md,A declared `STEP` MUST be verified across the whole index.,P1,PRESENT-DIVERGENT,UNADJUDICATED,UNDECIDED,UNCLASSIFIED,,"`SB-DIO-T82`, `SB-DIO-T83`",MISSING-OR-UNCLASSIFIED,,,,UNVERIFIED,,LIVE-ADJUDICATION,
SB-DIO-057,21_data-io.md,A zero on a log-scale curve MUST NOT be committed as a reading.,P1,ABSENT,UNADJUDICATED,UNDECIDED,UNCLASSIFIED,,"`SB-DIO-T84`, `SB-DIO-T85`",MISSING-OR-UNCLASSIFIED,,,,UNVERIFIED,,LIVE-ADJUDICATION,
SB-DIO-058,21_data-io.md,Old `.xls` plate workbooks MUST be read from the published specification.,P2,PARTIAL,UNADJUDICATED,UNDECIDED,UNCLASSIFIED,,"`SB-DIO-T86`, `SB-DIO-T87`",MISSING-OR-UNCLASSIFIED,,,,UNVERIFIED,,LIVE-ADJUDICATION,
SB-DIO-059,21_data-io.md,Tabular `.xls` MUST be readable without the drawing layer.,P2,ABSENT,UNADJUDICATED,UNDECIDED,UNCLASSIFIED,,SB-DIO-T88,MISSING-OR-UNCLASSIFIED,,,,UNVERIFIED,,LIVE-ADJUDICATION,
SB-DIO-060,21_data-io.md,"Format MUST be recognised by signature, and signature collisions MUST be handled.",P1,PARTIAL,UNADJUDICATED,UNDECIDED,UNCLASSIFIED,,"`SB-DIO-T89`, `SB-DIO-T90`",MISSING-OR-UNCLASSIFIED,,,,UNVERIFIED,,LIVE-ADJUDICATION,
SB-DIO-061,21_data-io.md,"Malformed input MUST be located, counted, named, and regression-tested against a corpus.",P0,PARTIAL,UNADJUDICATED,UNDECIDED,UNCLASSIFIED,,"`SB-DIO-T91`, `SB-DIO-T92`, `SB-DIO-T93`, `SB-DIO-T94`",MISSING-OR-UNCLASSIFIED,,,,UNVERIFIED,,LIVE-ADJUDICATION,
SB-DIO-062,21_data-io.md,"Text encoding MUST be detected, not assumed.",P1,PARTIAL,UNADJUDICATED,UNDECIDED,UNCLASSIFIED,,SB-DIO-T95,MISSING-OR-UNCLASSIFIED,,,,UNVERIFIED,,LIVE-ADJUDICATION,
SB-DIO-063,21_data-io.md,Non-ASCII paths and payloads MUST survive every sidecar boundary.,P1,PRESENT-OK,UNADJUDICATED,UNDECIDED,UNCLASSIFIED,,SB-DIO-T96,MISSING-OR-UNCLASSIFIED,,,,UNVERIFIED,,LIVE-ADJUDICATION,
SB-ENV-001,20_envcorr-qc.md,Declare validity conditions as data on the module spec,P1,ABSENT,UNADJUDICATED,UNDECIDED,UNCLASSIFIED,,"`SB-ENV-T01`, `SB-ENV-T02`, `SB-ENV-T03`, `SB-ENV-T38`",MISSING-OR-UNCLASSIFIED,,,,UNVERIFIED,,LIVE-ADJUDICATION,
SB-ENV-002,20_envcorr-qc.md,"Evaluate preconditions in the runner, before the module body",P1,ABSENT,UNADJUDICATED,UNDECIDED,UNCLASSIFIED,,"`SB-ENV-T02`, `SB-ENV-T04`, `SB-ENV-T38`",MISSING-OR-UNCLASSIFIED,,,,UNVERIFIED,,LIVE-ADJUDICATION,
SB-ENV-003,20_envcorr-qc.md,"A violated precondition produces a refusal or a flagged result, never an unmarked number",P0,ABSENT,UNADJUDICATED,UNDECIDED,UNCLASSIFIED,,"`SB-ENV-T02`, `SB-ENV-T03`, `SB-ENV-T04`, `SB-ENV-T05`",MISSING-OR-UNCLASSIFIED,,,,UNVERIFIED,,LIVE-ADJUDICATION,
SB-ENV-004,20_envcorr-qc.md,"Every parameter carries a source string, built as one change with the validity field",P0,PARTIAL,UNADJUDICATED,UNDECIDED,UNCLASSIFIED,,"`SB-ENV-T06`, `SB-ENV-T07`",MISSING-OR-UNCLASSIFIED,,,,UNVERIFIED,,LIVE-ADJUDICATION,
SB-ENV-005,20_envcorr-qc.md,A corrected curve carries the list of steps actually applied,P0,ABSENT,UNADJUDICATED,UNDECIDED,UNCLASSIFIED,,"`SB-ENV-T08`, `SB-ENV-T09`, `SB-ENV-T10`",MISSING-OR-UNCLASSIFIED,,,,UNVERIFIED,,LIVE-ADJUDICATION,
SB-ENV-006,20_envcorr-qc.md,"A curve named ""corrected"" MUST have been corrected",P0,PRESENT-DIVERGENT,UNADJUDICATED,UNDECIDED,UNCLASSIFIED,,"`SB-ENV-T11`, `SB-ENV-T12`",MISSING-OR-UNCLASSIFIED,,,,UNVERIFIED,,LIVE-ADJUDICATION,
SB-ENV-007,20_envcorr-qc.md,Per-sample correction flag channel,P1,ABSENT,UNADJUDICATED,UNDECIDED,UNCLASSIFIED,,"`SB-ENV-T11`, `SB-ENV-T13`",MISSING-OR-UNCLASSIFIED,,,,UNVERIFIED,,LIVE-ADJUDICATION,
SB-ENV-008,20_envcorr-qc.md,"Validity conditions are visible before the run, not only after it",P2,ABSENT,UNADJUDICATED,UNDECIDED,UNCLASSIFIED,,SB-ENV-T14,MISSING-OR-UNCLASSIFIED,,,,UNVERIFIED,,LIVE-ADJUDICATION,
SB-ENV-009,20_envcorr-qc.md,A method-selection string that matches no known method is an error,P0,PRESENT-UNVERIFIED,UNADJUDICATED,UNDECIDED,UNCLASSIFIED,,"`SB-ENV-T03`, `SB-ENV-T15`",MISSING-OR-UNCLASSIFIED,,,,UNVERIFIED,,LIVE-ADJUDICATION,
SB-ENV-010,20_envcorr-qc.md,"The GR borehole correction models hole size, mud weight, tool position and mud type",P2,PARTIAL,UNADJUDICATED,UNDECIDED,UNCLASSIFIED,,"`SB-ENV-T08`, `SB-ENV-T16`",MISSING-OR-UNCLASSIFIED,,,,UNVERIFIED,,LIVE-ADJUDICATION,
SB-ENV-011,20_envcorr-qc.md,"The neutron correction chain exposes all ten steps, and an unavailable step is reported",P2,PARTIAL,UNADJUDICATED,UNDECIDED,UNCLASSIFIED,,"`SB-ENV-T08`, `SB-ENV-T09`, `SB-ENV-T17`",MISSING-OR-UNCLASSIFIED,,,,UNVERIFIED,,LIVE-ADJUDICATION,
SB-ENV-012,20_envcorr-qc.md,Neutron matrix scale is a declared property of the curve and is validated at every consumer,P0,ABSENT,UNADJUDICATED,UNDECIDED,UNCLASSIFIED,,"`SB-ENV-T18`, `SB-ENV-T19`",MISSING-OR-UNCLASSIFIED,,,,UNVERIFIED,,LIVE-ADJUDICATION,
SB-ENV-013,20_envcorr-qc.md,The density borehole correction models mudcake as well as hole size,P2,PARTIAL,UNADJUDICATED,UNDECIDED,UNCLASSIFIED,,SB-ENV-T20,MISSING-OR-UNCLASSIFIED,,,,UNVERIFIED,,LIVE-ADJUDICATION,
SB-ENV-014,20_envcorr-qc.md,Correction coefficients ship with a source or ship ABSENT,P0,PRESENT-DIVERGENT,UNADJUDICATED,UNDECIDED,UNCLASSIFIED,,"`SB-ENV-T06`, `SB-ENV-T07`, `SB-ENV-T21`",MISSING-OR-UNCLASSIFIED,,,,UNVERIFIED,,LIVE-ADJUDICATION,
SB-ENV-015,20_envcorr-qc.md,The correction-chart lookup interface is specified independently of any chart data,P1,ABSENT,UNADJUDICATED,UNDECIDED,UNCLASSIFIED,,"`SB-ENV-T22`, `SB-ENV-T23`, `SB-ENV-T24`",MISSING-OR-UNCLASSIFIED,,,,UNVERIFIED,,LIVE-ADJUDICATION,
SB-ENV-016,20_envcorr-qc.md,A measured property of the formation or the borehole ships no default,P0,PRESENT-DIVERGENT,UNADJUDICATED,UNDECIDED,UNCLASSIFIED,,"`SB-ENV-T07`, `SB-ENV-T25`",MISSING-OR-UNCLASSIFIED,,,,UNVERIFIED,,LIVE-ADJUDICATION,
SB-ENV-017,20_envcorr-qc.md,"Chart baselines and intermediates are named, single-assignment quantities",P1,ABSENT,UNADJUDICATED,UNDECIDED,UNCLASSIFIED,,SB-ENV-T26,MISSING-OR-UNCLASSIFIED,,,,UNVERIFIED,,LIVE-ADJUDICATION,
SB-ENV-018,20_envcorr-qc.md,"Conditioning and correction order is a declared, checkable contract",P1,ABSENT,UNADJUDICATED,UNDECIDED,UNCLASSIFIED,,"`SB-ENV-T27`, `SB-ENV-T28`",MISSING-OR-UNCLASSIFIED,,,,UNVERIFIED,,LIVE-ADJUDICATION,
SB-ENV-019,20_envcorr-qc.md,"Per-tool uncertainty is computed over the steps actually applied, and says which",P1,ABSENT,UNADJUDICATED,UNDECIDED,UNCLASSIFIED,,"`SB-ENV-T09`, `SB-ENV-T29`",MISSING-OR-UNCLASSIFIED,,,,UNVERIFIED,,LIVE-ADJUDICATION,
SB-ENV-020,20_envcorr-qc.md,Correction-chain QC: what did the corrections actually do?,P2,ABSENT,UNADJUDICATED,UNDECIDED,UNCLASSIFIED,,SB-ENV-T30,MISSING-OR-UNCLASSIFIED,,,,UNVERIFIED,,LIVE-ADJUDICATION,
SB-ENV-021,20_envcorr-qc.md,"Bad-hole detection degrades to the inputs that exist, and says which it used",P1,PARTIAL,UNADJUDICATED,UNDECIDED,UNCLASSIFIED,,"`SB-ENV-T31`, `SB-ENV-T32`",MISSING-OR-UNCLASSIFIED,,,,UNVERIFIED,,LIVE-ADJUDICATION,
SB-ENV-022,20_envcorr-qc.md,Bad-hole flag carries a reason channel,P1,ABSENT,UNADJUDICATED,UNDECIDED,UNCLASSIFIED,,SB-ENV-T31,MISSING-OR-UNCLASSIFIED,,,,UNVERIFIED,,LIVE-ADJUDICATION,
SB-ENV-023,20_envcorr-qc.md,The density correction's sign is preserved and reported,P1,ABSENT,UNADJUDICATED,UNDECIDED,UNCLASSIFIED,,SB-ENV-T31,MISSING-OR-UNCLASSIFIED,,,,UNVERIFIED,,LIVE-ADJUDICATION,
SB-ENV-024,20_envcorr-qc.md,Bad-hole thresholds ship ABSENT with cited presets,P0,PRESENT-DIVERGENT,UNADJUDICATED,UNDECIDED,UNCLASSIFIED,,"`SB-ENV-T07`, `SB-ENV-T33`",MISSING-OR-UNCLASSIFIED,,,,UNVERIFIED,,LIVE-ADJUDICATION,
SB-ENV-025,20_envcorr-qc.md,"Bit size is an input, never a default",P0,PRESENT-DIVERGENT,UNADJUDICATED,UNDECIDED,UNCLASSIFIED,,"`SB-ENV-T33`, `SB-ENV-T34`",MISSING-OR-UNCLASSIFIED,,,,UNVERIFIED,,LIVE-ADJUDICATION,
SB-ENV-026,20_envcorr-qc.md,DRHO's unit is declared on the curve and validated at the threshold,P0,ABSENT,UNADJUDICATED,UNDECIDED,UNCLASSIFIED,,SB-ENV-T35,MISSING-OR-UNCLASSIFIED,,,,UNVERIFIED,,LIVE-ADJUDICATION,
SB-ENV-027,20_envcorr-qc.md,A module whose purpose is to produce a value where the mask says there is none MUST be exempt from the mask,P0,PRESENT-DIVERGENT,UNADJUDICATED,UNDECIDED,UNCLASSIFIED,,"`SB-ENV-T36`, `SB-ENV-T37`",MISSING-OR-UNCLASSIFIED,,,,UNVERIFIED,,LIVE-ADJUDICATION,
SB-ENV-028,20_envcorr-qc.md,The mask is recorded in the run's provenance,P1,ABSENT,UNADJUDICATED,UNDECIDED,UNCLASSIFIED,,SB-ENV-T27,MISSING-OR-UNCLASSIFIED,,,,UNVERIFIED,,LIVE-ADJUDICATION,
SB-ENV-029,20_envcorr-qc.md,Conditioning flags validate their own stated preconditions,P1,ABSENT,UNADJUDICATED,UNDECIDED,UNCLASSIFIED,,"`SB-ENV-T18`, `SB-ENV-T19`",MISSING-OR-UNCLASSIFIED,,,,UNVERIFIED,,LIVE-ADJUDICATION,
SB-ENV-030,20_envcorr-qc.md,"One flag polarity, defined once, as a type",P0,PRESENT-UNVERIFIED,UNADJUDICATED,UNDECIDED,UNCLASSIFIED,,"`SB-ENV-T38`, `SB-ENV-T39`",MISSING-OR-UNCLASSIFIED,,,,UNVERIFIED,,LIVE-ADJUDICATION,
SB-ENV-031,20_envcorr-qc.md,"The despike cutoff shows its contamination ceiling, live",P1,ABSENT,UNADJUDICATED,UNDECIDED,UNCLASSIFIED,,"`SB-ENV-T40`, `SB-ENV-T69`, `SB-ENV-T70`",MISSING-OR-UNCLASSIFIED,,,,UNVERIFIED,,LIVE-ADJUDICATION,
SB-ENV-032,20_envcorr-qc.md,"The MAD consistency constant is defined once, named, and cited",P2,PRESENT-DIVERGENT,UNADJUDICATED,UNDECIDED,UNCLASSIFIED,,SB-ENV-T41,MISSING-OR-UNCLASSIFIED,,,,UNVERIFIED,,LIVE-ADJUDICATION,
SB-ENV-033,20_envcorr-qc.md,"A degenerate window is declared, not silently substituted",P2,PRESENT-DIVERGENT,UNADJUDICATED,UNDECIDED,UNCLASSIFIED,,SB-ENV-T42,MISSING-OR-UNCLASSIFIED,,,,UNVERIFIED,,LIVE-ADJUDICATION,
SB-ENV-034,20_envcorr-qc.md,"Every window, gap and thickness parameter is a thickness in the project's depth unit",P0,PRESENT-OK,UNADJUDICATED,UNDECIDED,UNCLASSIFIED,,SB-ENV-T43,MISSING-OR-UNCLASSIFIED,,,,UNVERIFIED,,LIVE-ADJUDICATION,
SB-ENV-035,20_envcorr-qc.md,"Smoothing never bridges a gap, and never invents a sample",P0,PRESENT-OK,UNADJUDICATED,UNDECIDED,UNCLASSIFIED,,SB-ENV-T44,MISSING-OR-UNCLASSIFIED,,,,UNVERIFIED,,LIVE-ADJUDICATION,
SB-ENV-036,20_envcorr-qc.md,Outlier and spurious-population culling exists as a distinct operation,P2,ABSENT,UNADJUDICATED,UNDECIDED,UNCLASSIFIED,,SB-ENV-T27,MISSING-OR-UNCLASSIFIED,,,,UNVERIFIED,,LIVE-ADJUDICATION,
SB-ENV-037,20_envcorr-qc.md,Every removed or replaced sample is recoverable,P1,PARTIAL,UNADJUDICATED,UNDECIDED,UNCLASSIFIED,,SB-ENV-T45,MISSING-OR-UNCLASSIFIED,,,,UNVERIFIED,,LIVE-ADJUDICATION,
SB-ENV-038,20_envcorr-qc.md,Gap filling states its boundary comparison and refuses an open-ended gap,P1,PRESENT-OK,UNADJUDICATED,UNDECIDED,UNCLASSIFIED,,SB-ENV-T46,MISSING-OR-UNCLASSIFIED,,,,UNVERIFIED,,LIVE-ADJUDICATION,
SB-ENV-039,20_envcorr-qc.md,Clip refuses rather than repairs,P2,PRESENT-OK,UNADJUDICATED,UNDECIDED,UNCLASSIFIED,,SB-ENV-T47,MISSING-OR-UNCLASSIFIED,,,,UNVERIFIED,,LIVE-ADJUDICATION,
SB-ENV-040,20_envcorr-qc.md,A conditioning output is never the input's own mnemonic,P0,PRESENT-OK,UNADJUDICATED,UNDECIDED,UNCLASSIFIED,,SB-ENV-T48,MISSING-OR-UNCLASSIFIED,,,,UNVERIFIED,,LIVE-ADJUDICATION,
SB-ENV-041,20_envcorr-qc.md,The filter kernel and its normalisation are declared in the output,P2,PRESENT-UNVERIFIED,UNADJUDICATED,UNDECIDED,UNCLASSIFIED,,SB-ENV-T49,MISSING-OR-UNCLASSIFIED,,,,UNVERIFIED,,LIVE-ADJUDICATION,
SB-ENV-042,20_envcorr-qc.md,"Interactive edits carry provenance, not only undo",P1,PARTIAL,UNADJUDICATED,UNDECIDED,UNCLASSIFIED,,SB-ENV-T45,MISSING-OR-UNCLASSIFIED,,,,UNVERIFIED,,LIVE-ADJUDICATION,
SB-ENV-043,20_envcorr-qc.md,"One formation-temperature definition, one mnemonic",P0,PRESENT-DIVERGENT,UNADJUDICATED,UNDECIDED,UNCLASSIFIED,,"`SB-CORE-T23`, `SB-ENV-T50`, `SB-ENV-T51`",MISSING-OR-UNCLASSIFIED,,,,UNVERIFIED,,LIVE-ADJUDICATION,
SB-ENV-044,20_envcorr-qc.md,Formation temperature is a function of true vertical depth,P0,PRESENT-DIVERGENT,UNADJUDICATED,UNDECIDED,UNCLASSIFIED,,"`SB-ENV-T51`, `SB-ENV-T52`",MISSING-OR-UNCLASSIFIED,,,,UNVERIFIED,,LIVE-ADJUDICATION,
SB-ENV-045,20_envcorr-qc.md,"The geothermal gradient carries a declared, validated compound unit",P0,PRESENT-DIVERGENT,UNADJUDICATED,UNDECIDED,UNCLASSIFIED,,"`SB-ENV-T52`, `SB-ENV-T53`",MISSING-OR-UNCLASSIFIED,,,,UNVERIFIED,,LIVE-ADJUDICATION,
SB-ENV-046,20_envcorr-qc.md,A mudline / water-bottom branch exists for offshore wells,P2,ABSENT,UNADJUDICATED,UNDECIDED,UNCLASSIFIED,,SB-ENV-T54,MISSING-OR-UNCLASSIFIED,,,,UNVERIFIED,,LIVE-ADJUDICATION,
SB-ENV-047,20_envcorr-qc.md,A declared parameter that does not enter the answer is removed or used,P1,PRESENT-OK,UNADJUDICATED,UNDECIDED,UNCLASSIFIED,,SB-ENV-T55,MISSING-OR-UNCLASSIFIED,,,,UNVERIFIED,,LIVE-ADJUDICATION,
SB-ENV-048,20_envcorr-qc.md,"The resistivity temperature constant is defined once, cited, and surfaced",P0,PRESENT-UNVERIFIED,UNADJUDICATED,UNDECIDED,UNCLASSIFIED,,"`SB-ENV-T56`, `SB-ENV-T57`",MISSING-OR-UNCLASSIFIED,,,,UNVERIFIED,,LIVE-ADJUDICATION,
SB-ENV-049,20_envcorr-qc.md,A superseded module delegates to the survivor and says so,P1,PRESENT-OK,UNADJUDICATED,UNDECIDED,UNCLASSIFIED,,SB-ENV-T58,MISSING-OR-UNCLASSIFIED,,,,UNVERIFIED,,LIVE-ADJUDICATION,
SB-ENV-050,20_envcorr-qc.md,"A depth-trend parameter is well-scoped, and a compartment parameter is not",P1,PRESENT-OK,UNADJUDICATED,UNDECIDED,UNCLASSIFIED,,SB-ENV-T59,MISSING-OR-UNCLASSIFIED,,,,UNVERIFIED,,LIVE-ADJUDICATION,
SB-ENV-051,20_envcorr-qc.md,"Percentiles are exact order statistics, never histogram bin means",P0,PRESENT-OK,UNADJUDICATED,UNDECIDED,UNCLASSIFIED,,SB-ENV-T60,MISSING-OR-UNCLASSIFIED,,,,UNVERIFIED,,LIVE-ADJUDICATION,
SB-ENV-052,20_envcorr-qc.md,The normalisation reference pair ships ABSENT,P0,PRESENT-OK,UNADJUDICATED,UNDECIDED,UNCLASSIFIED,,SB-ENV-T61,MISSING-OR-UNCLASSIFIED,,,,UNVERIFIED,,LIVE-ADJUDICATION,
SB-ENV-053,20_envcorr-qc.md,"Normalisation is recorded, reviewable and overridable per well",P1,ABSENT,UNADJUDICATED,UNDECIDED,UNCLASSIFIED,,SB-ENV-T62,MISSING-OR-UNCLASSIFIED,,,,UNVERIFIED,,LIVE-ADJUDICATION,
SB-ENV-054,20_envcorr-qc.md,Normalisation percentiles are computed over a declared common interval,P1,PARTIAL,UNADJUDICATED,UNDECIDED,UNCLASSIFIED,,"`SB-ENV-T62`, `SB-ENV-T63`",MISSING-OR-UNCLASSIFIED,,,,UNVERIFIED,,LIVE-ADJUDICATION,
SB-ENV-055,20_envcorr-qc.md,A normalisation reference pair is named and sourced separately from a `Vsh` endpoint pair,P1,PRESENT-DIVERGENT,UNADJUDICATED,UNDECIDED,UNCLASSIFIED,,SB-ENV-T64,MISSING-OR-UNCLASSIFIED,,,,UNVERIFIED,,LIVE-ADJUDICATION,
SB-ENV-056,20_envcorr-qc.md,"Log-QC limits ship ABSENT, and band precedence is specified once",P1,ABSENT,UNADJUDICATED,UNDECIDED,UNCLASSIFIED,,"`SB-ENV-T65`, `SB-ENV-T66`",MISSING-OR-UNCLASSIFIED,,,,UNVERIFIED,,LIVE-ADJUDICATION,
SB-ENV-057,20_envcorr-qc.md,"One token for ""a length in the project's depth unit"", validated once",P0,PRESENT-DIVERGENT,UNADJUDICATED,UNDECIDED,UNCLASSIFIED,,"`SB-ENV-T43`, `SB-ENV-T67`",MISSING-OR-UNCLASSIFIED,,,,UNVERIFIED,,LIVE-ADJUDICATION,
SB-ENV-058,20_envcorr-qc.md,"Borehole-image speed correction, derived independently",P3,ABSENT,UNADJUDICATED,UNDECIDED,UNCLASSIFIED,,SB-ENV-T68,MISSING-OR-UNCLASSIFIED,,,,UNVERIFIED,,LIVE-ADJUDICATION,
SB-GEO-001,18_geomech-ppfg.md,Gate six independently versioned domain units,P0,ABSENT,UNADJUDICATED,UNDECIDED,UNCLASSIFIED,,"`SB-GEO-T01`, `SB-GEO-T02`",MISSING-OR-UNCLASSIFIED,,,,UNVERIFIED,,LIVE-ADJUDICATION,
SB-GEO-002,18_geomech-ppfg.md,Type every depth and reference datum,P0,ABSENT,UNADJUDICATED,UNDECIDED,UNCLASSIFIED,,"`SB-GEO-T03`, `SB-GEO-T04`",MISSING-OR-UNCLASSIFIED,,,,UNVERIFIED,,LIVE-ADJUDICATION,
SB-GEO-003,18_geomech-ppfg.md,Integrate vertical stress from the physical anchor,P0,ABSENT,UNADJUDICATED,UNDECIDED,UNCLASSIFIED,,"`SB-GEO-T05`, `SB-GEO-T06`, `SB-GEO-T07`",MISSING-OR-UNCLASSIFIED,,,,UNVERIFIED,,LIVE-ADJUDICATION,
SB-GEO-004,18_geomech-ppfg.md,Preserve measured and synthetic density provenance,P0,ABSENT,UNADJUDICATED,UNDECIDED,UNCLASSIFIED,,"`SB-GEO-T08`, `SB-GEO-T09`",MISSING-OR-UNCLASSIFIED,,,,UNVERIFIED,,LIVE-ADJUDICATION,
SB-GEO-005,18_geomech-ppfg.md,Select or fit synthetic density explicitly,P1,ABSENT,UNADJUDICATED,UNDECIDED,UNCLASSIFIED,,"`SB-GEO-T10`, `SB-GEO-T11`",MISSING-OR-UNCLASSIFIED,,,,UNVERIFIED,,LIVE-ADJUDICATION,
SB-GEO-006,18_geomech-ppfg.md,Enforce every correlation's applicability contract,P0,ABSENT,UNADJUDICATED,UNDECIDED,UNCLASSIFIED,,"`SB-GEO-T12`, `SB-GEO-T13`",MISSING-OR-UNCLASSIFIED,,,,UNVERIFIED,,LIVE-ADJUDICATION,
SB-GEO-007,18_geomech-ppfg.md,Never make a vendor table implementation truth,P0,ABSENT,UNADJUDICATED,UNDECIDED,UNCLASSIFIED,,SB-GEO-T14,MISSING-OR-UNCLASSIFIED,,,,UNVERIFIED,,LIVE-ADJUDICATION,
SB-GEO-008,18_geomech-ppfg.md,Resolve one shared water density,P0,ABSENT,UNADJUDICATED,UNDECIDED,UNCLASSIFIED,,"`SB-GEO-T15`, `SB-GEO-T16`",MISSING-OR-UNCLASSIFIED,,,,UNVERIFIED,,LIVE-ADJUDICATION,
SB-GEO-009,18_geomech-ppfg.md,Anchor normal pressure at the water/formation boundary,P0,ABSENT,UNADJUDICATED,UNDECIDED,UNCLASSIFIED,,"`SB-GEO-T17`, `SB-GEO-T18`",MISSING-OR-UNCLASSIFIED,,,,UNVERIFIED,,LIVE-ADJUDICATION,
SB-GEO-010,18_geomech-ppfg.md,Apply Terzaghi effective stress with explicit Biot alpha,P0,ABSENT,UNADJUDICATED,UNDECIDED,UNCLASSIFIED,,SB-GEO-T19,MISSING-OR-UNCLASSIFIED,,,,UNVERIFIED,,LIVE-ADJUDICATION,
SB-GEO-011,18_geomech-ppfg.md,Implement four distinct Eaton forms,P0,ABSENT,UNADJUDICATED,UNDECIDED,UNCLASSIFIED,,"`SB-GEO-T20`, `SB-GEO-T21`",MISSING-OR-UNCLASSIFIED,,,,UNVERIFIED,,LIVE-ADJUDICATION,
SB-GEO-012,18_geomech-ppfg.md,Require readable trend inputs and output them,P0,ABSENT,UNADJUDICATED,UNDECIDED,UNCLASSIFIED,,SB-GEO-T22,MISSING-OR-UNCLASSIFIED,,,,UNVERIFIED,,LIVE-ADJUDICATION,
SB-GEO-013,18_geomech-ppfg.md,Calibrate Bowers before emission,P0,ABSENT,UNADJUDICATED,UNDECIDED,UNCLASSIFIED,,"`SB-GEO-T23`, `SB-GEO-T24`",MISSING-OR-UNCLASSIFIED,,,,UNVERIFIED,,LIVE-ADJUDICATION,
SB-GEO-014,18_geomech-ppfg.md,Make Bowers unloading algebraically consistent,P0,ABSENT,UNADJUDICATED,UNDECIDED,UNCLASSIFIED,,"`SB-GEO-T25`, `SB-GEO-T26`",MISSING-OR-UNCLASSIFIED,,,,UNVERIFIED,,LIVE-ADJUDICATION,
SB-GEO-015,18_geomech-ppfg.md,Block methods whose primary equation is missing,P0,ABSENT,UNADJUDICATED,UNDECIDED,UNCLASSIFIED,,SB-GEO-T27,MISSING-OR-UNCLASSIFIED,,,,UNVERIFIED,,LIVE-ADJUDICATION,
SB-GEO-016,18_geomech-ppfg.md,Apply one uniform pressure-limit policy,P0,ABSENT,UNADJUDICATED,UNDECIDED,UNCLASSIFIED,,"`SB-GEO-T28`, `SB-GEO-T29`",MISSING-OR-UNCLASSIFIED,,,,UNVERIFIED,,LIVE-ADJUDICATION,
SB-GEO-017,18_geomech-ppfg.md,Emit pressure and gradient as separate typed curves,P0,ABSENT,UNADJUDICATED,UNDECIDED,UNCLASSIFIED,,SB-GEO-T30,MISSING-OR-UNCLASSIFIED,,,,UNVERIFIED,,LIVE-ADJUDICATION,
SB-GEO-018,18_geomech-ppfg.md,Implement the alpha-aware generalized fracture equation,P0,ABSENT,UNADJUDICATED,UNDECIDED,UNCLASSIFIED,,"`SB-GEO-T31`, `SB-GEO-T32`",MISSING-OR-UNCLASSIFIED,,,,UNVERIFIED,,LIVE-ADJUDICATION,
SB-GEO-019,18_geomech-ppfg.md,Keep K relationships explicit,P1,ABSENT,UNADJUDICATED,UNDECIDED,UNCLASSIFIED,,SB-GEO-T33,MISSING-OR-UNCLASSIFIED,,,,UNVERIFIED,,LIVE-ADJUDICATION,
SB-GEO-020,18_geomech-ppfg.md,Source Matthews–Kelly coefficients from the paper,P1,ABSENT,UNADJUDICATED,UNDECIDED,UNCLASSIFIED,,"`SB-GEO-T14`, `SB-GEO-T34`",MISSING-OR-UNCLASSIFIED,,,,UNVERIFIED,,LIVE-ADJUDICATION,
SB-GEO-021,18_geomech-ppfg.md,Enforce the Matthews–Kelly overburden premise,P0,ABSENT,UNADJUDICATED,UNDECIDED,UNCLASSIFIED,,SB-GEO-T35,MISSING-OR-UNCLASSIFIED,,,,UNVERIFIED,,LIVE-ADJUDICATION,
SB-GEO-022,18_geomech-ppfg.md,Enforce declared source geography,P0,ABSENT,UNADJUDICATED,UNDECIDED,UNCLASSIFIED,,"`SB-GEO-T12`, `SB-GEO-T36`",MISSING-OR-UNCLASSIFIED,,,,UNVERIFIED,,LIVE-ADJUDICATION,
SB-GEO-023,18_geomech-ppfg.md,Expose every Poisson-polynomial breakpoint,P1,ABSENT,UNADJUDICATED,UNDECIDED,UNCLASSIFIED,,"`SB-GEO-T37`, `SB-GEO-T38`",MISSING-OR-UNCLASSIFIED,,,,UNVERIFIED,,LIVE-ADJUDICATION,
SB-GEO-024,18_geomech-ppfg.md,Rebuild the Daines table from primary literature,P1,ABSENT,UNADJUDICATED,UNDECIDED,UNCLASSIFIED,,"`SB-GEO-T14`, `SB-GEO-T39`",MISSING-OR-UNCLASSIFIED,,,,UNVERIFIED,,LIVE-ADJUDICATION,
SB-GEO-025,18_geomech-ppfg.md,Plot published fracture-pressure bounds as an envelope,P1,ABSENT,UNADJUDICATED,UNDECIDED,UNCLASSIFIED,,SB-GEO-T40,MISSING-OR-UNCLASSIFIED,,,,UNVERIFIED,,LIVE-ADJUDICATION,
SB-GEO-026,18_geomech-ppfg.md,Limit fracture pressure only by explicit policy,P0,ABSENT,UNADJUDICATED,UNDECIDED,UNCLASSIFIED,,SB-GEO-T41,MISSING-OR-UNCLASSIFIED,,,,UNVERIFIED,,LIVE-ADJUDICATION,
SB-GEO-027,18_geomech-ppfg.md,Compute minimum and maximum horizontal stress explicitly,P1,ABSENT,UNADJUDICATED,UNDECIDED,UNCLASSIFIED,,"`SB-GEO-T42`, `SB-GEO-T43`",MISSING-OR-UNCLASSIFIED,,,,UNVERIFIED,,LIVE-ADJUDICATION,
SB-GEO-028,18_geomech-ppfg.md,Name strains by stress direction,P0,ABSENT,UNADJUDICATED,UNDECIDED,UNCLASSIFIED,,SB-GEO-T44,MISSING-OR-UNCLASSIFIED,,,,UNVERIFIED,,LIVE-ADJUDICATION,
SB-GEO-029,18_geomech-ppfg.md,Reuse dynamic properties without broadening their meaning,P1,PARTIAL,UNADJUDICATED,UNDECIDED,UNCLASSIFIED,,"`SB-GEO-T45`, `SB-GEO-T46`",MISSING-OR-UNCLASSIFIED,,,,UNVERIFIED,,LIVE-ADJUDICATION,
SB-GEO-030,18_geomech-ppfg.md,Require sourced dynamic-to-static transforms,P0,ABSENT,UNADJUDICATED,UNDECIDED,UNCLASSIFIED,,SB-GEO-T47,MISSING-OR-UNCLASSIFIED,,,,UNVERIFIED,,LIVE-ADJUDICATION,
SB-GEO-031,18_geomech-ppfg.md,Make modulus conversions dimensional,P0,PARTIAL,UNADJUDICATED,UNDECIDED,UNCLASSIFIED,,"`SB-GEO-T48`, `SB-GEO-T49`, `SB-GEO-T50`",MISSING-OR-UNCLASSIFIED,,,,UNVERIFIED,,LIVE-ADJUDICATION,
SB-GEO-032,18_geomech-ppfg.md,Keep stress and stress gradient distinct,P0,ABSENT,UNADJUDICATED,UNDECIDED,UNCLASSIFIED,,SB-GEO-T51,MISSING-OR-UNCLASSIFIED,,,,UNVERIFIED,,LIVE-ADJUDICATION,
SB-GEO-033,18_geomech-ppfg.md,Transform inclined stresses in a declared frame,P1,ABSENT,UNADJUDICATED,UNDECIDED,UNCLASSIFIED,,"`SB-GEO-T52`, `SB-GEO-T53`",MISSING-OR-UNCLASSIFIED,,,,UNVERIFIED,,LIVE-ADJUDICATION,
SB-GEO-034,18_geomech-ppfg.md,Assert total versus effective input state,P0,ABSENT,UNADJUDICATED,UNDECIDED,UNCLASSIFIED,,SB-GEO-T54,MISSING-OR-UNCLASSIFIED,,,,UNVERIFIED,,LIVE-ADJUDICATION,
SB-GEO-035,18_geomech-ppfg.md,Preserve omitted physical terms as explicit inputs,P2,ABSENT,UNADJUDICATED,UNDECIDED,UNCLASSIFIED,,SB-GEO-T55,MISSING-OR-UNCLASSIFIED,,,,UNVERIFIED,,LIVE-ADJUDICATION,
SB-GEO-036,18_geomech-ppfg.md,Implement failure criteria from public equations,P1,ABSENT,UNADJUDICATED,UNDECIDED,UNCLASSIFIED,,"`SB-GEO-T56`, `SB-GEO-T57`",MISSING-OR-UNCLASSIFIED,,,,UNVERIFIED,,LIVE-ADJUDICATION,
SB-GEO-037,18_geomech-ppfg.md,Solve Drucker–Prager numerically from invariants,P1,ABSENT,UNADJUDICATED,UNDECIDED,UNCLASSIFIED,,SB-GEO-T58,MISSING-OR-UNCLASSIFIED,,,,UNVERIFIED,,LIVE-ADJUDICATION,
SB-GEO-038,18_geomech-ppfg.md,Classify shear-failure modes separately from failure,P2,ABSENT,UNADJUDICATED,UNDECIDED,UNCLASSIFIED,,SB-GEO-T59,MISSING-OR-UNCLASSIFIED,,,,UNVERIFIED,,LIVE-ADJUDICATION,
SB-GEO-039,18_geomech-ppfg.md,Validate every stability input before solve,P0,ABSENT,UNADJUDICATED,UNDECIDED,UNCLASSIFIED,,SB-GEO-T60,MISSING-OR-UNCLASSIFIED,,,,UNVERIFIED,,LIVE-ADJUDICATION,
SB-GEO-040,18_geomech-ppfg.md,Bind strength correlations to native units,P0,ABSENT,UNADJUDICATED,UNDECIDED,UNCLASSIFIED,,"`SB-GEO-T49`, `SB-GEO-T50`, `SB-GEO-T61`",MISSING-OR-UNCLASSIFIED,,,,UNVERIFIED,,LIVE-ADJUDICATION,
SB-GEO-041,18_geomech-ppfg.md,Use atan2 for every angle back-transform,P0,ABSENT,UNADJUDICATED,UNDECIDED,UNCLASSIFIED,,SB-GEO-T62,MISSING-OR-UNCLASSIFIED,,,,UNVERIFIED,,LIVE-ADJUDICATION,
SB-GEO-042,18_geomech-ppfg.md,Make unset sourced parameters block execution,P0,ABSENT,UNADJUDICATED,UNDECIDED,UNCLASSIFIED,,SB-GEO-T63,MISSING-OR-UNCLASSIFIED,,,,UNVERIFIED,,LIVE-ADJUDICATION,
SB-GEO-043,18_geomech-ppfg.md,Address parameter files semantically and ordinally,P1,ABSENT,UNADJUDICATED,UNDECIDED,UNCLASSIFIED,,SB-GEO-T64,MISSING-OR-UNCLASSIFIED,,,,UNVERIFIED,,LIVE-ADJUDICATION,
SB-GEO-044,18_geomech-ppfg.md,Version local calibration without promoting it to default,P0,ABSENT,UNADJUDICATED,UNDECIDED,UNCLASSIFIED,,SB-GEO-T65,MISSING-OR-UNCLASSIFIED,,,,UNVERIFIED,,LIVE-ADJUDICATION,
SB-GEO-045,18_geomech-ppfg.md,Refuse extrapolation outside a declared range,P0,ABSENT,UNADJUDICATED,UNDECIDED,UNCLASSIFIED,,SB-GEO-T66,MISSING-OR-UNCLASSIFIED,,,,UNVERIFIED,,LIVE-ADJUDICATION,
SB-GEO-046,18_geomech-ppfg.md,Prohibit raster- and binary-only implementation truth,P0,ABSENT,UNADJUDICATED,UNDECIDED,UNCLASSIFIED,,"`SB-GEO-T27`, `SB-GEO-T67`",MISSING-OR-UNCLASSIFIED,,,,UNVERIFIED,,LIVE-ADJUDICATION,
SB-GEO-047,18_geomech-ppfg.md,"Separate imported, computed and interpreted identities",P1,ABSENT,UNADJUDICATED,UNDECIDED,UNCLASSIFIED,,SB-GEO-T68,MISSING-OR-UNCLASSIFIED,,,,UNVERIFIED,,LIVE-ADJUDICATION,
SB-GEO-048,18_geomech-ppfg.md,Export a complete geomechanics run record,P1,ABSENT,UNADJUDICATED,UNDECIDED,UNCLASSIFIED,,SB-GEO-T69,MISSING-OR-UNCLASSIFIED,,,,UNVERIFIED,,LIVE-ADJUDICATION,
SB-GEO-049,18_geomech-ppfg.md,Keep shared parameters single-valued within a run,P0,ABSENT,UNADJUDICATED,UNDECIDED,UNCLASSIFIED,,"`SB-GEO-T15`, `SB-GEO-T70`",MISSING-OR-UNCLASSIFIED,,,,UNVERIFIED,,LIVE-ADJUDICATION,
SB-GEO-050,18_geomech-ppfg.md,Execute every worked example,P1,ABSENT,UNADJUDICATED,UNDECIDED,UNCLASSIFIED,,SB-GEO-T71,MISSING-OR-UNCLASSIFIED,,,,UNVERIFIED,,LIVE-ADJUDICATION,
SB-GEO-051,18_geomech-ppfg.md,Keep post-processing visible,P1,ABSENT,UNADJUDICATED,UNDECIDED,UNCLASSIFIED,,SB-GEO-T72,MISSING-OR-UNCLASSIFIED,,,,UNVERIFIED,,LIVE-ADJUDICATION,
SB-GEO-052,18_geomech-ppfg.md,Gate acquisition-dependent methods individually,P1,ABSENT,UNADJUDICATED,UNDECIDED,UNCLASSIFIED,,"`SB-GEO-T02`, `SB-GEO-T73`",MISSING-OR-UNCLASSIFIED,,,,UNVERIFIED,,LIVE-ADJUDICATION,
SB-INS-001,27_ip-install-blockers.md,Ship a qualified native Windows installer,P0,PARTIAL,UNADJUDICATED,UNDECIDED,UNCLASSIFIED,,,MISSING-OR-UNCLASSIFIED,,,,UNVERIFIED,,LIVE-ADJUDICATION,
SB-INS-002,27_ip-install-blockers.md,Keep native core launch independent of Python,P0,PRESENT-OK,UNADJUDICATED,UNDECIDED,UNCLASSIFIED,,,MISSING-OR-UNCLASSIFIED,,,,UNVERIFIED,,LIVE-ADJUDICATION,
SB-INS-003,27_ip-install-blockers.md,Publish truthful capability-level prerequisites,P0,PRESENT-DIVERGENT,UNADJUDICATED,UNDECIDED,UNCLASSIFIED,,,MISSING-OR-UNCLASSIFIED,,,,UNVERIFIED,,LIVE-ADJUDICATION,
SB-INS-004,27_ip-install-blockers.md,Maintain one dependency/capability manifest,P0,ABSENT,UNADJUDICATED,UNDECIDED,UNCLASSIFIED,,,MISSING-OR-UNCLASSIFIED,,,,UNVERIFIED,,LIVE-ADJUDICATION,
SB-INS-005,27_ip-install-blockers.md,Resolve one interpreter with explainable precedence,P0,PARTIAL,UNADJUDICATED,UNDECIDED,UNCLASSIFIED,,,MISSING-OR-UNCLASSIFIED,,,,UNVERIFIED,,LIVE-ADJUDICATION,
SB-INS-006,27_ip-install-blockers.md,Probe packages and versions before work begins,,PARTIAL,UNADJUDICATED,UNDECIDED,UNCLASSIFIED,,,MISSING-OR-UNCLASSIFIED,,,,UNVERIFIED,,LIVE-ADJUDICATION,
SB-INS-007,27_ip-install-blockers.md,Give interpreter-specific remediation,,PARTIAL,UNADJUDICATED,UNDECIDED,UNCLASSIFIED,,,MISSING-OR-UNCLASSIFIED,,,,UNVERIFIED,,LIVE-ADJUDICATION,
SB-INS-008,27_ip-install-blockers.md,Support offline and managed deployment,P0,ABSENT,UNADJUDICATED,UNDECIDED,UNCLASSIFIED,,,MISSING-OR-UNCLASSIFIED,,,,UNVERIFIED,,LIVE-ADJUDICATION,
SB-INS-009,27_ip-install-blockers.md,Pin and attest optional runtime contents,,ABSENT,UNADJUDICATED,UNDECIDED,UNCLASSIFIED,,,MISSING-OR-UNCLASSIFIED,,,,UNVERIFIED,,LIVE-ADJUDICATION,
SB-INS-010,27_ip-install-blockers.md,Separate immutable templates from user configuration,P0,ABSENT,UNADJUDICATED,UNDECIDED,UNCLASSIFIED,,,MISSING-OR-UNCLASSIFIED,,,,UNVERIFIED,,LIVE-ADJUDICATION,
SB-INS-011,27_ip-install-blockers.md,Migrate configuration explicitly and reversibly,,ABSENT,UNADJUDICATED,UNDECIDED,UNCLASSIFIED,,,MISSING-OR-UNCLASSIFIED,,,,UNVERIFIED,,LIVE-ADJUDICATION,
SB-INS-012,27_ip-install-blockers.md,Provide a corporate policy layer,,ABSENT,UNADJUDICATED,UNDECIDED,UNCLASSIFIED,,,MISSING-OR-UNCLASSIFIED,,,,UNVERIFIED,,LIVE-ADJUDICATION,
SB-INS-013,27_ip-install-blockers.md,Make precedence visible and deterministic,,ABSENT,UNADJUDICATED,UNDECIDED,UNCLASSIFIED,,,MISSING-OR-UNCLASSIFIED,,,,UNVERIFIED,,LIVE-ADJUDICATION,
SB-INS-014,27_ip-install-blockers.md,Key parameters by semantic identifier and ordinal,P0,ABSENT,UNADJUDICATED,UNDECIDED,UNCLASSIFIED,,,MISSING-OR-UNCLASSIFIED,,,,UNVERIFIED,,LIVE-ADJUDICATION,
SB-INS-015,27_ip-install-blockers.md,Refuse registry mismatch and ambiguity,P0,ABSENT,UNADJUDICATED,UNDECIDED,UNCLASSIFIED,,,MISSING-OR-UNCLASSIFIED,,,,UNVERIFIED,,LIVE-ADJUDICATION,
SB-INS-016,27_ip-install-blockers.md,Use a canonical typed unit registry,P0,PARTIAL,UNADJUDICATED,UNDECIDED,UNCLASSIFIED,,,MISSING-OR-UNCLASSIFIED,,,,UNVERIFIED,,LIVE-ADJUDICATION,
SB-INS-017,27_ip-install-blockers.md,Preserve observed unit and encoding tokens,,PARTIAL,UNADJUDICATED,UNDECIDED,UNCLASSIFIED,,,MISSING-OR-UNCLASSIFIED,,,,UNVERIFIED,,LIVE-ADJUDICATION,
SB-INS-018,27_ip-install-blockers.md,Reject missing and empty unit mappings,,PARTIAL,UNADJUDICATED,UNDECIDED,UNCLASSIFIED,,,MISSING-OR-UNCLASSIFIED,,,,UNVERIFIED,,LIVE-ADJUDICATION,
SB-INS-019,27_ip-install-blockers.md,"Generate aliases, families and units from one registry",,ABSENT,UNADJUDICATED,UNDECIDED,UNCLASSIFIED,,,MISSING-OR-UNCLASSIFIED,,,,UNVERIFIED,,LIVE-ADJUDICATION,
SB-INS-020,27_ip-install-blockers.md,Version and attest configuration packs,,ABSENT,UNADJUDICATED,UNDECIDED,UNCLASSIFIED,,,MISSING-OR-UNCLASSIFIED,,,,UNVERIFIED,,LIVE-ADJUDICATION,
SB-INS-021,27_ip-install-blockers.md,Produce a reproducible support report,,PARTIAL,UNADJUDICATED,UNDECIDED,UNCLASSIFIED,,,MISSING-OR-UNCLASSIFIED,,,,UNVERIFIED,,LIVE-ADJUDICATION,
SB-INS-022,27_ip-install-blockers.md,Preserve user data through upgrade and uninstall,,ABSENT,UNADJUDICATED,UNDECIDED,UNCLASSIFIED,,,MISSING-OR-UNCLASSIFIED,,,,UNVERIFIED,,LIVE-ADJUDICATION,
SB-INS-023,27_ip-install-blockers.md,Gate releases on clean-machine scenarios,P0,ABSENT,UNADJUDICATED,UNDECIDED,UNCLASSIFIED,,,MISSING-OR-UNCLASSIFIED,,,,UNVERIFIED,,LIVE-ADJUDICATION,
SB-INS-024,27_ip-install-blockers.md,Generate and review third-party obligations,,PRESENT-OK,UNADJUDICATED,UNDECIDED,UNCLASSIFIED,,,MISSING-OR-UNCLASSIFIED,,,,UNVERIFIED,,LIVE-ADJUDICATION,
SB-INS-025,27_ip-install-blockers.md,Enforce the evidence-acquisition firewall,,ABSENT,UNADJUDICATED,UNDECIDED,UNCLASSIFIED,,,MISSING-OR-UNCLASSIFIED,,,,UNVERIFIED,,LIVE-ADJUDICATION,
SB-INS-026,27_ip-install-blockers.md,Keep release claims derived from executable evidence,,ABSENT,UNADJUDICATED,UNDECIDED,UNCLASSIFIED,,,MISSING-OR-UNCLASSIFIED,,,,UNVERIFIED,,LIVE-ADJUDICATION,
SB-MIN-001,13_mineral-solver.md,"Solve as a bounded, non-negative least-squares problem",P1,PRESENT-OK,UNADJUDICATED,UNDECIDED,UNCLASSIFIED,,SB-MIN-T01,MISSING-OR-UNCLASSIFIED,,,,UNVERIFIED,,LIVE-ADJUDICATION,
SB-MIN-002,13_mineral-solver.md,Disclose the solver-class divergence from IP in the run record,P2,ABSENT,UNADJUDICATED,UNDECIDED,UNCLASSIFIED,,SB-MIN-T02,MISSING-OR-UNCLASSIFIED,,,,UNVERIFIED,,LIVE-ADJUDICATION,
SB-MIN-003,13_mineral-solver.md,Impose unity as a hard equality over the non-X components,P0,PRESENT-OK,UNADJUDICATED,UNDECIDED,UNCLASSIFIED,,SB-MIN-T03,MISSING-OR-UNCLASSIFIED,,,,UNVERIFIED,,LIVE-ADJUDICATION,
SB-MIN-004,13_mineral-solver.md,Report the unity convention alongside any misfit statistic,P2,ABSENT,UNADJUDICATED,UNDECIDED,UNCLASSIFIED,,SB-MIN-T14,MISSING-OR-UNCLASSIFIED,,,,UNVERIFIED,,LIVE-ADJUDICATION,
SB-MIN-005,13_mineral-solver.md,"Enforce the fluid volume ceiling structurally, not by name lookup",P2,PARTIAL,UNADJUDICATED,UNDECIDED,UNCLASSIFIED,,SB-MIN-T04,MISSING-OR-UNCLASSIFIED,,,,UNVERIFIED,,LIVE-ADJUDICATION,
SB-MIN-006,13_mineral-solver.md,Compute bound water from CEC with the salinity expansion term,P1,PRESENT-OK,UNADJUDICATED,UNDECIDED,UNCLASSIFIED,,"`SB-MIN-T05`, `SB-MIN-T06`",MISSING-OR-UNCLASSIFIED,,,,UNVERIFIED,,LIVE-ADJUDICATION,
SB-MIN-007,13_mineral-solver.md,Refuse a clay whose bound-water parameter is absent; never treat it as zero,P0,ABSENT,UNADJUDICATED,UNDECIDED,UNCLASSIFIED,,SB-MIN-T07,MISSING-OR-UNCLASSIFIED,,,,UNVERIFIED,,LIVE-ADJUDICATION,
SB-MIN-008,13_mineral-solver.md,Ship `CEC` and `WCLP` only as a matched pair from one library,P0,PRESENT-DIVERGENT,UNADJUDICATED,UNDECIDED,UNCLASSIFIED,,SB-MIN-T08,MISSING-OR-UNCLASSIFIED,,,,UNVERIFIED,,LIVE-ADJUDICATION,
SB-MIN-009,13_mineral-solver.md,"Carry provenance on every endpoint value, not every endpoint column",P0,ABSENT,UNADJUDICATED,UNDECIDED,UNCLASSIFIED,,SB-MIN-T09,MISSING-OR-UNCLASSIFIED,,,,UNVERIFIED,,LIVE-ADJUDICATION,
SB-MIN-010,13_mineral-solver.md,Declare the wet/dry clay convention on every clay row and every clay curve,P0,ABSENT,UNADJUDICATED,UNDECIDED,UNCLASSIFIED,,"`SB-MIN-T10`, `SB-MIN-T24`",MISSING-OR-UNCLASSIFIED,,,,UNVERIFIED,,LIVE-ADJUDICATION,
SB-MIN-011,13_mineral-solver.md,Declare the CEC unit and refuse implausible magnitudes,P0,ABSENT,UNADJUDICATED,UNDECIDED,UNCLASSIFIED,,SB-MIN-T11,MISSING-OR-UNCLASSIFIED,,,,UNVERIFIED,,LIVE-ADJUDICATION,
SB-MIN-012,13_mineral-solver.md,"Mix photoelectric response volumetrically on U, never on Pe",P0,PRESENT-OK,UNADJUDICATED,UNDECIDED,UNCLASSIFIED,,SB-MIN-T12,MISSING-OR-UNCLASSIFIED,,,,UNVERIFIED,,LIVE-ADJUDICATION,
SB-MIN-013,13_mineral-solver.md,Define `RECON` against a stated equation and pin it with a test,P1,PRESENT-UNVERIFIED,UNADJUDICATED,UNDECIDED,UNCLASSIFIED,,SB-MIN-T13,MISSING-OR-UNCLASSIFIED,,,,UNVERIFIED,,LIVE-ADJUDICATION,
SB-MIN-014,13_mineral-solver.md,Emit IP-comparable and Geolog-comparable misfit statistics beside `RECON`,P2,ABSENT,UNADJUDICATED,UNDECIDED,UNCLASSIFIED,,SB-MIN-T14,MISSING-OR-UNCLASSIFIED,,,,UNVERIFIED,,LIVE-ADJUDICATION,
SB-MIN-015,13_mineral-solver.md,Report a conditioning number and refuse to present an unstable solve as trusted,P1,ABSENT,UNADJUDICATED,UNDECIDED,UNCLASSIFIED,,SB-MIN-T15,MISSING-OR-UNCLASSIFIED,,,,UNVERIFIED,,LIVE-ADJUDICATION,
SB-MIN-016,13_mineral-solver.md,Report degrees of freedom and refuse to let a zero-DOF fit read as validation,P0,PRESENT-OK,UNADJUDICATED,UNDECIDED,UNCLASSIFIED,,SB-MIN-T16,MISSING-OR-UNCLASSIFIED,,,,UNVERIFIED,,LIVE-ADJUDICATION,
SB-MIN-017,13_mineral-solver.md,"Separate ""tool off"" from ""tool weighted to zero""",P1,ABSENT,UNADJUDICATED,UNDECIDED,UNCLASSIFIED,,SB-MIN-T17,MISSING-OR-UNCLASSIFIED,,,,UNVERIFIED,,LIVE-ADJUDICATION,
SB-MIN-018,13_mineral-solver.md,Provide a per-tool weight multiplier separate from the tool uncertainty,P3,ABSENT,UNADJUDICATED,UNDECIDED,UNCLASSIFIED,,SB-MIN-T18,MISSING-OR-UNCLASSIFIED,,,,UNVERIFIED,,LIVE-ADJUDICATION,
SB-MIN-019,13_mineral-solver.md,"Store a tool's MIN, MAX and printed default uncertainty as three independent fields",P2,ABSENT,UNADJUDICATED,UNDECIDED,UNCLASSIFIED,,SB-MIN-T19,MISSING-OR-UNCLASSIFIED,,,,UNVERIFIED,,LIVE-ADJUDICATION,
SB-MIN-020,13_mineral-solver.md,Ship a default tool-uncertainty library with per-value sources,P2,ABSENT,UNADJUDICATED,UNDECIDED,UNCLASSIFIED,,"`SB-MIN-T19`, `SB-MIN-T20`",MISSING-OR-UNCLASSIFIED,,,,UNVERIFIED,,LIVE-ADJUDICATION,
SB-MIN-021,13_mineral-solver.md,"Make the conductivity root exponent an explicit, recorded model input",P1,PARTIAL,UNADJUDICATED,UNDECIDED,UNCLASSIFIED,,SB-MIN-T21,MISSING-OR-UNCLASSIFIED,,,,UNVERIFIED,,LIVE-ADJUDICATION,
SB-MIN-022,13_mineral-solver.md,Ship no default for the Shell porosity-dependent cementation constant,P2,ABSENT,UNADJUDICATED,UNDECIDED,UNCLASSIFIED,,SB-MIN-T22,MISSING-OR-UNCLASSIFIED,,,,UNVERIFIED,,LIVE-ADJUDICATION,
SB-MIN-023,13_mineral-solver.md,Implement variable `m*` with the corroborated coefficient set,P2,ABSENT,UNADJUDICATED,UNDECIDED,UNCLASSIFIED,,SB-MIN-T23,MISSING-OR-UNCLASSIFIED,,,,UNVERIFIED,,LIVE-ADJUDICATION,
SB-MIN-024,13_mineral-solver.md,"Convert wet↔dry clay with an explicit bound-water density, not a hard-coded 1.0",P2,PRESENT-DIVERGENT,UNADJUDICATED,UNDECIDED,UNCLASSIFIED,,SB-MIN-T24,MISSING-OR-UNCLASSIFIED,,,,UNVERIFIED,,LIVE-ADJUDICATION,
SB-MIN-025,13_mineral-solver.md,Support a per-equation invasion factor,P3,ABSENT,UNADJUDICATED,UNDECIDED,UNCLASSIFIED,,SB-MIN-T25,MISSING-OR-UNCLASSIFIED,,,,UNVERIFIED,,LIVE-ADJUDICATION,
SB-MIN-026,13_mineral-solver.md,"Make the neutron response set a named, recorded model input",P2,ABSENT,UNADJUDICATED,UNDECIDED,UNCLASSIFIED,,SB-MIN-T26,MISSING-OR-UNCLASSIFIED,,,,UNVERIFIED,,LIVE-ADJUDICATION,
SB-MIN-027,13_mineral-solver.md,Store WCLP in v/v and refuse a p.u. value instead of switching route,P0,PRESENT-DIVERGENT,UNADJUDICATED,UNDECIDED,UNCLASSIFIED,,SB-MIN-T27,MISSING-OR-UNCLASSIFIED,,,,UNVERIFIED,,LIVE-ADJUDICATION,
SB-MIN-028,13_mineral-solver.md,Offer a named endpoint library and surface the inter-library disagreement,P2,ABSENT,UNADJUDICATED,UNDECIDED,UNCLASSIFIED,,SB-MIN-T28,MISSING-OR-UNCLASSIFIED,,,,UNVERIFIED,,LIVE-ADJUDICATION,
SB-MIN-029,13_mineral-solver.md,Declare the fluid sonic endpoint source at the point of use,P2,PRESENT-DIVERGENT,UNADJUDICATED,UNDECIDED,UNCLASSIFIED,,"`SB-MIN-T28`, `SB-MIN-T29`",MISSING-OR-UNCLASSIFIED,,,,UNVERIFIED,,LIVE-ADJUDICATION,
SB-MIN-030,13_mineral-solver.md,Treat silt as a first-class term and never merge two different Simandoux equations under one label,P3,ABSENT,UNADJUDICATED,UNDECIDED,UNCLASSIFIED,,SB-MIN-T30,MISSING-OR-UNCLASSIFIED,,,,UNVERIFIED,,LIVE-ADJUDICATION,
SB-MIN-031,13_mineral-solver.md,Allow a per-clay shale resistivity where the saturation model uses one,P3,ABSENT,UNADJUDICATED,UNDECIDED,UNCLASSIFIED,,SB-MIN-T31,MISSING-OR-UNCLASSIFIED,,,,UNVERIFIED,,LIVE-ADJUDICATION,
SB-MIN-032,13_mineral-solver.md,Persist the fully resolved parameter set with every run,P1,ABSENT,UNADJUDICATED,UNDECIDED,UNCLASSIFIED,,SB-MIN-T32,MISSING-OR-UNCLASSIFIED,,,,UNVERIFIED,,LIVE-ADJUDICATION,
SB-MIN-033,13_mineral-solver.md,Name the conflicting rows when a constraint set is infeasible,P1,ABSENT,UNADJUDICATED,UNDECIDED,UNCLASSIFIED,,SB-MIN-T33,MISSING-OR-UNCLASSIFIED,,,,UNVERIFIED,,LIVE-ADJUDICATION,
SB-MIN-034,13_mineral-solver.md,"Impose the water-mud constraint as an inequality, iterated to feasibility",P1,PRESENT-DIVERGENT,UNADJUDICATED,UNDECIDED,UNCLASSIFIED,,SB-MIN-T34,MISSING-OR-UNCLASSIFIED,,,,UNVERIFIED,,LIVE-ADJUDICATION,
SB-MIN-035,13_mineral-solver.md,"Impose `Tool` constraints as hard equality plus pseudo-measurement, and emit the tie residual",P1,PRESENT-DIVERGENT,UNADJUDICATED,UNDECIDED,UNCLASSIFIED,,SB-MIN-T35,MISSING-OR-UNCLASSIFIED,,,,UNVERIFIED,,LIVE-ADJUDICATION,
SB-MIN-036,13_mineral-solver.md,Complete the output nomenclature and declare each curve's convention,P2,PARTIAL,UNADJUDICATED,UNDECIDED,UNCLASSIFIED,,SB-MIN-T37,MISSING-OR-UNCLASSIFIED,,,,UNVERIFIED,,LIVE-ADJUDICATION,
SB-MIN-037,13_mineral-solver.md,Propagate endpoint uncertainty by Monte Carlo with a recorded seed,P3,ABSENT,UNADJUDICATED,UNDECIDED,UNCLASSIFIED,,SB-MIN-T38,MISSING-OR-UNCLASSIFIED,,,,UNVERIFIED,,LIVE-ADJUDICATION,
SB-MIN-038,13_mineral-solver.md,Report a predicted uncertainty per solved volume,P3,ABSENT,UNADJUDICATED,UNDECIDED,UNCLASSIFIED,,SB-MIN-T39,MISSING-OR-UNCLASSIFIED,,,,UNVERIFIED,,LIVE-ADJUDICATION,
SB-MIN-039,13_mineral-solver.md,Offer balanced pre-solve tool uncertainties,P3,ABSENT,UNADJUDICATED,UNDECIDED,UNCLASSIFIED,,SB-MIN-T20,MISSING-OR-UNCLASSIFIED,,,,UNVERIFIED,,LIVE-ADJUDICATION,
SB-MIN-040,13_mineral-solver.md,Make the two bound-water routes mutually exclusive and record the choice,P1,PARTIAL,UNADJUDICATED,UNDECIDED,UNCLASSIFIED,,"`SB-MIN-T08`, `SB-MIN-T27`",MISSING-OR-UNCLASSIFIED,,,,UNVERIFIED,,LIVE-ADJUDICATION,
SB-MIN-041,13_mineral-solver.md,"Keep retired modules resolvable and refuse to run them, carrying no orphan defaults",P0,PRESENT-DIVERGENT,UNADJUDICATED,UNDECIDED,UNCLASSIFIED,,"`SB-MIN-T40`, `SB-MIN-T41`",MISSING-OR-UNCLASSIFIED,,,,UNVERIFIED,,LIVE-ADJUDICATION,
SB-MIN-042,13_mineral-solver.md,Implement the oil-based-mud constraint pair,P3,ABSENT,UNADJUDICATED,UNDECIDED,UNCLASSIFIED,,SB-MIN-T36,MISSING-OR-UNCLASSIFIED,,,,UNVERIFIED,,LIVE-ADJUDICATION,
SB-MIN-043,13_mineral-solver.md,Offer the opt-in physical ceiling constraints,P3,ABSENT,UNADJUDICATED,UNDECIDED,UNCLASSIFIED,,SB-MIN-T36,MISSING-OR-UNCLASSIFIED,,,,UNVERIFIED,,LIVE-ADJUDICATION,
SB-MIN-044,13_mineral-solver.md,Canonicalise units at the boundary and prove invariance,P2,PARTIAL,UNADJUDICATED,UNDECIDED,UNCLASSIFIED,,SB-MIN-T42,MISSING-OR-UNCLASSIFIED,,,,UNVERIFIED,,LIVE-ADJUDICATION,
SB-MIN-045,13_mineral-solver.md,Bound the formation temperature and record any fallback,P2,PARTIAL,UNADJUDICATED,UNDECIDED,UNCLASSIFIED,,SB-MIN-T43,MISSING-OR-UNCLASSIFIED,,,,UNVERIFIED,,LIVE-ADJUDICATION,
SB-MIN-046,13_mineral-solver.md,Gate the clay density triple for self-consistency,P2,ABSENT,UNADJUDICATED,UNDECIDED,UNCLASSIFIED,,SB-MIN-T44,MISSING-OR-UNCLASSIFIED,,,,UNVERIFIED,,LIVE-ADJUDICATION,
SB-MLA-001,24_ml-advanced.md,"Record the effective parameter set, not the supplied one",P0,PRESENT-OK,UNADJUDICATED,UNDECIDED,UNCLASSIFIED,,"`SB-MLA-T01`, `SB-MLA-T08`",MISSING-OR-UNCLASSIFIED,,,,UNVERIFIED,,LIVE-ADJUDICATION,
SB-MLA-002,24_ml-advanced.md,A saved model records the input log set it was trained from,P1,PRESENT-OK,UNADJUDICATED,UNDECIDED,UNCLASSIFIED,,SB-MLA-T02,MISSING-OR-UNCLASSIFIED,,,,UNVERIFIED,,LIVE-ADJUDICATION,
SB-MLA-003,24_ml-advanced.md,A saved model identifies the exact training rows,P1,PRESENT-OK,UNADJUDICATED,UNDECIDED,UNCLASSIFIED,,SB-MLA-T03,MISSING-OR-UNCLASSIFIED,,,,UNVERIFIED,,LIVE-ADJUDICATION,
SB-MLA-004,24_ml-advanced.md,A saved model records the exclusion mask and its effect,P1,PRESENT-OK,UNADJUDICATED,UNDECIDED,UNCLASSIFIED,,SB-MLA-T04,MISSING-OR-UNCLASSIFIED,,,,UNVERIFIED,,LIVE-ADJUDICATION,
SB-MLA-005,24_ml-advanced.md,A saved model records the runtime that produced it,P1,PRESENT-OK,UNADJUDICATED,UNDECIDED,UNCLASSIFIED,,"`SB-MLA-T05`, `SB-MLA-T12`",MISSING-OR-UNCLASSIFIED,,,,UNVERIFIED,,LIVE-ADJUDICATION,
SB-MLA-006,24_ml-advanced.md,A curve produced by a fitted model names that model,P0,PRESENT-OK,UNADJUDICATED,UNDECIDED,UNCLASSIFIED,,SB-MLA-T06,MISSING-OR-UNCLASSIFIED,,,,UNVERIFIED,,LIVE-ADJUDICATION,
SB-MLA-007,24_ml-advanced.md,A model cited by a stored curve cannot be deleted silently,P1,PRESENT-OK,UNADJUDICATED,UNDECIDED,UNCLASSIFIED,,SB-MLA-T07,MISSING-OR-UNCLASSIFIED,,,,UNVERIFIED,,LIVE-ADJUDICATION,
SB-MLA-008,24_ml-advanced.md,A recorded ML run re-runs to byte-identical curves,P0,PRESENT-OK,UNADJUDICATED,UNDECIDED,UNCLASSIFIED,,"`SB-MLA-T01`, `SB-MLA-T08`",MISSING-OR-UNCLASSIFIED,,,,UNVERIFIED,,LIVE-ADJUDICATION,
SB-MLA-009,24_ml-advanced.md,Blind-well performance travels with the curve,P1,PRESENT-OK,UNADJUDICATED,UNDECIDED,UNCLASSIFIED,,SB-MLA-T09,MISSING-OR-UNCLASSIFIED,,,,UNVERIFIED,,LIVE-ADJUDICATION,
SB-MLA-010,24_ml-advanced.md,The deliverable carries the ML provenance block,P1,PRESENT-OK,UNADJUDICATED,UNDECIDED,UNCLASSIFIED,,SB-MLA-T10,MISSING-OR-UNCLASSIFIED,,,,UNVERIFIED,,LIVE-ADJUDICATION,
SB-MLA-011,24_ml-advanced.md,Training and apply membership are recorded per well,P1,PRESENT-OK,UNADJUDICATED,UNDECIDED,UNCLASSIFIED,,SB-MLA-T11,MISSING-OR-UNCLASSIFIED,,,,UNVERIFIED,,LIVE-ADJUDICATION,
SB-MLA-012,24_ml-advanced.md,"Artifact version skew fails loudly, and a substituted algorithm is never silent",P1,PRESENT-OK,UNADJUDICATED,UNDECIDED,UNCLASSIFIED,,"`SB-MLA-T12`, `SB-MLA-T27`",MISSING-OR-UNCLASSIFIED,,,,UNVERIFIED,,LIVE-ADJUDICATION,
SB-MLA-013,24_ml-advanced.md,An unclusterable well fails; it never emits a clean empty curve,P0,PRESENT-OK,UNADJUDICATED,UNDECIDED,UNCLASSIFIED,,"`SB-MLA-T13`, `SB-MLA-T23`",MISSING-OR-UNCLASSIFIED,,,,UNVERIFIED,,LIVE-ADJUDICATION,
SB-MLA-014,24_ml-advanced.md,"A reduced cluster count is reported, never substituted silently",P1,PRESENT-OK,UNADJUDICATED,UNDECIDED,UNCLASSIFIED,,SB-MLA-T14,MISSING-OR-UNCLASSIFIED,,,,UNVERIFIED,,LIVE-ADJUDICATION,
SB-MLA-015,24_ml-advanced.md,A floored mixture component is reported,P1,PRESENT-OK,UNADJUDICATED,UNDECIDED,UNCLASSIFIED,,SB-MLA-T15,MISSING-OR-UNCLASSIFIED,,,,UNVERIFIED,,LIVE-ADJUDICATION,
SB-MLA-016,24_ml-advanced.md,Convergence and iteration exhaustion are distinguished,P1,PRESENT-OK,UNADJUDICATED,UNDECIDED,UNCLASSIFIED,,SB-MLA-T16,MISSING-OR-UNCLASSIFIED,,,,UNVERIFIED,,LIVE-ADJUDICATION,
SB-MLA-017,24_ml-advanced.md,A cancelled run leaves no partially populated log set,P1,PRESENT-OK,UNADJUDICATED,UNDECIDED,UNCLASSIFIED,,SB-MLA-T17,MISSING-OR-UNCLASSIFIED,,,,UNVERIFIED,,LIVE-ADJUDICATION,
SB-MLA-018,24_ml-advanced.md,"The non-interruptible phase is declared, not hidden",P2,PRESENT-OK,UNADJUDICATED,UNDECIDED,UNCLASSIFIED,,SB-MLA-T18,MISSING-OR-UNCLASSIFIED,,,,UNVERIFIED,,LIVE-ADJUDICATION,
SB-MLA-019,24_ml-advanced.md,A cross-validation protocol that degraded MUST NOT report a score as if it had not,P1,PRESENT-OK,UNADJUDICATED,UNDECIDED,UNCLASSIFIED,,SB-MLA-T19,MISSING-OR-UNCLASSIFIED,,,,UNVERIFIED,,LIVE-ADJUDICATION,
SB-MLA-020,24_ml-advanced.md,A metric computed on a subsample says so,P2,PRESENT-OK,UNADJUDICATED,UNDECIDED,UNCLASSIFIED,,SB-MLA-T20,MISSING-OR-UNCLASSIFIED,,,,UNVERIFIED,,LIVE-ADJUDICATION,
SB-MLA-021,24_ml-advanced.md,"Density-based noise is a reported class, not a missing value",P1,PRESENT-OK,UNADJUDICATED,UNDECIDED,UNCLASSIFIED,,SB-MLA-T21,MISSING-OR-UNCLASSIFIED,,,,UNVERIFIED,,LIVE-ADJUDICATION,
SB-MLA-022,24_ml-advanced.md,The ordered-feature refusal is verified on the default test gate,P1,PRESENT-OK,UNADJUDICATED,UNDECIDED,UNCLASSIFIED,,SB-MLA-T22,MISSING-OR-UNCLASSIFIED,,,,UNVERIFIED,,LIVE-ADJUDICATION,
SB-MLA-023,24_ml-advanced.md,"One k-means, one definition",P0,PRESENT-OK,UNADJUDICATED,UNDECIDED,UNCLASSIFIED,,SB-MLA-T23,MISSING-OR-UNCLASSIFIED,,,,UNVERIFIED,,LIVE-ADJUDICATION,
SB-MLA-024,24_ml-advanced.md,"One seed concept, one default",P1,PRESENT-OK,UNADJUDICATED,UNDECIDED,UNCLASSIFIED,,SB-MLA-T24,MISSING-OR-UNCLASSIFIED,,,,UNVERIFIED,,LIVE-ADJUDICATION,
SB-MLA-025,24_ml-advanced.md,"One within-cluster-sum-of-squares partition, three declared applications",P1,PRESENT-DIVERGENT,UNADJUDICATED,UNDECIDED,UNCLASSIFIED,,SB-MLA-T25,MISSING-OR-UNCLASSIFIED,,,,UNVERIFIED,,LIVE-ADJUDICATION,
SB-MLA-026,24_ml-advanced.md,The leaderboard evaluates the model the run will fit,P0,PRESENT-OK,UNADJUDICATED,UNDECIDED,UNCLASSIFIED,,SB-MLA-T27,MISSING-OR-UNCLASSIFIED,,,,UNVERIFIED,,LIVE-ADJUDICATION,
SB-MLA-027,24_ml-advanced.md,Every reported score names its protocol,P1,PRESENT-OK,UNADJUDICATED,UNDECIDED,UNCLASSIFIED,,SB-MLA-T28,MISSING-OR-UNCLASSIFIED,,,,UNVERIFIED,,LIVE-ADJUDICATION,
SB-MLA-028,24_ml-advanced.md,Every fitted transform is fitted inside the fold,P0,PRESENT-OK,UNADJUDICATED,UNDECIDED,UNCLASSIFIED,,SB-MLA-T29,MISSING-OR-UNCLASSIFIED,,,,UNVERIFIED,,LIVE-ADJUDICATION,
SB-MLA-029,24_ml-advanced.md,A facies mnemonic names the engine that produced it,P1,PARTIAL,UNADJUDICATED,UNDECIDED,UNCLASSIFIED,,SB-MLA-T30,MISSING-OR-UNCLASSIFIED,,,,UNVERIFIED,,LIVE-ADJUDICATION,
SB-MLA-030,24_ml-advanced.md,Probability outputs are typed,P2,PRESENT-OK,UNADJUDICATED,UNDECIDED,UNCLASSIFIED,,SB-MLA-T31,MISSING-OR-UNCLASSIFIED,,,,UNVERIFIED,,LIVE-ADJUDICATION,
SB-MLA-031,24_ml-advanced.md,Shipped vendor defaults are surfaced at the point of choice,P2,PRESENT-OK,UNADJUDICATED,UNDECIDED,UNCLASSIFIED,,SB-MLA-T32,MISSING-OR-UNCLASSIFIED,,,,UNVERIFIED,,LIVE-ADJUDICATION,
SB-MLA-032,24_ml-advanced.md,"The normalisation basis is a recorded choice, not an implicit one",P1,PRESENT-OK,UNADJUDICATED,UNDECIDED,UNCLASSIFIED,,SB-MLA-T33,MISSING-OR-UNCLASSIFIED,,,,UNVERIFIED,,LIVE-ADJUDICATION,
SB-MLA-033,24_ml-advanced.md,"A fixed normalisation basis is available, so adding a well does not move existing boundaries",P1,PRESENT-OK,UNADJUDICATED,UNDECIDED,UNCLASSIFIED,,SB-MLA-T34,MISSING-OR-UNCLASSIFIED,,,,UNVERIFIED,,LIVE-ADJUDICATION,
SB-MLA-034,24_ml-advanced.md,Every automatic pre-transform is announced,P1,PRESENT-OK,UNADJUDICATED,UNDECIDED,UNCLASSIFIED,,SB-MLA-T35,MISSING-OR-UNCLASSIFIED,,,,UNVERIFIED,,LIVE-ADJUDICATION,
SB-MLA-035,24_ml-advanced.md,A transformed quantity is a distinct quantity with its own name and unit,P0,PRESENT-OK,UNADJUDICATED,UNDECIDED,UNCLASSIFIED,,SB-MLA-T36,MISSING-OR-UNCLASSIFIED,,,,UNVERIFIED,,LIVE-ADJUDICATION,
SB-MLA-036,24_ml-advanced.md,"Enumerated methods are addressed by id, never by display string",P1,PRESENT-OK,UNADJUDICATED,UNDECIDED,UNCLASSIFIED,,SB-MLA-T37,MISSING-OR-UNCLASSIFIED,,,,UNVERIFIED,,LIVE-ADJUDICATION,
SB-MLA-037,24_ml-advanced.md,Fuzzy combination across curves is the reciprocal sum,P1,ABSENT,UNADJUDICATED,UNDECIDED,UNCLASSIFIED,,SB-MLA-T38,MISSING-OR-UNCLASSIFIED,,,,UNVERIFIED,,LIVE-ADJUDICATION,
SB-MLA-038,24_ml-advanced.md,Equal-population binning reports its actual populations,P2,ABSENT,UNADJUDICATED,UNDECIDED,UNCLASSIFIED,,SB-MLA-T39,MISSING-OR-UNCLASSIFIED,,,,UNVERIFIED,,LIVE-ADJUDICATION,
SB-MLA-039,24_ml-advanced.md,The fuzzy uncertainty band has a defined edge behaviour,P2,ABSENT,UNADJUDICATED,UNDECIDED,UNCLASSIFIED,,SB-MLA-T40,MISSING-OR-UNCLASSIFIED,,,,UNVERIFIED,,LIVE-ADJUDICATION,
SB-MLA-040,24_ml-advanced.md,"The bin-count weighting is explicit, with no hidden default",P2,ABSENT,UNADJUDICATED,UNDECIDED,UNCLASSIFIED,,SB-MLA-T38,MISSING-OR-UNCLASSIFIED,,,,UNVERIFIED,,LIVE-ADJUDICATION,
SB-MLA-041,24_ml-advanced.md,"SOM decay is parameterised by total iterations, and the degenerate form is refused",P3,ABSENT,UNADJUDICATED,UNDECIDED,UNCLASSIFIED,,SB-MLA-T45,MISSING-OR-UNCLASSIFIED,,,,UNVERIFIED,,LIVE-ADJUDICATION,
SB-MLA-042,24_ml-advanced.md,Map quality is reported by a defined distortion measure,P3,ABSENT,UNADJUDICATED,UNDECIDED,UNCLASSIFIED,,SB-MLA-T46,MISSING-OR-UNCLASSIFIED,,,,UNVERIFIED,,LIVE-ADJUDICATION,
SB-MLA-043,24_ml-advanced.md,The cluster randomness index ships,P2,PRESENT-OK,UNADJUDICATED,UNDECIDED,UNCLASSIFIED,,"`SB-MLA-T41`, `SB-MLA-T42`",MISSING-OR-UNCLASSIFIED,,,,UNVERIFIED,,LIVE-ADJUDICATION,
SB-MLA-044,24_ml-advanced.md,The native clustering path reports cluster quality,P1,PRESENT-OK,UNADJUDICATED,UNDECIDED,UNCLASSIFIED,,SB-MLA-T43,MISSING-OR-UNCLASSIFIED,,,,UNVERIFIED,,LIVE-ADJUDICATION,
SB-MLA-045,24_ml-advanced.md,Restart spread is reported as a convergence diagnostic,P2,ABSENT,UNADJUDICATED,UNDECIDED,UNCLASSIFIED,,SB-MLA-T44,MISSING-OR-UNCLASSIFIED,,,,UNVERIFIED,,LIVE-ADJUDICATION,
SB-MLA-046,24_ml-advanced.md,Hierarchical linkage is a named enumeration with a sourced default,P2,PRESENT-OK,UNADJUDICATED,UNDECIDED,UNCLASSIFIED,,SB-MLA-T37,MISSING-OR-UNCLASSIFIED,,,,UNVERIFIED,,LIVE-ADJUDICATION,
SB-MLA-047,24_ml-advanced.md,PCA reports loadings and correlation-circle coordinates,P2,PRESENT-OK,UNADJUDICATED,UNDECIDED,UNCLASSIFIED,,SB-MLA-T26,MISSING-OR-UNCLASSIFIED,,,,UNVERIFIED,,LIVE-ADJUDICATION,
SB-MLA-048,24_ml-advanced.md,Component sign is fixed by a stated convention,P1,PRESENT-OK,UNADJUDICATED,UNDECIDED,UNCLASSIFIED,,SB-MLA-T08,MISSING-OR-UNCLASSIFIED,,,,UNVERIFIED,,LIVE-ADJUDICATION,
SB-MLA-049,24_ml-advanced.md,"Nearest-neighbour prediction is a normalised weighted average, and its weight function is SandiBumi's",P2,ABSENT,UNADJUDICATED,UNDECIDED,UNCLASSIFIED,,"`SB-MLA-T47`, `SB-MLA-T48`",MISSING-OR-UNCLASSIFIED,,,,UNVERIFIED,,LIVE-ADJUDICATION,
SB-MLA-050,24_ml-advanced.md,Feature scoring by leave-one-out excludes the held-out frame,P2,PRESENT-OK,UNADJUDICATED,UNDECIDED,UNCLASSIFIED,,SB-MLA-T49,MISSING-OR-UNCLASSIFIED,,,,UNVERIFIED,,LIVE-ADJUDICATION,
SB-MLA-051,24_ml-advanced.md,"A contingency table carries both normalisations, each labelled with its axis",P1,PRESENT-OK,UNADJUDICATED,UNDECIDED,UNCLASSIFIED,,SB-MLA-T50,MISSING-OR-UNCLASSIFIED,,,,UNVERIFIED,,LIVE-ADJUDICATION,
SB-MLA-052,24_ml-advanced.md,The tie-in acceptance threshold ships absent and visible,P2,PRESENT-OK,UNADJUDICATED,UNDECIDED,UNCLASSIFIED,,SB-MLA-T51,MISSING-OR-UNCLASSIFIED,,,,UNVERIFIED,,LIVE-ADJUDICATION,
SB-MLA-053,24_ml-advanced.md,A tolerance expressed in standard deviations is named for its unit,P3,PRESENT-OK,UNADJUDICATED,UNDECIDED,UNCLASSIFIED,,SB-MLA-T52,MISSING-OR-UNCLASSIFIED,,,,UNVERIFIED,,LIVE-ADJUDICATION,
SB-MLA-054,24_ml-advanced.md,The depth-resampling decision is logged for every ML input,P1,PRESENT-OK,UNADJUDICATED,UNDECIDED,UNCLASSIFIED,,SB-MLA-T54,MISSING-OR-UNCLASSIFIED,,,,UNVERIFIED,,LIVE-ADJUDICATION,
SB-MLA-055,24_ml-advanced.md,A class label is never interpolated,P0,PRESENT-OK,UNADJUDICATED,UNDECIDED,UNCLASSIFIED,,SB-MLA-T53,MISSING-OR-UNCLASSIFIED,,,,UNVERIFIED,,LIVE-ADJUDICATION,
SB-MLA-056,24_ml-advanced.md,Null discipline holds through the ML path with no opt-out,P1,PRESENT-OK,UNADJUDICATED,UNDECIDED,UNCLASSIFIED,,SB-MLA-T55,MISSING-OR-UNCLASSIFIED,,,,UNVERIFIED,,LIVE-ADJUDICATION,
SB-MLA-057,24_ml-advanced.md,A threshold value can never be confused with a missing value,P1,PRESENT-OK,UNADJUDICATED,UNDECIDED,UNCLASSIFIED,,SB-MLA-T56,MISSING-OR-UNCLASSIFIED,,,,UNVERIFIED,,LIVE-ADJUDICATION,
SB-MLA-058,24_ml-advanced.md,"Tier-C capabilities are named, never approximated",P1,PRESENT-OK,UNADJUDICATED,UNDECIDED,UNCLASSIFIED,,SB-MLA-T57,MISSING-OR-UNCLASSIFIED,,,,UNVERIFIED,,LIVE-ADJUDICATION,
SB-MLA-059,24_ml-advanced.md,The user need behind a Tier-C capability may be served by an independently derived feature,P3,ABSENT,UNADJUDICATED,UNDECIDED,UNCLASSIFIED,,SB-MLA-T57,MISSING-OR-UNCLASSIFIED,,,,UNVERIFIED,,LIVE-ADJUDICATION,
SB-MLA-060,24_ml-advanced.md,"No vendor model or weight file is read, converted or imported",P0,PRESENT-OK,UNADJUDICATED,UNDECIDED,UNCLASSIFIED,,SB-MLA-T57,MISSING-OR-UNCLASSIFIED,,,,UNVERIFIED,,LIVE-ADJUDICATION,
SB-MLA-061,24_ml-advanced.md,"A missing interpreter is a named, actionable failure",P1,PRESENT-OK,UNADJUDICATED,UNDECIDED,UNCLASSIFIED,,SB-MLA-T58,MISSING-OR-UNCLASSIFIED,,,,UNVERIFIED,,LIVE-ADJUDICATION,
SB-MLA-062,24_ml-advanced.md,A long fit does not hold the global write lock,P1,PRESENT-OK,UNADJUDICATED,UNDECIDED,UNCLASSIFIED,,SB-MLA-T59,MISSING-OR-UNCLASSIFIED,,,,UNVERIFIED,,LIVE-ADJUDICATION,
SB-MLA-063,24_ml-advanced.md,"Every capacity cap is a declared limit, not a silent truncation",P2,PRESENT-OK,UNADJUDICATED,UNDECIDED,UNCLASSIFIED,,SB-MLA-T60,MISSING-OR-UNCLASSIFIED,,,,UNVERIFIED,,LIVE-ADJUDICATION,
SB-MLA-064,24_ml-advanced.md,The model registry lists without materialising artifacts,P2,PRESENT-OK,UNADJUDICATED,UNDECIDED,UNCLASSIFIED,,SB-MLA-T61,MISSING-OR-UNCLASSIFIED,,,,UNVERIFIED,,LIVE-ADJUDICATION,
SB-MLA-065,24_ml-advanced.md,"A portfolio-scale ML run is bounded, cancellable and honestly reported",P2,PARTIAL,UNADJUDICATED,UNDECIDED,UNCLASSIFIED,,"`SB-MLA-T17`, `SB-MLA-T18`",MISSING-OR-UNCLASSIFIED,,,,UNVERIFIED,,LIVE-ADJUDICATION,
SB-NMR-001,16_nmr.md,"Carry the physical T2 axis through storage, IPC and UI",P1,PRESENT-DIVERGENT,UNADJUDICATED,UNDECIDED,UNCLASSIFIED,,"`SB-NMR-T01`, `SB-NMR-T45`",MISSING-OR-UNCLASSIFIED,,,,UNVERIFIED,,LIVE-ADJUDICATION,
SB-NMR-002,16_nmr.md,Validate array geometry before accepting a distribution,P1,PARTIAL,UNADJUDICATED,UNDECIDED,UNCLASSIFIED,,"`SB-NMR-T02`, `SB-NMR-T04`",MISSING-OR-UNCLASSIFIED,,,,UNVERIFIED,,LIVE-ADJUDICATION,
SB-NMR-003,16_nmr.md,Record acquisition and processing provenance,P1,ABSENT,UNADJUDICATED,UNDECIDED,UNCLASSIFIED,,SB-NMR-T48,MISSING-OR-UNCLASSIFIED,,,,UNVERIFIED,,LIVE-ADJUDICATION,
SB-NMR-004,16_nmr.md,Reject defective recognition presets,P1,ABSENT,UNADJUDICATED,UNDECIDED,UNCLASSIFIED,,SB-NMR-T05,MISSING-OR-UNCLASSIFIED,,,,UNVERIFIED,,LIVE-ADJUDICATION,
SB-NMR-005,16_nmr.md,Log every normalization or rebinning decision,P1,ABSENT,UNADJUDICATED,UNDECIDED,UNCLASSIFIED,,SB-NMR-T49,MISSING-OR-UNCLASSIFIED,,,,UNVERIFIED,,LIVE-ADJUDICATION,
SB-NMR-006,16_nmr.md,Cutoffs ship absent and require explicit acceptance,P1,ABSENT,UNADJUDICATED,UNDECIDED,UNCLASSIFIED,,SB-NMR-T06,MISSING-OR-UNCLASSIFIED,,,,UNVERIFIED,,LIVE-ADJUDICATION,
SB-NMR-007,16_nmr.md,Partition is conservative across a cutoff inside a bin,P1,ABSENT,UNADJUDICATED,UNDECIDED,UNCLASSIFIED,,"`SB-NMR-T07`, `SB-NMR-T08`",MISSING-OR-UNCLASSIFIED,,,,UNVERIFIED,,LIVE-ADJUDICATION,
SB-NMR-008,16_nmr.md,"Support values, saddle-point and spectral methods without hiding the branch",P2,ABSENT,UNADJUDICATED,UNDECIDED,UNCLASSIFIED,,"`SB-NMR-T06`, `SB-NMR-T10`, `SB-NMR-T11`",MISSING-OR-UNCLASSIFIED,,,,UNVERIFIED,,LIVE-ADJUDICATION,
SB-NMR-009,16_nmr.md,Implement the cited thin-film spectral weighting,P1,ABSENT,UNADJUDICATED,UNDECIDED,UNCLASSIFIED,,SB-NMR-T09,MISSING-OR-UNCLASSIFIED,,,,UNVERIFIED,,LIVE-ADJUDICATION,
SB-NMR-010,16_nmr.md,Emit both cutoff and spectral volumes in one run,P1,ABSENT,UNADJUDICATED,UNDECIDED,UNCLASSIFIED,,SB-NMR-T10,MISSING-OR-UNCLASSIFIED,,,,UNVERIFIED,,LIVE-ADJUDICATION,
SB-NMR-011,16_nmr.md,T2 log mean is a time-windowed geometric mean,P1,ABSENT,UNADJUDICATED,UNDECIDED,UNCLASSIFIED,,"`SB-NMR-T12`, `SB-NMR-T13`",MISSING-OR-UNCLASSIFIED,,,,UNVERIFIED,,LIVE-ADJUDICATION,
SB-NMR-012,16_nmr.md,Timur–Coates parameters are semantic and unit-typed,P1,ABSENT,UNADJUDICATED,UNDECIDED,UNCLASSIFIED,,"`SB-NMR-T14`, `SB-NMR-T18`",MISSING-OR-UNCLASSIFIED,,,,UNVERIFIED,,LIVE-ADJUDICATION,
SB-NMR-013,16_nmr.md,Guard the BVI denominator without disguising it,P1,ABSENT,UNADJUDICATED,UNDECIDED,UNCLASSIFIED,,SB-NMR-T19,MISSING-OR-UNCLASSIFIED,,,,UNVERIFIED,,LIVE-ADJUDICATION,
SB-NMR-014,16_nmr.md,Modified Coates is optional and calibrated,P2,ABSENT,UNADJUDICATED,UNDECIDED,UNCLASSIFIED,,"`SB-NMR-T20`, `SB-NMR-T21`",MISSING-OR-UNCLASSIFIED,,,,UNVERIFIED,,LIVE-ADJUDICATION,
SB-NMR-015,16_nmr.md,SDR is null and flagged in hydrocarbon-bearing intervals,P1,ABSENT,UNADJUDICATED,UNDECIDED,UNCLASSIFIED,,"`SB-NMR-T22`, `SB-NMR-T23`",MISSING-OR-UNCLASSIFIED,,,,UNVERIFIED,,LIVE-ADJUDICATION,
SB-NMR-016,16_nmr.md,Carbonate SDR requires a sourced surface relaxivity,P2,ABSENT,UNADJUDICATED,UNDECIDED,UNCLASSIFIED,,SB-NMR-T50,MISSING-OR-UNCLASSIFIED,,,,UNVERIFIED,,LIVE-ADJUDICATION,
SB-NMR-017,16_nmr.md,"Swanson remains a sourced, disabled extension",P3,ABSENT,UNADJUDICATED,UNDECIDED,UNCLASSIFIED,,SB-NMR-T51,MISSING-OR-UNCLASSIFIED,,,,UNVERIFIED,,LIVE-ADJUDICATION,
SB-NMR-018,16_nmr.md,Full DMR is blocked until lambda is sourced,P2,ABSENT,UNADJUDICATED,UNDECIDED,UNCLASSIFIED,,SB-NMR-T24,MISSING-OR-UNCLASSIFIED,,,,UNVERIFIED,,LIVE-ADJUDICATION,
SB-NMR-019,16_nmr.md,Gas hydrogen index is computed from gas density,P2,ABSENT,UNADJUDICATED,UNDECIDED,UNCLASSIFIED,,SB-NMR-T25,MISSING-OR-UNCLASSIFIED,,,,UNVERIFIED,,LIVE-ADJUDICATION,
SB-NMR-020,16_nmr.md,DMR propagates input uncertainty and flags clamps,P2,ABSENT,UNADJUDICATED,UNDECIDED,UNCLASSIFIED,,SB-NMR-T27,MISSING-OR-UNCLASSIFIED,,,,UNVERIFIED,,LIVE-ADJUDICATION,
SB-NMR-021,16_nmr.md,Fluid properties remain measured or explicitly sourced,P1,ABSENT,UNADJUDICATED,UNDECIDED,UNCLASSIFIED,,SB-NMR-T52,MISSING-OR-UNCLASSIFIED,,,,UNVERIFIED,,LIVE-ADJUDICATION,
SB-NMR-022,16_nmr.md,Pc gain and offset carry both unit ends,P1,ABSENT,UNADJUDICATED,UNDECIDED,UNCLASSIFIED,,"`SB-NMR-T30`, `SB-NMR-T31`",MISSING-OR-UNCLASSIFIED,,,,UNVERIFIED,,LIVE-ADJUDICATION,
SB-NMR-023,16_nmr.md,Kappa is unit-typed and never defaulted,P1,ABSENT,UNADJUDICATED,UNDECIDED,UNCLASSIFIED,,"`SB-NMR-T28`, `SB-NMR-T29`",MISSING-OR-UNCLASSIFIED,,,,UNVERIFIED,,LIVE-ADJUDICATION,
SB-NMR-024,16_nmr.md,"Every Pc output carries pressure unit, datum and saturation convention",P1,ABSENT,UNADJUDICATED,UNDECIDED,UNCLASSIFIED,,"`SB-NMR-T32`, `SB-NMR-T53`",MISSING-OR-UNCLASSIFIED,,,,UNVERIFIED,,LIVE-ADJUDICATION,
SB-NMR-025,16_nmr.md,T2-to-Pc requires a water-saturated distribution,P1,ABSENT,UNADJUDICATED,UNDECIDED,UNCLASSIFIED,,SB-NMR-T33,MISSING-OR-UNCLASSIFIED,,,,UNVERIFIED,,LIVE-ADJUDICATION,
SB-NMR-026,16_nmr.md,Implement primary-source MRIAN as the canonical NMR saturation method,P2,ABSENT,UNADJUDICATED,UNDECIDED,UNCLASSIFIED,,"`SB-NMR-T37`, `SB-NMR-T38`",MISSING-OR-UNCLASSIFIED,,,,UNVERIFIED,,LIVE-ADJUDICATION,
SB-NMR-027,16_nmr.md,Clay-water conductivity coefficient ships absent,P1,ABSENT,UNADJUDICATED,UNDECIDED,UNCLASSIFIED,,"`SB-NMR-T35`, `SB-NMR-T36`",MISSING-OR-UNCLASSIFIED,,,,UNVERIFIED,,LIVE-ADJUDICATION,
SB-NMR-028,16_nmr.md,Keep effective and total irreducible saturation distinct,P1,ABSENT,UNADJUDICATED,UNDECIDED,UNCLASSIFIED,,SB-NMR-T54,MISSING-OR-UNCLASSIFIED,,,,UNVERIFIED,,LIVE-ADJUDICATION,
SB-NMR-029,16_nmr.md,IP compatibility uses the resolved positive Z slope,P2,ABSENT,UNADJUDICATED,UNDECIDED,UNCLASSIFIED,,"`SB-NMR-T39`, `SB-NMR-T40`",MISSING-OR-UNCLASSIFIED,,,,UNVERIFIED,,LIVE-ADJUDICATION,
SB-NMR-030,16_nmr.md,Tortuosity is not silently dropped between saturation paths,P1,ABSENT,UNADJUDICATED,UNDECIDED,UNCLASSIFIED,,SB-NMR-T41,MISSING-OR-UNCLASSIFIED,,,,UNVERIFIED,,LIVE-ADJUDICATION,
SB-NMR-031,16_nmr.md,NMR pore-volume ratios never masquerade as shale volumes,P1,ABSENT,UNADJUDICATED,UNDECIDED,UNCLASSIFIED,,SB-NMR-T42,MISSING-OR-UNCLASSIFIED,,,,UNVERIFIED,,LIVE-ADJUDICATION,
SB-NMR-032,16_nmr.md,Pseudo-water substitution enforces ordering and water-leg calibration,P2,ABSENT,UNADJUDICATED,UNDECIDED,UNCLASSIFIED,,"`SB-NMR-T43`, `SB-NMR-T44`",MISSING-OR-UNCLASSIFIED,,,,UNVERIFIED,,LIVE-ADJUDICATION,
SB-NMR-033,16_nmr.md,Hydrocarbon typing is independently derived from published NMR literature,P3,ABSENT,UNADJUDICATED,UNDECIDED,UNCLASSIFIED,,SB-NMR-T55,MISSING-OR-UNCLASSIFIED,,,,UNVERIFIED,,LIVE-ADJUDICATION,
SB-NMR-034,16_nmr.md,Echo inversion is excluded from first-release NMR,P2,ABSENT,UNADJUDICATED,UNDECIDED,UNCLASSIFIED,,SB-NMR-T56,MISSING-OR-UNCLASSIFIED,,,,UNVERIFIED,,LIVE-ADJUDICATION,
SB-NMR-035,16_nmr.md,Detect but do not reproduce undocumented fast-relaxation correction,P1,ABSENT,UNADJUDICATED,UNDECIDED,UNCLASSIFIED,,SB-NMR-T46,MISSING-OR-UNCLASSIFIED,,,,UNVERIFIED,,LIVE-ADJUDICATION,
SB-NMR-036,16_nmr.md,NMR heatmaps use the physical T2 axis,P1,PRESENT-DIVERGENT,UNADJUDICATED,UNDECIDED,UNCLASSIFIED,,SB-NMR-T45,MISSING-OR-UNCLASSIFIED,,,,UNVERIFIED,,LIVE-ADJUDICATION,
SB-NMR-037,16_nmr.md,Every output carries method and parameter provenance,P1,ABSENT,UNADJUDICATED,UNDECIDED,UNCLASSIFIED,,SB-NMR-T57,MISSING-OR-UNCLASSIFIED,,,,UNVERIFIED,,LIVE-ADJUDICATION,
SB-NMR-038,16_nmr.md,QC flags are explicit curves and run-summary counts,P1,ABSENT,UNADJUDICATED,UNDECIDED,UNCLASSIFIED,,SB-NMR-T47,MISSING-OR-UNCLASSIFIED,,,,UNVERIFIED,,LIVE-ADJUDICATION,
SB-PLG-001,26_production-logging.md,Ship three independently gated domain units,P0,ABSENT,UNADJUDICATED,UNDECIDED,UNCLASSIFIED,,"`SB-PLG-T01`, `SB-PLG-T02`",MISSING-OR-UNCLASSIFIED,,,,UNVERIFIED,,LIVE-ADJUDICATION,
SB-PLG-002,26_production-logging.md,Type every production unit at ingest,P0,ABSENT,UNADJUDICATED,UNDECIDED,UNCLASSIFIED,,"`SB-PLG-T03`, `SB-PLG-T04`, `SB-PLG-T05`",MISSING-OR-UNCLASSIFIED,,,,UNVERIFIED,,LIVE-ADJUDICATION,
SB-PLG-003,26_production-logging.md,Calibrate spinner slopes from zonal averages,P0,ABSENT,UNADJUDICATED,UNDECIDED,UNCLASSIFIED,,"`SB-PLG-T06`, `SB-PLG-T07`, `SB-PLG-T08`",MISSING-OR-UNCLASSIFIED,,,,UNVERIFIED,,LIVE-ADJUDICATION,
SB-PLG-004,26_production-logging.md,Compute apparent fluid velocity exactly,P0,ABSENT,UNADJUDICATED,UNDECIDED,UNCLASSIFIED,,"`SB-PLG-T09`, `SB-PLG-T10`",MISSING-OR-UNCLASSIFIED,,,,UNVERIFIED,,LIVE-ADJUDICATION,
SB-PLG-005,26_production-logging.md,Normalize multi-pass weights,P1,ABSENT,UNADJUDICATED,UNDECIDED,UNCLASSIFIED,,SB-PLG-T11,MISSING-OR-UNCLASSIFIED,,,,UNVERIFIED,,LIVE-ADJUDICATION,
SB-PLG-006,26_production-logging.md,Stop before unsupported phase rates,P0,ABSENT,UNADJUDICATED,UNDECIDED,UNCLASSIFIED,,SB-PLG-T12,MISSING-OR-UNCLASSIFIED,,,,UNVERIFIED,,LIVE-ADJUDICATION,
SB-PLG-007,26_production-logging.md,Store sensor geometry per family and tool,P0,PARTIAL,UNADJUDICATED,UNDECIDED,UNCLASSIFIED,,"`SB-PLG-T13`, `SB-PLG-T14`",MISSING-OR-UNCLASSIFIED,,,,UNVERIFIED,,LIVE-ADJUDICATION,
SB-PLG-008,26_production-logging.md,Use an explicit three-phase holdup schema,P2,ABSENT,UNADJUDICATED,UNDECIDED,UNCLASSIFIED,,"`SB-PLG-T15`, `SB-PLG-T16`",MISSING-OR-UNCLASSIFIED,,,,UNVERIFIED,,LIVE-ADJUDICATION,
SB-PLG-009,26_production-logging.md,Keep temperature-flow assumptions visible,P2,ABSENT,UNADJUDICATED,UNDECIDED,UNCLASSIFIED,,SB-PLG-T17,MISSING-OR-UNCLASSIFIED,,,,UNVERIFIED,,LIVE-ADJUDICATION,
SB-PLG-010,26_production-logging.md,Enforce selective-inflow data sufficiency,P1,ABSENT,UNADJUDICATED,UNDECIDED,UNCLASSIFIED,,SB-PLG-T18,MISSING-OR-UNCLASSIFIED,,,,UNVERIFIED,,LIVE-ADJUDICATION,
SB-PLG-011,26_production-logging.md,Differentiate cumulative inflow with a declared length,P2,ABSENT,UNADJUDICATED,UNDECIDED,UNCLASSIFIED,,SB-PLG-T19,MISSING-OR-UNCLASSIFIED,,,,UNVERIFIED,,LIVE-ADJUDICATION,
SB-PLG-012,26_production-logging.md,Make Chronolog epochs and operation order explicit,P0,ABSENT,UNADJUDICATED,UNDECIDED,UNCLASSIFIED,,"`SB-PLG-T20`, `SB-PLG-T21`, `SB-PLG-T22`",MISSING-OR-UNCLASSIFIED,,,,UNVERIFIED,,LIVE-ADJUDICATION,
SB-PLG-013,26_production-logging.md,Restrict station import to evidenced grammars,P1,ABSENT,UNADJUDICATED,UNDECIDED,UNCLASSIFIED,,SB-PLG-T23,MISSING-OR-UNCLASSIFIED,,,,UNVERIFIED,,LIVE-ADJUDICATION,
SB-PLG-014,26_production-logging.md,Normalize nulls before station reduction,P0,PARTIAL,UNADJUDICATED,UNDECIDED,UNCLASSIFIED,,SB-PLG-T24,MISSING-OR-UNCLASSIFIED,,,,UNVERIFIED,,LIVE-ADJUDICATION,
SB-PLG-015,26_production-logging.md,Preserve phase semantics,P1,ABSENT,UNADJUDICATED,UNDECIDED,UNCLASSIFIED,,SB-PLG-T25,MISSING-OR-UNCLASSIFIED,,,,UNVERIFIED,,LIVE-ADJUDICATION,
SB-PLG-016,26_production-logging.md,Bind cutoff polarity to measurement family,P0,ABSENT,UNADJUDICATED,UNDECIDED,UNCLASSIFIED,,"`SB-PLG-T26`, `SB-PLG-T27`",MISSING-OR-UNCLASSIFIED,,,,UNVERIFIED,,LIVE-ADJUDICATION,
SB-PLG-017,26_production-logging.md,Implement logarithmic attenuation bond index,P0,ABSENT,UNADJUDICATED,UNDECIDED,UNCLASSIFIED,,"`SB-PLG-T28`, `SB-PLG-T29`",MISSING-OR-UNCLASSIFIED,,,,UNVERIFIED,,LIVE-ADJUDICATION,
SB-PLG-018,26_production-logging.md,Name and require the bond interpolation method,P0,ABSENT,UNADJUDICATED,UNDECIDED,UNCLASSIFIED,,SB-PLG-T30,MISSING-OR-UNCLASSIFIED,,,,UNVERIFIED,,LIVE-ADJUDICATION,
SB-PLG-019,26_production-logging.md,Derive coverage from valid array width,P0,PARTIAL,UNADJUDICATED,UNDECIDED,UNCLASSIFIED,,"`SB-PLG-T31`, `SB-PLG-T32`",MISSING-OR-UNCLASSIFIED,,,,UNVERIFIED,,LIVE-ADJUDICATION,
SB-PLG-020,26_production-logging.md,Exclude collars without deleting data,P0,ABSENT,UNADJUDICATED,UNDECIDED,UNCLASSIFIED,,SB-PLG-T33,MISSING-OR-UNCLASSIFIED,,,,UNVERIFIED,,LIVE-ADJUDICATION,
SB-PLG-021,26_production-logging.md,Compute slurry acoustic impedance in declared units,P1,ABSENT,UNADJUDICATED,UNDECIDED,UNCLASSIFIED,,"`SB-PLG-T34`, `SB-PLG-T35`",MISSING-OR-UNCLASSIFIED,,,,UNVERIFIED,,LIVE-ADJUDICATION,
SB-PLG-022,26_production-logging.md,Keep expected-CBL correlation optional and attributed,P2,ABSENT,UNADJUDICATED,UNDECIDED,UNCLASSIFIED,,SB-PLG-T36,MISSING-OR-UNCLASSIFIED,,,,UNVERIFIED,,LIVE-ADJUDICATION,
SB-PLG-023,26_production-logging.md,Keep probability and confidence separate,P1,ABSENT,UNADJUDICATED,UNDECIDED,UNCLASSIFIED,,"`SB-PLG-T37`, `SB-PLG-T38`",MISSING-OR-UNCLASSIFIED,,,,UNVERIFIED,,LIVE-ADJUDICATION,
SB-PLG-024,26_production-logging.md,Validate probability-term switches,P0,ABSENT,UNADJUDICATED,UNDECIDED,UNCLASSIFIED,,SB-PLG-T39,MISSING-OR-UNCLASSIFIED,,,,UNVERIFIED,,LIVE-ADJUDICATION,
SB-PLG-025,26_production-logging.md,Explain the single-service ceiling,P1,ABSENT,UNADJUDICATED,UNDECIDED,UNCLASSIFIED,,SB-PLG-T40,MISSING-OR-UNCLASSIFIED,,,,UNVERIFIED,,LIVE-ADJUDICATION,
SB-PLG-026,26_production-logging.md,Implement channel detection with an explicit direction warning,P1,ABSENT,UNADJUDICATED,UNDECIDED,UNCLASSIFIED,,SB-PLG-T41,MISSING-OR-UNCLASSIFIED,,,,UNVERIFIED,,LIVE-ADJUDICATION,
SB-PLG-027,26_production-logging.md,"Separate derivative, smoothing and vertical statistics",P1,ABSENT,UNADJUDICATED,UNDECIDED,UNCLASSIFIED,,"`SB-PLG-T42`, `SB-PLG-T43`",MISSING-OR-UNCLASSIFIED,,,,UNVERIFIED,,LIVE-ADJUDICATION,
SB-PLG-028,26_production-logging.md,Preserve four-direction microdebond evidence,P2,ABSENT,UNADJUDICATED,UNDECIDED,UNCLASSIFIED,,SB-PLG-T44,MISSING-OR-UNCLASSIFIED,,,,UNVERIFIED,,LIVE-ADJUDICATION,
SB-PLG-029,26_production-logging.md,Keep cement classifications distinct,P1,ABSENT,UNADJUDICATED,UNDECIDED,UNCLASSIFIED,,SB-PLG-T45,MISSING-OR-UNCLASSIFIED,,,,UNVERIFIED,,LIVE-ADJUDICATION,
SB-PLG-030,26_production-logging.md,Enforce isolation-report interval length,P1,ABSENT,UNADJUDICATED,UNDECIDED,UNCLASSIFIED,,SB-PLG-T46,MISSING-OR-UNCLASSIFIED,,,,UNVERIFIED,,LIVE-ADJUDICATION,
SB-PLG-031,26_production-logging.md,Make waveform extraction reproducible,P2,ABSENT,UNADJUDICATED,UNDECIDED,UNCLASSIFIED,,SB-PLG-T47,MISSING-OR-UNCLASSIFIED,,,,UNVERIFIED,,LIVE-ADJUDICATION,
SB-PLG-032,26_production-logging.md,Emit four named casing-loss quantities,P0,ABSENT,UNADJUDICATED,UNDECIDED,UNCLASSIFIED,,"`SB-PLG-T48`, `SB-PLG-T49`",MISSING-OR-UNCLASSIFIED,,,,UNVERIFIED,,LIVE-ADJUDICATION,
SB-PLG-033,26_production-logging.md,Retain signed apparent loss,P0,ABSENT,UNADJUDICATED,UNDECIDED,UNCLASSIFIED,,SB-PLG-T50,MISSING-OR-UNCLASSIFIED,,,,UNVERIFIED,,LIVE-ADJUDICATION,
SB-PLG-034,26_production-logging.md,Make prior-survey merge explicit,P1,ABSENT,UNADJUDICATED,UNDECIDED,UNCLASSIFIED,,SB-PLG-T51,MISSING-OR-UNCLASSIFIED,,,,UNVERIFIED,,LIVE-ADJUDICATION,
SB-PLG-035,26_production-logging.md,Require an ovality definition,P0,ABSENT,UNADJUDICATED,UNDECIDED,UNCLASSIFIED,,"`SB-PLG-T52`, `SB-PLG-T53`",MISSING-OR-UNCLASSIFIED,,,,UNVERIFIED,,LIVE-ADJUDICATION,
SB-PLG-036,26_production-logging.md,Compute Barlow only from sourced strength,P0,ABSENT,UNADJUDICATED,UNDECIDED,UNCLASSIFIED,,"`SB-PLG-T54`, `SB-PLG-T55`",MISSING-OR-UNCLASSIFIED,,,,UNVERIFIED,,LIVE-ADJUDICATION,
SB-PLG-037,26_production-logging.md,Source nominal casing geometry,P0,ABSENT,UNADJUDICATED,UNDECIDED,UNCLASSIFIED,,SB-PLG-T56,MISSING-OR-UNCLASSIFIED,,,,UNVERIFIED,,LIVE-ADJUDICATION,
SB-PLG-038,26_production-logging.md,Bind grades to their measurement quantity,P1,ABSENT,UNADJUDICATED,UNDECIDED,UNCLASSIFIED,,SB-PLG-T57,MISSING-OR-UNCLASSIFIED,,,,UNVERIFIED,,LIVE-ADJUDICATION,
SB-PLG-039,26_production-logging.md,Keep three despike stages distinct and auditable,P1,ABSENT,UNADJUDICATED,UNDECIDED,UNCLASSIFIED,,SB-PLG-T58,MISSING-OR-UNCLASSIFIED,,,,UNVERIFIED,,LIVE-ADJUDICATION,
SB-PLG-040,26_production-logging.md,Preserve named correction recipes,P1,ABSENT,UNADJUDICATED,UNDECIDED,UNCLASSIFIED,,SB-PLG-T59,MISSING-OR-UNCLASSIFIED,,,,UNVERIFIED,,LIVE-ADJUDICATION,
SB-PLG-041,26_production-logging.md,Distinguish one- and two-depth calibration,P1,ABSENT,UNADJUDICATED,UNDECIDED,UNCLASSIFIED,,SB-PLG-T60,MISSING-OR-UNCLASSIFIED,,,,UNVERIFIED,,LIVE-ADJUDICATION,
SB-PLG-042,26_production-logging.md,Refuse untracked environmental correction,P0,ABSENT,UNADJUDICATED,UNDECIDED,UNCLASSIFIED,,SB-PLG-T61,MISSING-OR-UNCLASSIFIED,,,,UNVERIFIED,,LIVE-ADJUDICATION,
SB-PLG-043,26_production-logging.md,Canonicalize casing weight and tension,P0,ABSENT,UNADJUDICATED,UNDECIDED,UNCLASSIFIED,,"`SB-PLG-T62`, `SB-PLG-T63`",MISSING-OR-UNCLASSIFIED,,,,UNVERIFIED,,LIVE-ADJUDICATION,
SB-PLG-044,26_production-logging.md,Detect collars with correct window semantics,P1,ABSENT,UNADJUDICATED,UNDECIDED,UNCLASSIFIED,,SB-PLG-T64,MISSING-OR-UNCLASSIFIED,,,,UNVERIFIED,,LIVE-ADJUDICATION,
SB-PLG-045,26_production-logging.md,Stamp full run provenance,P0,PARTIAL,UNADJUDICATED,UNDECIDED,UNCLASSIFIED,,SB-PLG-T65,MISSING-OR-UNCLASSIFIED,,,,UNVERIFIED,,LIVE-ADJUDICATION,
SB-PLG-046,26_production-logging.md,"Separate computed, imported and interpreted identities",P0,ABSENT,UNADJUDICATED,UNDECIDED,UNCLASSIFIED,,SB-PLG-T66,MISSING-OR-UNCLASSIFIED,,,,UNVERIFIED,,LIVE-ADJUDICATION,
SB-PLG-047,26_production-logging.md,Export machine-readable reports with masks,P2,ABSENT,UNADJUDICATED,UNDECIDED,UNCLASSIFIED,,SB-PLG-T67,MISSING-OR-UNCLASSIFIED,,,,UNVERIFIED,,LIVE-ADJUDICATION,
SB-PLG-048,26_production-logging.md,Preserve array width and per-row validity end to end,P0,PARTIAL,UNADJUDICATED,UNDECIDED,UNCLASSIFIED,,"`SB-PLG-T31`, `SB-PLG-T68`",MISSING-OR-UNCLASSIFIED,,,,UNVERIFIED,,LIVE-ADJUDICATION,
SB-PLT-001,23_plotting-interactivity.md,Persist semantic intent and concrete resolution separately,P0,PARTIAL,UNADJUDICATED,UNDECIDED,UNCLASSIFIED,,,MISSING-OR-UNCLASSIFIED,,,,UNVERIFIED,,LIVE-ADJUDICATION,
SB-PLT-002,23_plotting-interactivity.md,Resolve axes through one explicit precedence chain,P0,PRESENT-DIVERGENT,UNADJUDICATED,UNDECIDED,UNCLASSIFIED,,,MISSING-OR-UNCLASSIFIED,,,,UNVERIFIED,,LIVE-ADJUDICATION,
SB-PLT-003,23_plotting-interactivity.md,Overlay compatibility is quantity-and-unit typed,P0,ABSENT,UNADJUDICATED,UNDECIDED,UNCLASSIFIED,,,MISSING-OR-UNCLASSIFIED,,,,UNVERIFIED,,LIVE-ADJUDICATION,
SB-PLT-004,23_plotting-interactivity.md,Valid and display ranges remain distinct,P0,ABSENT,UNADJUDICATED,UNDECIDED,UNCLASSIFIED,,,MISSING-OR-UNCLASSIFIED,,,,UNVERIFIED,,LIVE-ADJUDICATION,
SB-PLT-005,23_plotting-interactivity.md,Unit-limit content is audited before activation,P0,ABSENT,UNADJUDICATED,UNDECIDED,UNCLASSIFIED,,,MISSING-OR-UNCLASSIFIED,,,,UNVERIFIED,,LIVE-ADJUDICATION,
SB-PLT-006,23_plotting-interactivity.md,One canonical histogram-bin contract,P0,PRESENT-DIVERGENT,UNADJUDICATED,UNDECIDED,UNCLASSIFIED,,,MISSING-OR-UNCLASSIFIED,,,,UNVERIFIED,,LIVE-ADJUDICATION,
SB-PLT-007,23_plotting-interactivity.md,Overplot thresholds expose the comparator,P1,ABSENT,UNADJUDICATED,UNDECIDED,UNCLASSIFIED,,,MISSING-OR-UNCLASSIFIED,,,,UNVERIFIED,,LIVE-ADJUDICATION,
SB-PLT-008,23_plotting-interactivity.md,Percentile probability and range position are different types,P0,ABSENT,UNADJUDICATED,UNDECIDED,UNCLASSIFIED,,,MISSING-OR-UNCLASSIFIED,,,,UNVERIFIED,,LIVE-ADJUDICATION,
SB-PLT-009,23_plotting-interactivity.md,"Statistics disclose population, estimator and exclusions",P1,PARTIAL,UNADJUDICATED,UNDECIDED,UNCLASSIFIED,,,MISSING-OR-UNCLASSIFIED,,,,UNVERIFIED,,LIVE-ADJUDICATION,
SB-PLT-010,23_plotting-interactivity.md,Regression is a versioned scientific result,P1,PARTIAL,UNADJUDICATED,UNDECIDED,UNCLASSIFIED,,,MISSING-OR-UNCLASSIFIED,,,,UNVERIFIED,,LIVE-ADJUDICATION,
SB-PLT-011,23_plotting-interactivity.md,Pickett states what is and is not identifiable,P0,PRESENT-DIVERGENT,UNADJUDICATED,UNDECIDED,UNCLASSIFIED,,,MISSING-OR-UNCLASSIFIED,,,,UNVERIFIED,,LIVE-ADJUDICATION,
SB-PLT-012,23_plotting-interactivity.md,Hingle uses the negative reciprocal exponent,P1,ABSENT,UNADJUDICATED,UNDECIDED,UNCLASSIFIED,,,MISSING-OR-UNCLASSIFIED,,,,UNVERIFIED,,LIVE-ADJUDICATION,
SB-PLT-013,23_plotting-interactivity.md,Missing and out-of-range policy is channel-specific,P0,PARTIAL,UNADJUDICATED,UNDECIDED,UNCLASSIFIED,,,MISSING-OR-UNCLASSIFIED,,,,UNVERIFIED,,LIVE-ADJUDICATION,
SB-PLT-014,23_plotting-interactivity.md,Multi-well allocation follows finite-pair screening,P0,PRESENT-DIVERGENT,UNADJUDICATED,UNDECIDED,UNCLASSIFIED,,,MISSING-OR-UNCLASSIFIED,,,,UNVERIFIED,,LIVE-ADJUDICATION,
SB-PLT-015,23_plotting-interactivity.md,"Decimation preserves pairing, endpoints and provenance",P0,PARTIAL,UNADJUDICATED,UNDECIDED,UNCLASSIFIED,,,MISSING-OR-UNCLASSIFIED,,,,UNVERIFIED,,LIVE-ADJUDICATION,
SB-PLT-016,23_plotting-interactivity.md,Depth-step reconciliation is explicit and conservative,P0,ABSENT,UNADJUDICATED,UNDECIDED,UNCLASSIFIED,,,MISSING-OR-UNCLASSIFIED,,,,UNVERIFIED,,LIVE-ADJUDICATION,
SB-PLT-017,23_plotting-interactivity.md,Zoom beyond loaded data triggers an identified refetch,P1,ABSENT,UNADJUDICATED,UNDECIDED,UNCLASSIFIED,,,MISSING-OR-UNCLASSIFIED,,,,UNVERIFIED,,LIVE-ADJUDICATION,
SB-PLT-018,23_plotting-interactivity.md,"Linked selections are named, typed and persistable",P1,PARTIAL,UNADJUDICATED,UNDECIDED,UNCLASSIFIED,,,MISSING-OR-UNCLASSIFIED,,,,UNVERIFIED,,LIVE-ADJUDICATION,
SB-PLT-019,23_plotting-interactivity.md,Every plot subscribes to the same invalidation contract,P1,PRESENT-OK,UNADJUDICATED,UNDECIDED,UNCLASSIFIED,,,MISSING-OR-UNCLASSIFIED,,,,UNVERIFIED,,LIVE-ADJUDICATION,
SB-PLT-020,23_plotting-interactivity.md,Plot-derived parameter writes carry full provenance,P0,PRESENT-DIVERGENT,UNADJUDICATED,UNDECIDED,UNCLASSIFIED,,,MISSING-OR-UNCLASSIFIED,,,,UNVERIFIED,,LIVE-ADJUDICATION,
SB-PLT-021,23_plotting-interactivity.md,Expression-valued channels are sandboxed and reproducible,P2,PARTIAL,UNADJUDICATED,UNDECIDED,UNCLASSIFIED,,,MISSING-OR-UNCLASSIFIED,,,,UNVERIFIED,,LIVE-ADJUDICATION,
SB-PLT-022,23_plotting-interactivity.md,Faceting precedes decimation,P2,ABSENT,UNADJUDICATED,UNDECIDED,UNCLASSIFIED,,,MISSING-OR-UNCLASSIFIED,,,,UNVERIFIED,,LIVE-ADJUDICATION,
SB-PLT-023,23_plotting-interactivity.md,Every rendered chart is provenance-complete,P0,ABSENT,UNADJUDICATED,UNDECIDED,UNCLASSIFIED,,,MISSING-OR-UNCLASSIFIED,,,,UNVERIFIED,,LIVE-ADJUDICATION,
SB-PLT-024,23_plotting-interactivity.md,Vendor chart payloads are never transcribed,P0,PRESENT-OK,UNADJUDICATED,UNDECIDED,UNCLASSIFIED,,,MISSING-OR-UNCLASSIFIED,,,,UNVERIFIED,,LIVE-ADJUDICATION,
SB-PLT-025,23_plotting-interactivity.md,Plot templates are schema-versioned and scope-aware,P1,PARTIAL,UNADJUDICATED,UNDECIDED,UNCLASSIFIED,,,MISSING-OR-UNCLASSIFIED,,,,UNVERIFIED,,LIVE-ADJUDICATION,
SB-PLT-026,23_plotting-interactivity.md,Export reruns the scientific draw at paper scale,P1,PARTIAL,UNADJUDICATED,UNDECIDED,UNCLASSIFIED,,,MISSING-OR-UNCLASSIFIED,,,,UNVERIFIED,,LIVE-ADJUDICATION,
SB-PLT-027,23_plotting-interactivity.md,Plot state is portable without embedding restricted payloads,P1,PARTIAL,UNADJUDICATED,UNDECIDED,UNCLASSIFIED,,,MISSING-OR-UNCLASSIFIED,,,,UNVERIFIED,,LIVE-ADJUDICATION,
SB-PLT-028,23_plotting-interactivity.md,Static and interaction layers have separate invalidation,P1,PARTIAL,UNADJUDICATED,UNDECIDED,UNCLASSIFIED,,,MISSING-OR-UNCLASSIFIED,,,,UNVERIFIED,,LIVE-ADJUDICATION,
SB-PLT-029,23_plotting-interactivity.md,Asynchronous plot loads are generation-safe,P0,PRESENT-OK,UNADJUDICATED,UNDECIDED,UNCLASSIFIED,,,MISSING-OR-UNCLASSIFIED,,,,UNVERIFIED,,LIVE-ADJUDICATION,
SB-PLT-030,23_plotting-interactivity.md,Interactive canvases remain keyboard and assistive-technology reachable,P1,PRESENT-OK,UNADJUDICATED,UNDECIDED,UNCLASSIFIED,,,MISSING-OR-UNCLASSIFIED,,,,UNVERIFIED,,LIVE-ADJUDICATION,
SB-PLT-031,23_plotting-interactivity.md,No silent record truncation,P0,PARTIAL,UNADJUDICATED,UNDECIDED,UNCLASSIFIED,,,MISSING-OR-UNCLASSIFIED,,,,UNVERIFIED,,LIVE-ADJUDICATION,
SB-PLT-032,23_plotting-interactivity.md,Plot performance is gated on declared hardware,P0,ABSENT,UNADJUDICATED,UNDECIDED,UNCLASSIFIED,,,MISSING-OR-UNCLASSIFIED,,,,UNVERIFIED,,LIVE-ADJUDICATION,
SB-PLT-033,23_plotting-interactivity.md,Pressure-gradient crossplots preserve the geomechanics sign convention,P1,ABSENT,UNADJUDICATED,UNDECIDED,UNCLASSIFIED,,,MISSING-OR-UNCLASSIFIED,,,,UNVERIFIED,,LIVE-ADJUDICATION,
SB-PLT-034,23_plotting-interactivity.md,Ternary plots normalize visibly,P2,ABSENT,UNADJUDICATED,UNDECIDED,UNCLASSIFIED,,,MISSING-OR-UNCLASSIFIED,,,,UNVERIFIED,,LIVE-ADJUDICATION,
SB-PLT-035,23_plotting-interactivity.md,Clay-volume interactive plots use the governed equation,P2,PARTIAL,UNADJUDICATED,UNDECIDED,UNCLASSIFIED,,,MISSING-OR-UNCLASSIFIED,,,,UNVERIFIED,,LIVE-ADJUDICATION,
SB-POR-001,11_porosity.md,"SandiBumi **MUST** present all deterministic porosity methods through one module family with one limiting contract, one flag contract and one output-naming contract. Today three modules ship three of each (§3.3), which is a maintenance liability and a source of answers that differ for reasons the analyst cannot see.",P1,,UNADJUDICATED,UNDECIDED,UNCLASSIFIED,,,MISSING-OR-UNCLASSIFIED,,,,UNVERIFIED,,LIVE-ADJUDICATION,
SB-POR-002,11_porosity.md,"Every porosity method **MUST** emit an **unlimited** pair and a **limited** pair under distinct mnemonics. `phi_den` and `phi_dn` already do (`modules.rs:750-755`, `:846-851`); `phi_son` **MUST** be brought to the same contract. The unlimited curve is what a QC crossplot needs; the limited curve is what pay summation needs, and conflating them hides every clamp.",P1,,UNADJUDICATED,UNDECIDED,UNCLASSIFIED,,,MISSING-OR-UNCLASSIFIED,,,,UNVERIFIED,,LIVE-ADJUDICATION,
SB-POR-003,11_porosity.md,"Every porosity method **MUST** emit a per-sample **branch and limit flag** stream (working name `PHIFLAG`) recording which branch produced the sample and which limit, if any, bound it. IP is the only incumbent that publishes such a stream (F17, F21 — codes 6, 7, 9, 16), and SandiBumi currently has **none** (§3.0). Every clamp identified in §3 — `VSH ≥ 0.95`, the `phie_max·(1−VSH)` ceiling that binds at 0.24 in §3.2's worked case, the `[1.95, 3.0]` and `[−0.015, 0.40]` shale-reduction clamps, `phi_son`'s `[0, 1]` — currently fires **silently**. This is the single cheapest fail-loud-where-they-fail-silent win in the domain.",P0,,UNADJUDICATED,UNDECIDED,UNCLASSIFIED,,,MISSING-OR-UNCLASSIFIED,,,,UNVERIFIED,,LIVE-ADJUDICATION,
SB-POR-004,11_porosity.md,"The mnemonic dictionary **MUST** carry a **porosity family** (`PHIE`, `PHIT`, `PHIA`, `DPHI`, `NPHI_COR`, `PHIE_LIM`, …) and each porosity curve **MUST** carry the method and the volume convention that produced it. Two porosity modules **MUST NOT** write the same output mnemonic: `phi_den` and `phi_dn` both write `PHIE`/`PHIT` today, so the second run silently overwrites the first (§3.4). `curves.rs:21-37` registers fourteen families and no porosity family at all. Without this, F16's ""PhiT is not one quantity"" is unrepresentable and an imported Techlog `PhiT` resolves to a computed Geolog-convention `PHIT` by name collision.",P0,,UNADJUDICATED,UNDECIDED,UNCLASSIFIED,,,MISSING-OR-UNCLASSIFIED,,,,UNVERIFIED,,LIVE-ADJUDICATION,
SB-POR-005,11_porosity.md,"Where a quantity has both a **correction** direction and a **forward-model** direction — pre-eminently excavation, `NPHI_corrected = NPHI + Δ` versus `NPHI_modelled = NPHI − Δ` (F7) — SandiBumi **MUST** implement two separately named functions. It **MUST NOT** implement one function with a sign flag. Techlog's two published forms differ by exactly this and are both correct in their own context; a single sign-flagged function is the shape that eventually gets called with the wrong flag.",P1,,UNADJUDICATED,UNDECIDED,UNCLASSIFIED,,,MISSING-OR-UNCLASSIFIED,,,,UNVERIFIED,,LIVE-ADJUDICATION,
SB-POR-006,11_porosity.md,Every porosity method that consumes a shale/clay volume **MUST** consume a **typed** volume and **MUST** refuse an untyped one. A `VSH` (shale-endpoint) and a `VCL` (wet-clay-endpoint) volume are not interchangeable (F15); the endpoint subtracted must match the volume supplied. The refusal is the requirement — silently accepting either is how a 100 %-shale-point correction gets applied to a clay volume.,P0,,UNADJUDICATED,UNDECIDED,UNCLASSIFIED,,,MISSING-OR-UNCLASSIFIED,,,,UNVERIFIED,,LIVE-ADJUDICATION,
SB-POR-007,11_porosity.md,"`ModuleSpec` parameters **MUST** carry a **source citation and evidence tier** alongside name, unit, default and range, and the dialog **MUST** surface them. The struct has no such field today (§3.9), so §5's `ABSENT — ships with no default` discipline currently has nowhere to live in the product — only in this document.",P1,,UNADJUDICATED,UNDECIDED,UNCLASSIFIED,,,MISSING-OR-UNCLASSIFIED,,,,UNVERIFIED,,LIVE-ADJUDICATION,
SB-POR-008,11_porosity.md,"Clay-bound-water porosity **MUST** be defined once as `PHIT_SH = (RHO_DSH − RHO_SH)/(RHO_DSH − RHO_W)` with `RHO_W` the **formation water** density, in one shared helper, and **MUST** be exported to the `CLY` chapter's `clsr_porosity_corrected` (SB-CLY-044). The shared helper exists and uses the correct fluid (`modules.rs:705-710`); the requirement pins it and publishes it across the seam. The **shale-subtraction** term `(RHO_MA − RHO_SH)/(RHO_MA − RHO_FL)` is a **different quantity** and **MUST NOT** share a name with it (F16).",P0,,UNADJUDICATED,UNDECIDED,UNCLASSIFIED,,,MISSING-OR-UNCLASSIFIED,,,,UNVERIFIED,,LIVE-ADJUDICATION,
SB-POR-009,11_porosity.md,"`PHIT ≥ PHIE` **MUST** hold at every sample by construction — limit `PHIE` first, then rebuild `PHIT` from the limited value (Geolog's ordering, F21). `phi_den:743-747` and `phi_dn:839-843` already do this; the invariant **MUST** additionally be asserted, not merely relied on.",P1,,UNADJUDICATED,UNDECIDED,UNCLASSIFIED,,,MISSING-OR-UNCLASSIFIED,,,,UNVERIFIED,,LIVE-ADJUDICATION,
SB-POR-010,11_porosity.md,"Every porosity curve **SHOULD** carry, in the project audit trail, the method name, the full parameter set and the input curve identities that produced it, sufficient to re-derive it without the session.",P2,,UNADJUDICATED,UNDECIDED,UNCLASSIFIED,,,MISSING-OR-UNCLASSIFIED,,,,UNVERIFIED,,LIVE-ADJUDICATION,
SB-POR-011,11_porosity.md,"Matrix density **MUST** be a single shared parameter across modules that a documented workflow chains. `gascorr` ships `RHO_MA 2.65` while `phi_den`, `phi_dn` and `condflag` ship `2.645` (`modules.rs:1637`ish vs `:687`, `:775`, `:1280`) and `gascorr`'s own doc instructs chaining them (§3.6).",P1,,UNADJUDICATED,UNDECIDED,UNCLASSIFIED,,,MISSING-OR-UNCLASSIFIED,,,,UNVERIFIED,,LIVE-ADJUDICATION,
SB-POR-012,11_porosity.md,"SandiBumi **SHOULD** implement the `CSR` clay-shale-ratio bridge between the `VSH` and `VCL` endpoint families (F15's four IP relations). Neither Geolog nor Techlog can round-trip between the conventions at all, so this is a capability rather than a port. `CSR` **MUST** ship with no default (§5) — silently defaulting it to 1.0 is wrong in every shaly sand in the flattering direction.",P2,,UNADJUDICATED,UNDECIDED,UNCLASSIFIED,,,MISSING-OR-UNCLASSIFIED,,,,UNVERIFIED,,LIVE-ADJUDICATION,
SB-POR-013,11_porosity.md,"The **shale-correction convention** **MUST** be an explicit, named, per-method selection — `NORMALISED` (Geolog: reduce, floor, then rescale by `1 − VSH`) or `SUBTRACTIVE` (Techlog: one pre-correction, answer already effective) — and one method **MUST NOT** mix them. `phi_son`'s `RHG` branch mixes them today: a normalise-convention transform paired with a Wyllie subtractive shale term (`modules.rs:907` + `:915`, §3.3). The convention is worth **1.30–1.55 p.u.** across vendors on identical inputs (F2) and is invisible in every parameter value.",P0,,UNADJUDICATED,UNDECIDED,UNCLASSIFIED,,,MISSING-OR-UNCLASSIFIED,,,,UNVERIFIED,,LIVE-ADJUDICATION,
SB-POR-014,11_porosity.md,"Sonic porosity methods **MUST** be named for what they compute and **MUST NOT** be named for a method they are not. Specifically: the branch at `modules.rs:907` **MUST** be renamed from `RHG (Raymer-Hunt-Gardner)` to `FIELD_OBSERVED`, its coefficient 0.625 **MUST** become a parameter, and any method offered as ""Raymer-Hunt-Gardner"" **MUST** be one of the three published renderings in F3 with its vendor identified. Shipping IP's recommended-over-Wyllie method name against a different transform is the kind of overclaim CONTRACT §5 warns costs the deal.",P0,,UNADJUDICATED,UNDECIDED,UNCLASSIFIED,,,MISSING-OR-UNCLASSIFIED,,,,UNVERIFIED,,LIVE-ADJUDICATION,
SB-POR-015,11_porosity.md,"Non-Wyllie sonic branches **MUST** operate on the shale-reduced, matrix-floored slowness and **MUST** rescale by `(1 − VSH)`, per Geolog's **executed code**, not its doc block. The doc-block form differs by up to **6.3 p.u.** (F4). Wyllie **MUST** retain the subtractive form, on which Geolog and Techlog agree exactly.",P1,,UNADJUDICATED,UNDECIDED,UNCLASSIFIED,,,MISSING-OR-UNCLASSIFIED,,,,UNVERIFIED,,LIVE-ADJUDICATION,
SB-POR-016,11_porosity.md,"Matrix transit time **MUST** be selected per lithology from a cited family, and SandiBumi **MUST NOT** ship a single lithology-agnostic default. Techlog's `DTma 47.5` applied to a clastic section moves Wyllie porosity by **4.5 p.u.** against a sandstone value (F1). The sandstone family itself spans 1.65 p.u. across four cited vendor values and therefore ships as a **cited choice list, not a number** (§5).",P0,,UNADJUDICATED,UNDECIDED,UNCLASSIFIED,,,MISSING-OR-UNCLASSIFIED,,,,UNVERIFIED,,LIVE-ADJUDICATION,
SB-POR-017,11_porosity.md,The Wyllie lack-of-compaction correction **MUST** be guarded so it can only reduce porosity: SandiBumi **MUST** require `Cp ≥ 1` (equivalently `DT_SH > 100 µs/ft`) and **MUST** refuse or flag the sample otherwise. At the shipped `DT_SH = 90` the correction **adds 2.30 p.u. to `PHIE`** — the opposite of its documented purpose (§3.3) — with every value inside every declared range.,P1,,UNADJUDICATED,UNDECIDED,UNCLASSIFIED,,,MISSING-OR-UNCLASSIFIED,,,,UNVERIFIED,,LIVE-ADJUDICATION,
SB-POR-018,11_porosity.md,"Any shale-corrected slowness **MUST** be floored at `DT_MA` before use. Unfloored, Wyllie returns negative porosity and Raiga inverts its ratio above `V_sh = (Δt − Δtma)/(Δtsh − Δtma)` — `V_sh = 0.195` at ordinary values (F5). Geolog added this floor in July 1997 and dates it in its own history block; Techlog publishes the equation without it.",P1,,UNADJUDICATED,UNDECIDED,UNCLASSIFIED,,,MISSING-OR-UNCLASSIFIED,,,,UNVERIFIED,,LIVE-ADJUDICATION,
SB-POR-019,11_porosity.md,"Where a method requires a matrix endpoint **and** a fitted exponent, the two **SHOULD** be selected as a **matched pair per mineral** (Geolog's 55.5/1.60, 47.6/1.76, 43.5/2.00), not as two independent parameters (F1).",P2,,UNADJUDICATED,UNDECIDED,UNCLASSIFIED,,,MISSING-OR-UNCLASSIFIED,,,,UNVERIFIED,,LIVE-ADJUDICATION,
SB-POR-020,11_porosity.md,"SandiBumi **SHOULD** implement exactly one Raymer-Hunt-Gardner rendering as the default, cite which vendor's rendering it is, and **MAY** expose the other two as labelled comparison methods. Three vendors ship three different closed forms under one name (F3); claiming ""Raymer-Hunt- Gardner"" without saying whose is not a defensible claim.",P2,,UNADJUDICATED,UNDECIDED,UNCLASSIFIED,,,MISSING-OR-UNCLASSIFIED,,,,UNVERIFIED,,LIVE-ADJUDICATION,
SB-POR-021,11_porosity.md,"SandiBumi **MUST** implement a **chart-free analytic neutron-density crossplot** as its primary N-D porosity method, following the Bateman & Konen (1977) family that Geolog's `phi_dnbk` implements and that Techlog's neutron-sonic algorithm independently reproduces in structure (F13). This is the method that lets SandiBumi ship a real crossplot porosity without transcribing a single vendor chart value, and it is what §3.2's arithmetic average is standing in for at a cost of **1.64–1.79 p.u.**",P0,,UNADJUDICATED,UNDECIDED,UNCLASSIFIED,,,MISSING-OR-UNCLASSIFIED,,,,UNVERIFIED,,LIVE-ADJUDICATION,
SB-POR-022,11_porosity.md,"Chart-derived porosity paths **MUST** come only from SandiBumi's own gated digitisation pipeline, with its validation gates enforced at build time. `nphimat`/`neutron_charts.rs` is the pattern (§3.6); no vendor lookup table is transcribed, ever.",P1,,UNADJUDICATED,UNDECIDED,UNCLASSIFIED,,,MISSING-OR-UNCLASSIFIED,,,,UNVERIFIED,,LIVE-ADJUDICATION,
SB-POR-023,11_porosity.md,"The arithmetic average `(φD + φN)/2` and the RMS `sqrt((φD² + φN²)/2)` **MUST NOT** be presented as crossplot porosity methods, and the doc string at `modules.rs:770-771` claiming they are *""the standard analytic equivalent""* of chart lookups **MUST** be removed. They **MAY** ship as explicitly labelled quick-look comparison curves. **No vendor ships either as a porosity method** (F14), and IP states of the field shortcuts verbatim that *""they should not be used for anything other than this""*.",P0,,UNADJUDICATED,UNDECIDED,UNCLASSIFIED,,,MISSING-OR-UNCLASSIFIED,,,,UNVERIFIED,,LIVE-ADJUDICATION,
SB-POR-024,11_porosity.md,"N-D crossplot porosity **MUST** refuse to run on a neutron curve whose **matrix units** are not declared, and **MUST** state the declared basis in its output provenance. A limestone-unit neutron against a sandstone matrix reads **~0.04 v/v low in clean water sand** — a fact `condflag`'s doc string already states verbatim (`modules.rs:1261-1264`) and `phi_dn` neither states nor checks (§3.6). All three vendors solve this with chart data; SandiBumi solves it with `nphimat` and must then require it.",P0,,UNADJUDICATED,UNDECIDED,UNCLASSIFIED,,,MISSING-OR-UNCLASSIFIED,,,,UNVERIFIED,,LIVE-ADJUDICATION,
SB-POR-025,11_porosity.md,"Where a method's endpoints depend on borehole fluid salinity, SandiBumi **SHOULD** evaluate the fresh and salt cases and interpolate on fluid density, per Geolog's two-call structure (F13).",P1,,UNADJUDICATED,UNDECIDED,UNCLASSIFIED,,,MISSING-OR-UNCLASSIFIED,,,,UNVERIFIED,,LIVE-ADJUDICATION,
SB-POR-026,11_porosity.md,Gas crossover **SHOULD** be detected and surfaced as a flag on the porosity output. `condflag` already computes `XOVER_FLAG` (`modules.rs:1303`); the requirement is the wiring.,P2,,UNADJUDICATED,UNDECIDED,UNCLASSIFIED,,,MISSING-OR-UNCLASSIFIED,,,,UNVERIFIED,,LIVE-ADJUDICATION,
SB-POR-027,11_porosity.md,"A **neutron-sonic** crossplot porosity **SHOULD** be offered, built on the same two-point apparent-endpoint lever structure as SB-POR-021, and **MUST NOT** reproduce Techlog's published `φ_sh` form (see SB-POR-053 and §7).",P2,,UNADJUDICATED,UNDECIDED,UNCLASSIFIED,,,MISSING-OR-UNCLASSIFIED,,,,UNVERIFIED,,LIVE-ADJUDICATION,
SB-POR-028,11_porosity.md,"The shale-reduction clamps currently hard-coded at `modules.rs:826-827` (`[1.95, 3.0]` g/cc and `[−0.015, 0.40]` v/v) **MUST** become cited parameters, and hitting them **MUST** raise SB-POR-003's flag.",P1,,UNADJUDICATED,UNDECIDED,UNCLASSIFIED,,,MISSING-OR-UNCLASSIFIED,,,,UNVERIFIED,,LIVE-ADJUDICATION,
SB-POR-029,11_porosity.md,"The apparent hydrocarbon **electron density** **MUST** be the *Conventional* form, and its validity envelope **MUST** be stated in the product: it tracks the Gaymard-Poupon quadratic to better than **1.5 %** for `ρ_h ≥ 0.225 g/cc` and degrades monotonically to **−3.1 % at 0.10** (F10). IP's *Modified* form gives **0.0761 vs 0.2452 g/cc at ρ_h = 0.20** — a factor 3.22 — and IP's own two modules disagree about which to use.",P0,,UNADJUDICATED,UNDECIDED,UNCLASSIFIED,,,MISSING-OR-UNCLASSIFIED,,,,UNVERIFIED,,LIVE-ADJUDICATION,
SB-POR-030,11_porosity.md,"The hydrocarbon **hydrogen index** on the neutron side **MUST** be the Gaymard-Poupon quadratic `N_h = 0.15 + 0.2(0.9 − ρ_h)²`, corroborated by Techlog's `9ρN_h` to **1.2 %** and by Poupon's own Eq A-9 to **1.5 %** at gas density. Geolog's `α = 1.67ρ − 0.17` is **1.51× Poupon's gas value** and over-corrects `NPHI` by **+4.1 p.u.** (F11); it is a fix Geolog made on its density side and never propagated to its neutron side, and **MUST NOT** be adopted.",P0,,UNADJUDICATED,UNDECIDED,UNCLASSIFIED,,,MISSING-OR-UNCLASSIFIED,,,,UNVERIFIED,,LIVE-ADJUDICATION,
SB-POR-031,11_porosity.md,"The hydrocarbon correction **SHOULD** be structured as Poupon 1971's `A`/`B` factor architecture (`A` on the density side, `B` on the neutron side, both scaled by `φ·Shr`), which is the primary source all three vendors cite and the only structure in which the vendors' variants can be compared term by term.",P1,,UNADJUDICATED,UNDECIDED,UNCLASSIFIED,,,MISSING-OR-UNCLASSIFIED,,,,UNVERIFIED,,LIVE-ADJUDICATION,
SB-POR-032,11_porosity.md,"Mud-filtrate density `ρmf` and filtrate hydrogen-loss `Pmf` **MUST** be parameters, not literals. Poupon's `ρmf(1 − Pmf) = 0.98` is a *worked-example* value, not a default.",P2,,UNADJUDICATED,UNDECIDED,UNCLASSIFIED,,,MISSING-OR-UNCLASSIFIED,,,,UNVERIFIED,,LIVE-ADJUDICATION,
SB-POR-033,11_porosity.md,"The hydrocarbon chain **MUST** refuse or hard-flag samples outside the validity bounds of the selected model, specifically: `ρ_h < 0.1414 g/cc` (IP Modified goes negative), `ρ_h < 0.1018 g/cc` (Geolog `α` goes negative), and `ρ_h < 0.188 g/cc` (any `N_h` exceeding methane's hydrogen mass fraction `4 × 1.008 / 16.04 = 0.2514`, which is stoichiometry, not a parameter). **Dry gas at shallow-to-moderate reservoir pressure sits inside that band routinely** (F9), and a negative apparent density biases density porosity **low** exactly where the correction matters most. This is the most consequential fail-loud requirement in the chapter.",P0,,UNADJUDICATED,UNDECIDED,UNCLASSIFIED,,,MISSING-OR-UNCLASSIFIED,,,,UNVERIFIED,,LIVE-ADJUDICATION,
SB-POR-034,11_porosity.md,"Hydrocarbon model selection **MUST** be explicit and named by vendor, with all variants available for cross-tool verification, and **MUST** be recorded in the output provenance. Four vendor renderings exist for one physical quantity and three of them fail in gas.",P1,,UNADJUDICATED,UNDECIDED,UNCLASSIFIED,,,MISSING-OR-UNCLASSIFIED,,,,UNVERIFIED,,LIVE-ADJUDICATION,
SB-POR-035,11_porosity.md,"The flushed-zone saturation exponent (`Sxo = Swe^n`) **MUST** ship with **no default** and **MUST** be an explicit user decision. Geolog defaults **0.2** and Techlog/IP default **1** — at `Swe = 0.30` that is `Sxo = 0.786` versus `0.300`, a **0.49 difference in `Sxo`** feeding every hydrocarbon correction, with no parameter ever out of range (F12). These are opposite modelling assumptions, not a tolerance.",P0,,UNADJUDICATED,UNDECIDED,UNCLASSIFIED,,,MISSING-OR-UNCLASSIFIED,,,,UNVERIFIED,,LIVE-ADJUDICATION,
SB-POR-036,11_porosity.md,"A per-zone **force-100 %-wet** switch **SHOULD** be offered, suppressing all hydrocarbon corrections to porosity and raising SB-POR-003's flag. IP's PHIFLAG 16 is the only such switch any vendor publishes (F21).",P2,,UNADJUDICATED,UNDECIDED,UNCLASSIFIED,,,MISSING-OR-UNCLASSIFIED,,,,UNVERIFIED,,LIVE-ADJUDICATION,
SB-POR-037,11_porosity.md,The computed hydrogen index **SHOULD** be asserted against the stoichiometric ceiling 0.2514 at every sample as a cheap internal consistency check.,P2,,UNADJUDICATED,UNDECIDED,UNCLASSIFIED,,,MISSING-OR-UNCLASSIFIED,,,,UNVERIFIED,,LIVE-ADJUDICATION,
SB-POR-038,11_porosity.md,"The existing `gascorr` module **MUST** be documented as a **density-log correction**, distinct from the porosity hydrocarbon chain, and the two **MUST NOT** be chained without an explicit statement of which correction has already been applied — double-correcting is otherwise invisible. `gascorr`'s non-convergence discipline (`modules.rs:1766-1782`, samples stay MISSING) **MUST** be preserved and extended to the porosity chain.",P1,,UNADJUDICATED,UNDECIDED,UNCLASSIFIED,,,MISSING-OR-UNCLASSIFIED,,,,UNVERIFIED,,LIVE-ADJUDICATION,
SB-POR-039,11_porosity.md,"SandiBumi **MUST** implement the neutron excavation effect using the **additive** rendering, `K·(0.02φ + φ^1.8·S_HC·(0.6493 + 0.2149·S_HC))·(1 − S_HC)` in Techlog's parameterisation, with the lithology term as `ρma^2.1` or the equivalent `(ρma/2.65)²` — the two independent implementations that agree to **0.8 %** across the lithology range (F8). Techlog's multiplied rendering is a **typesetting defect** worth a factor **220** (F7) and **MUST NOT** be implemented. IP SSM's `sqrt(ρma/2.65)` is a **four-fold weaker** lithology sensitivity and is the outlier against two independent implementations. The term is **2.9–3.2 p.u.** at the reference case and SandiBumi has none of it today (§3.0).",P1,,UNADJUDICATED,UNDECIDED,UNCLASSIFIED,,,MISSING-OR-UNCLASSIFIED,,,,UNVERIFIED,,LIVE-ADJUDICATION,
SB-POR-040,11_porosity.md,Excavation **MUST** be exposed in both directions as two named functions per SB-POR-005.,P2,,UNADJUDICATED,UNDECIDED,UNCLASSIFIED,,,MISSING-OR-UNCLASSIFIED,,,,UNVERIFIED,,LIVE-ADJUDICATION,
SB-POR-041,11_porosity.md,"Excavation **SHOULD** be suppressed for epithermal and array-neutron tools — real physics that IP and Geolog silently ignore — but the gate **MUST** key on a **resolved tool identity from SandiBumi's own tool register**, never on a vendor tool-name string. Techlog's gate string contains a token matching nothing (`APSC`), a token matching two entries (`SNP`), a token reachable only through a tool whose casing differs between its own two artefacts (`BPHI`/`EcoScope`), and its enum cannot be split on its own delimiter without corrupting every index past the thirteenth (F20). SandiBumi **MUST NOT** copy the string.",P2,,UNADJUDICATED,UNDECIDED,UNCLASSIFIED,,,MISSING-OR-UNCLASSIFIED,,,,UNVERIFIED,,LIVE-ADJUDICATION,
SB-POR-042,11_porosity.md,"The published lithology constants `K` for the classic `K(2φ²Sw + 0.04φ)(1 − Sw)` form **SHOULD** be obtained from Segesman & Liu (1971) or *Log Interpretation Principles* (1969) Ch. 13 and used to adjudicate SB-POR-039's exponent. Until then the exponent ships as a **cited choice between two agreeing implementations**, not as a settled value.",P3,,UNADJUDICATED,UNDECIDED,UNCLASSIFIED,,,MISSING-OR-UNCLASSIFIED,,,,UNVERIFIED,,LIVE-ADJUDICATION,
SB-POR-043,11_porosity.md,"The high-shale kill threshold **MUST** be a cited parameter, not a literal. `VSH >= 0.95` is hard-coded at `modules.rs:732` and `:817`, inherited from Geolog, and produces a **step discontinuity** in `PHIE` at a value the analyst cannot move.",P1,,UNADJUDICATED,UNDECIDED,UNCLASSIFIED,,,MISSING-OR-UNCLASSIFIED,,,,UNVERIFIED,,LIVE-ADJUDICATION,
SB-POR-044,11_porosity.md,"A **smooth** high-shale roll-off **SHOULD** be offered as an alternative to the step, following IP's `(PhiMax + ΔPhiMax)(1 − Vcl)·10^(−10(Vcl − VclCutoff)^1.6)` shape. Its three parameters ship with **no defaults** — IP publishes none (F21).",P1,,UNADJUDICATED,UNDECIDED,UNCLASSIFIED,,,MISSING-OR-UNCLASSIFIED,,,,UNVERIFIED,,LIVE-ADJUDICATION,
SB-POR-045,11_porosity.md,The value `PHIE` is **set to** when the floor binds **MUST** ship with no default and **MUST** be a documented user decision. IP's own manual states **0.001** and **0.0001** for the same quantity in three places (F17); SandiBumi hard-codes `0.001` at `modules.rs:335` with no note that the question is open (§3.5). The quantity only bites in tight and zero-porosity intervals — which is exactly where a net-pay cutoff sits.,P1,,UNADJUDICATED,UNDECIDED,UNCLASSIFIED,,,MISSING-OR-UNCLASSIFIED,,,,UNVERIFIED,,LIVE-ADJUDICATION,
SB-POR-046,11_porosity.md,"If the `VSILT = 1 − VCL − PHIE/PHIMAX` index is offered, IP's own do-not-trust warning **MUST** be surfaced with it.",P2,,UNADJUDICATED,UNDECIDED,UNCLASSIFIED,,,MISSING-OR-UNCLASSIFIED,,,,UNVERIFIED,,LIVE-ADJUDICATION,
SB-POR-047,11_porosity.md,"Porosity methods **MUST** accept the existing `BADHOLE` flag (`modules.rs:1183-1241`) as a declared input and **MUST** record its effect through SB-POR-003, rather than depending on the analyst remembering to set a generic Mask (§3.7).",P1,,UNADJUDICATED,UNDECIDED,UNCLASSIFIED,,,MISSING-OR-UNCLASSIFIED,,,,UNVERIFIED,,LIVE-ADJUDICATION,
SB-POR-048,11_porosity.md,"Porosity methods **MUST** consume `condflag`'s `COAL_FLAG`, `TIGHT_FLAG` and `COND_FLAG` (`modules.rs:1301-1305`) as declared inputs with defined branch behaviour. SandiBumi's conditioning module is **better than any incumbent's** on this point — parameterised, bed-thickness aware, and bad-hole aware so a washout is never called coal — and it is currently not wired to the modules that need it.",P1,,UNADJUDICATED,UNDECIDED,UNCLASSIFIED,,,MISSING-OR-UNCLASSIFIED,,,,UNVERIFIED,,LIVE-ADJUDICATION,
SB-POR-049,11_porosity.md,SandiBumi **MUST NOT** ship hard-coded lithology-kill literals. Techlog's `φ_n > φ_d ∧ 2.91 ≤ ρ_b ≤ 3.5 ∧ φ_n ≤ 0.04 ⇒ φ = 0` is the only numeric kill any vendor publishes and it will zero real porosity in a tight carbonate with no flag and no parameter (F24).,P2,,UNADJUDICATED,UNDECIDED,UNCLASSIFIED,,,MISSING-OR-UNCLASSIFIED,,,,UNVERIFIED,,LIVE-ADJUDICATION,
SB-POR-050,11_porosity.md,"Every iterative porosity solve **MUST** expose its convergence tolerance and iteration cap as parameters, **MUST** state the tolerance as an inequality on the absolute change, and **MUST** treat cap-exhaustion as non-convergence rather than emitting the last iterate. Techlog publishes its N-D test as an **equality** at a **1 p.u.** tolerance — an order of magnitude looser than its own hydrocarbon loop — and ships two different caps (10 in the script, 50 in the doc) for the same loop (F19). `gascorr` already sets the correct precedent (`modules.rs:1766-1782`).",P1,,UNADJUDICATED,UNDECIDED,UNCLASSIFIED,,,MISSING-OR-UNCLASSIFIED,,,,UNVERIFIED,,LIVE-ADJUDICATION,
SB-POR-051,11_porosity.md,"Where more than one unknown may be varied to reach a solution, the **precedence MUST be documented and deterministic**. IP is the only vendor that publishes one — Hc density, then grain density, then `Vcl`, then, as a last resort, **reducing the input log itself** under PHIFLAG 6/7 (F18). A four-free-parameter solve with no stated order is under-specified, and Geolog and Techlog leave it so.",P1,,UNADJUDICATED,UNDECIDED,UNCLASSIFIED,,,MISSING-OR-UNCLASSIFIED,,,,UNVERIFIED,,LIVE-ADJUDICATION,
SB-POR-052,11_porosity.md,"Invalid solver configurations **MUST** be rejected at configuration time. IP documents verbatim that a variable-`Sxo` run requires another variable flag to be active, and then does not enforce it (F18).",P2,,UNADJUDICATED,UNDECIDED,UNCLASSIFIED,,,MISSING-OR-UNCLASSIFIED,,,,UNVERIFIED,,LIVE-ADJUDICATION,
SB-POR-053,11_porosity.md,"Shale porosity in any crossplot **MUST** be formed as a fluid-minus-matrix span. SandiBumi **MUST NOT** implement Techlog's published neutron-sonic `φ_sh = (ΔT_shale − 47.6)/(ΔT − 47.6)`, which divides by the sample's own transit time, returns **4.23** in a fast clean sand, and removes **21 p.u.** at `Vsh = 0.05` (F6). Where a rendered vendor equation is dimensionally inconsistent with every sibling equation in the same product, the vendor equation is the finding.",P1,,UNADJUDICATED,UNDECIDED,UNCLASSIFIED,,,MISSING-OR-UNCLASSIFIED,,,,UNVERIFIED,,LIVE-ADJUDICATION,
SB-POR-054,11_porosity.md,SandiBumi **MUST** state one canonical sign convention for every matrix/fluid/log transform and **MUST** carry a test proving algebraic identity with the inverted forms that Geolog (`por_from_rhob.lls`) and Techlog (N-D crossplot page) publish (F22). Two independent vendors write these with both numerator and denominator inverted; a reader porting either line verbatim without noticing both flips ships a sign error that is invisible in review.,P1,,UNADJUDICATED,UNDECIDED,UNCLASSIFIED,,,MISSING-OR-UNCLASSIFIED,,,,UNVERIFIED,,LIVE-ADJUDICATION,
SB-POR-055,11_porosity.md,"Every petrophysical parameter in this domain **MUST** carry a source string and tier, and where the held sources disagree with no defensible adjudication the parameter **MUST** ship `ABSENT — ships with no default` with the competing values visible. This is a standing project decision. It applies immediately to `RHO_SH`, `RHO_DSH`, `NPHI_SH`, `DT_SH` and `RHO_MA`, all of which ship today as uncited numbers (§3.1) — and `RHO_DSH = 2.65` matches **no held source at all** while setting `PHIT_SH` a factor **1.73 low** against the nearest vendor. For Techlog specifically, neither its script nor its doc may be treated as authoritative alone: **nine** shipped quantities disagree between the two, including two values inside one equation (F23).",P0,,UNADJUDICATED,UNDECIDED,UNCLASSIFIED,,,MISSING-OR-UNCLASSIFIED,,,,UNVERIFIED,,LIVE-ADJUDICATION,
SB-POR-056,11_porosity.md,"Porosity **MUST** be carried internally in `v/v`, transit time in `µs/ft` and density in `g/cc`, with display units a presentation concern. Geolog ships `K/M3` and `US/M` internally (F22) and Techlog ships filtrate salinity in **four** unit/value combinations (F23); the canonical-unit rule is what keeps an import from either from arriving 1000× out.",P2,,UNADJUDICATED,UNDECIDED,UNCLASSIFIED,,,MISSING-OR-UNCLASSIFIED,,,,UNVERIFIED,,LIVE-ADJUDICATION,
SB-POR-057,11_porosity.md,"Quick-look comparison curves **MUST** be visually and structurally distinguishable from computed methods — different mnemonic family, flagged in provenance, excluded by default from pay summation.",P2,,UNADJUDICATED,UNDECIDED,UNCLASSIFIED,,,MISSING-OR-UNCLASSIFIED,,,,UNVERIFIED,,LIVE-ADJUDICATION,
SB-POR-058,11_porosity.md,"A module **MUST NOT** present a parameter its computation does not read. `sspw_spec` declares `NPHI_MAT`, `NPHI_SH` and `NPHI_FL` (`ssc.rs:370`, `:372`, `:377`) and `sspw()` reads none of them (§3.8). Until the re-port against `sspw.lls` is signed off, those parameters **MUST** be removed from the spec or marked inactive in the dialog. An honest module header (`ssc.rs:37-41`) is invisible to `moduleDialog.ts`; a user who tunes `NPHI_SH` and sees no change has been told a falsehood by the UI.",P0,,UNADJUDICATED,UNDECIDED,UNCLASSIFIED,,,MISSING-OR-UNCLASSIFIED,,,,UNVERIFIED,,LIVE-ADJUDICATION,
SB-POR-059,11_porosity.md,"`sspw()`'s gas conditioning **MUST** be brought to the same RMS midpoint `sqrt((φD² + NPHI²)/2)` that `ssc()` uses. `ssc.rs:433` still runs the weight that `ssc.rs:172-178` records as *inverting the D-N crossover* and that was fixed in `ssc()` on 2026-07-29. At `φD = 0.25, NPHI = 0.10` the two shipped modules return **0.1903943** and **0.1431782** — **4.72 p.u. apart, with `sspw` biased low in gas**, the direction that under-reports pay.",P0,,UNADJUDICATED,UNDECIDED,UNCLASSIFIED,,,MISSING-OR-UNCLASSIFIED,,,,UNVERIFIED,,LIVE-ADJUDICATION,
SB-POR-060,11_porosity.md,"SandiBumi **SHOULD** import vendor parameter sets (IP `.par`-style, Geolog `.info` defaults, Techlog parameter decks) as **cited, tiered, read-only** parameter sets that populate SB-POR-007's provenance rather than becoming SandiBumi defaults.",P2,,UNADJUDICATED,UNDECIDED,UNCLASSIFIED,,,MISSING-OR-UNCLASSIFIED,,,,UNVERIFIED,,LIVE-ADJUDICATION,
SB-POR-061,11_porosity.md,"A porosity **method audit report** **SHOULD** be producible per well: every method run, every parameter with its source and tier, every flag raised with its sample count, and every limit that bound. This is the deliverable-defence artefact none of the three incumbents produces.",P3,,UNADJUDICATED,UNDECIDED,UNCLASSIFIED,,,MISSING-OR-UNCLASSIFIED,,,,UNVERIFIED,,LIVE-ADJUDICATION,
SB-POR-062,11_porosity.md,"Core-porosity calibration **MAY** be offered as a post-check against computed porosity, reporting bias and scatter per method, with no automatic adjustment of any parameter.",P3,,UNADJUDICATED,UNDECIDED,UNCLASSIFIED,,,MISSING-OR-UNCLASSIFIED,,,,UNVERIFIED,,LIVE-ADJUDICATION,
SB-RPH-001,25_fluidsub-rockphysics.md,Use one typed SI-with-GPa elastic state,P0,ABSENT,UNADJUDICATED,UNDECIDED,UNCLASSIFIED,,"`SB-RPH-T01`, `SB-RPH-T02`, `SB-RPH-T03`",MISSING-OR-UNCLASSIFIED,,,,UNVERIFIED,,LIVE-ADJUDICATION,
SB-RPH-002,25_fluidsub-rockphysics.md,Derive the complete isotropic elastic suite,P1,ABSENT,UNADJUDICATED,UNDECIDED,UNCLASSIFIED,,"`SB-RPH-T04`, `SB-RPH-T05`",MISSING-OR-UNCLASSIFIED,,,,UNVERIFIED,,LIVE-ADJUDICATION,
SB-RPH-003,25_fluidsub-rockphysics.md,Implement guarded Gassmann forward and inverse,P0,ABSENT,UNADJUDICATED,UNDECIDED,UNCLASSIFIED,,"`SB-RPH-T06`, `SB-RPH-T07`, `SB-RPH-T08`",MISSING-OR-UNCLASSIFIED,,,,UNVERIFIED,,LIVE-ADJUDICATION,
SB-RPH-004,25_fluidsub-rockphysics.md,Re-synthesize density and velocities from the substituted state,P1,ABSENT,UNADJUDICATED,UNDECIDED,UNCLASSIFIED,,"`SB-RPH-T06`, `SB-RPH-T09`",MISSING-OR-UNCLASSIFIED,,,,UNVERIFIED,,LIVE-ADJUDICATION,
SB-RPH-005,25_fluidsub-rockphysics.md,"Persist method, state and failure provenance",P0,ABSENT,UNADJUDICATED,UNDECIDED,UNCLASSIFIED,,"`SB-RPH-T10`, `SB-RPH-T11`",MISSING-OR-UNCLASSIFIED,,,,UNVERIFIED,,LIVE-ADJUDICATION,
SB-RPH-006,25_fluidsub-rockphysics.md,Derive fluid properties from published physics,P1,ABSENT,UNADJUDICATED,UNDECIDED,UNCLASSIFIED,,SB-RPH-T12,MISSING-OR-UNCLASSIFIED,,,,UNVERIFIED,,LIVE-ADJUDICATION,
SB-RPH-007,25_fluidsub-rockphysics.md,Select a named fluid-mixing law,P1,ABSENT,UNADJUDICATED,UNDECIDED,UNCLASSIFIED,,"`SB-RPH-T13`, `SB-RPH-T14`",MISSING-OR-UNCLASSIFIED,,,,UNVERIFIED,,LIVE-ADJUDICATION,
SB-RPH-008,25_fluidsub-rockphysics.md,Preserve Brie's liquid-lumping semantics,P1,ABSENT,UNADJUDICATED,UNDECIDED,UNCLASSIFIED,,"`SB-RPH-T13`, `SB-RPH-T14`, `SB-RPH-T15`",MISSING-OR-UNCLASSIFIED,,,,UNVERIFIED,,LIVE-ADJUDICATION,
SB-RPH-009,25_fluidsub-rockphysics.md,Compute mineral bounds beside every mixture,P1,ABSENT,UNADJUDICATED,UNDECIDED,UNCLASSIFIED,,SB-RPH-T16,MISSING-OR-UNCLASSIFIED,,,,UNVERIFIED,,LIVE-ADJUDICATION,
SB-RPH-010,25_fluidsub-rockphysics.md,Govern elastic endpoints without copying vendor tables,P0,ABSENT,UNADJUDICATED,UNDECIDED,UNCLASSIFIED,,"`SB-RPH-T17`, `SB-RPH-T18`",MISSING-OR-UNCLASSIFIED,,,,UNVERIFIED,,LIVE-ADJUDICATION,
SB-RPH-011,25_fluidsub-rockphysics.md,Keep critical and depositional porosity distinct,P0,ABSENT,UNADJUDICATED,UNDECIDED,UNCLASSIFIED,,SB-RPH-T19,MISSING-OR-UNCLASSIFIED,,,,UNVERIFIED,,LIVE-ADJUDICATION,
SB-RPH-012,25_fluidsub-rockphysics.md,Implement critical-porosity and suspension domains,P1,ABSENT,UNADJUDICATED,UNDECIDED,UNCLASSIFIED,,SB-RPH-T20,MISSING-OR-UNCLASSIFIED,,,,UNVERIFIED,,LIVE-ADJUDICATION,
SB-RPH-013,25_fluidsub-rockphysics.md,Implement Krief with the cited exponent,P2,ABSENT,UNADJUDICATED,UNDECIDED,UNCLASSIFIED,,SB-RPH-T21,MISSING-OR-UNCLASSIFIED,,,,UNVERIFIED,,LIVE-ADJUDICATION,
SB-RPH-014,25_fluidsub-rockphysics.md,Require Hertz–Mindlin adhesion explicitly,P0,ABSENT,UNADJUDICATED,UNDECIDED,UNCLASSIFIED,,"`SB-RPH-T22`, `SB-RPH-T23`",MISSING-OR-UNCLASSIFIED,,,,UNVERIFIED,,LIVE-ADJUDICATION,
SB-RPH-015,25_fluidsub-rockphysics.md,Keep empirical shear scaling separate,P1,ABSENT,UNADJUDICATED,UNDECIDED,UNCLASSIFIED,,SB-RPH-T24,MISSING-OR-UNCLASSIFIED,,,,UNVERIFIED,,LIVE-ADJUDICATION,
SB-RPH-016,25_fluidsub-rockphysics.md,"Distinguish soft, stiff and external dry frames",P2,ABSENT,UNADJUDICATED,UNDECIDED,UNCLASSIFIED,,SB-RPH-T25,MISSING-OR-UNCLASSIFIED,,,,UNVERIFIED,,LIVE-ADJUDICATION,
SB-RPH-017,25_fluidsub-rockphysics.md,Gate effective-medium models by their validity domains,P2,ABSENT,UNADJUDICATED,UNDECIDED,UNCLASSIFIED,,SB-RPH-T26,MISSING-OR-UNCLASSIFIED,,,,UNVERIFIED,,LIVE-ADJUDICATION,
SB-RPH-018,25_fluidsub-rockphysics.md,Support finite-shear pore fillers only from primary equations,P2,ABSENT,UNADJUDICATED,UNDECIDED,UNCLASSIFIED,,SB-RPH-T27,MISSING-OR-UNCLASSIFIED,,,,UNVERIFIED,,LIVE-ADJUDICATION,
SB-RPH-019,25_fluidsub-rockphysics.md,Specify Bayesian inversion without cloning its solver,P3,ABSENT,UNADJUDICATED,UNDECIDED,UNCLASSIFIED,,SB-RPH-T28,MISSING-OR-UNCLASSIFIED,,,,UNVERIFIED,,LIVE-ADJUDICATION,
SB-RPH-020,25_fluidsub-rockphysics.md,Lock empirical shear correlations to their native units,P1,ABSENT,UNADJUDICATED,UNDECIDED,UNCLASSIFIED,,"`SB-RPH-T29`, `SB-RPH-T30`",MISSING-OR-UNCLASSIFIED,,,,UNVERIFIED,,LIVE-ADJUDICATION,
SB-RPH-021,25_fluidsub-rockphysics.md,Keep alternative shear methods semantically addressed,P2,ABSENT,UNADJUDICATED,UNDECIDED,UNCLASSIFIED,,SB-RPH-T31,MISSING-OR-UNCLASSIFIED,,,,UNVERIFIED,,LIVE-ADJUDICATION,
SB-RPH-022,25_fluidsub-rockphysics.md,Produce a complete Backus TI tensor,P1,ABSENT,UNADJUDICATED,UNDECIDED,UNCLASSIFIED,,"`SB-RPH-T32`, `SB-RPH-T33`",MISSING-OR-UNCLASSIFIED,,,,UNVERIFIED,,LIVE-ADJUDICATION,
SB-RPH-023,25_fluidsub-rockphysics.md,Make SH/SV assignment an explicit measured decision,P0,ABSENT,UNADJUDICATED,UNDECIDED,UNCLASSIFIED,,"`SB-RPH-T34`, `SB-RPH-T35`",MISSING-OR-UNCLASSIFIED,,,,UNVERIFIED,,LIVE-ADJUDICATION,
SB-RPH-024,25_fluidsub-rockphysics.md,"Separate TIV, tilted-TIV and orthotropic input contracts",P2,ABSENT,UNADJUDICATED,UNDECIDED,UNCLASSIFIED,,SB-RPH-T36,MISSING-OR-UNCLASSIFIED,,,,UNVERIFIED,,LIVE-ADJUDICATION,
SB-RPH-025,25_fluidsub-rockphysics.md,Reject non-positive-definite stiffness states,P0,ABSENT,UNADJUDICATED,UNDECIDED,UNCLASSIFIED,,"`SB-RPH-T37`, `SB-RPH-T38`",MISSING-OR-UNCLASSIFIED,,,,UNVERIFIED,,LIVE-ADJUDICATION,
SB-RPH-026,25_fluidsub-rockphysics.md,Emit the full named elastic-attribute suite,P1,ABSENT,UNADJUDICATED,UNDECIDED,UNCLASSIFIED,,"`SB-RPH-T04`, `SB-RPH-T39`",MISSING-OR-UNCLASSIFIED,,,,UNVERIFIED,,LIVE-ADJUDICATION,
SB-RPH-027,25_fluidsub-rockphysics.md,Treat Elastic Impedance as unit-system-dependent,P1,ABSENT,UNADJUDICATED,UNDECIDED,UNCLASSIFIED,,SB-RPH-T40,MISSING-OR-UNCLASSIFIED,,,,UNVERIFIED,,LIVE-ADJUDICATION,
SB-RPH-028,25_fluidsub-rockphysics.md,Provide exact and declared approximate reflectivity,P2,ABSENT,UNADJUDICATED,UNDECIDED,UNCLASSIFIED,,"`SB-RPH-T41`, `SB-RPH-T42`",MISSING-OR-UNCLASSIFIED,,,,UNVERIFIED,,LIVE-ADJUDICATION,
SB-RPH-029,25_fluidsub-rockphysics.md,Build synthetics from explicit wavelet and sampling state,P2,ABSENT,UNADJUDICATED,UNDECIDED,UNCLASSIFIED,,SB-RPH-T43,MISSING-OR-UNCLASSIFIED,,,,UNVERIFIED,,LIVE-ADJUDICATION,
SB-RPH-030,25_fluidsub-rockphysics.md,Keep simple dispersion distinct from fitted dispersion,P3,ABSENT,UNADJUDICATED,UNDECIDED,UNCLASSIFIED,,SB-RPH-T44,MISSING-OR-UNCLASSIFIED,,,,UNVERIFIED,,LIVE-ADJUDICATION,
SB-RPH-031,25_fluidsub-rockphysics.md,Consume array logs without flattening their geometry,P1,ABSENT,UNADJUDICATED,UNDECIDED,UNCLASSIFIED,,SB-RPH-T45,MISSING-OR-UNCLASSIFIED,,,,UNVERIFIED,,LIVE-ADJUDICATION,
SB-RPH-032,25_fluidsub-rockphysics.md,Make image geometry corrections reversible,P0,ABSENT,UNADJUDICATED,UNDECIDED,UNCLASSIFIED,,"`SB-RPH-T46`, `SB-RPH-T47`",MISSING-OR-UNCLASSIFIED,,,,UNVERIFIED,,LIVE-ADJUDICATION,
SB-RPH-033,25_fluidsub-rockphysics.md,Condition buttons and pads after speed correction,P1,ABSENT,UNADJUDICATED,UNDECIDED,UNCLASSIFIED,,SB-RPH-T48,MISSING-OR-UNCLASSIFIED,,,,UNVERIFIED,,LIVE-ADJUDICATION,
SB-RPH-034,25_fluidsub-rockphysics.md,Recover dip direction with full quadrants,P1,ABSENT,UNADJUDICATED,UNDECIDED,UNCLASSIFIED,,"`SB-RPH-T49`, `SB-RPH-T50`",MISSING-OR-UNCLASSIFIED,,,,UNVERIFIED,,LIVE-ADJUDICATION,
SB-RPH-035,25_fluidsub-rockphysics.md,Prevent magnetic-declination double application,P0,ABSENT,UNADJUDICATED,UNDECIDED,UNCLASSIFIED,,"`SB-RPH-T51`, `SB-RPH-T52`",MISSING-OR-UNCLASSIFIED,,,,UNVERIFIED,,LIVE-ADJUDICATION,
SB-RPH-036,25_fluidsub-rockphysics.md,Calibrate image porosity to interval electrical parameters,P2,ABSENT,UNADJUDICATED,UNDECIDED,UNCLASSIFIED,,SB-RPH-T53,MISSING-OR-UNCLASSIFIED,,,,UNVERIFIED,,LIVE-ADJUDICATION,
SB-RPH-037,25_fluidsub-rockphysics.md,Require calibrated fracture-aperture constants and convention,P1,ABSENT,UNADJUDICATED,UNDECIDED,UNCLASSIFIED,,"`SB-RPH-T54`, `SB-RPH-T55`",MISSING-OR-UNCLASSIFIED,,,,UNVERIFIED,,LIVE-ADJUDICATION,
SB-RPH-038,25_fluidsub-rockphysics.md,Expose all three Terzaghi policies,P1,ABSENT,UNADJUDICATED,UNDECIDED,UNCLASSIFIED,,"`SB-RPH-T56`, `SB-RPH-T57`",MISSING-OR-UNCLASSIFIED,,,,UNVERIFIED,,LIVE-ADJUDICATION,
SB-RPH-039,25_fluidsub-rockphysics.md,Compute fracture intensity with explicit geometry,P2,ABSENT,UNADJUDICATED,UNDECIDED,UNCLASSIFIED,,SB-RPH-T58,MISSING-OR-UNCLASSIFIED,,,,UNVERIFIED,,LIVE-ADJUDICATION,
SB-RPH-040,25_fluidsub-rockphysics.md,Name pooled and area-weight statistics separately,P2,ABSENT,UNADJUDICATED,UNDECIDED,UNCLASSIFIED,,SB-RPH-T59,MISSING-OR-UNCLASSIFIED,,,,UNVERIFIED,,LIVE-ADJUDICATION,
SB-RPH-041,25_fluidsub-rockphysics.md,Refuse metadata-free fracture outputs,P0,ABSENT,UNADJUDICATED,UNDECIDED,UNCLASSIFIED,,"`SB-RPH-T60`, `SB-RPH-T61`",MISSING-OR-UNCLASSIFIED,,,,UNVERIFIED,,LIVE-ADJUDICATION,
SB-RPH-042,25_fluidsub-rockphysics.md,Preserve non-destructive core-photo conditioning,P0,PRESENT-OK,UNADJUDICATED,UNDECIDED,UNCLASSIFIED,,"`SB-RPH-T62`, `SB-RPH-T63`",MISSING-OR-UNCLASSIFIED,,,,UNVERIFIED,,LIVE-ADJUDICATION,
SB-RPH-043,25_fluidsub-rockphysics.md,Separate colour correction from detail-changing operations,P1,PRESENT-OK,UNADJUDICATED,UNDECIDED,UNCLASSIFIED,,SB-RPH-T64,MISSING-OR-UNCLASSIFIED,,,,UNVERIFIED,,LIVE-ADJUDICATION,
SB-RPH-044,25_fluidsub-rockphysics.md,Require interval geometry before core-log extraction,P0,PRESENT-OK,UNADJUDICATED,UNDECIDED,UNCLASSIFIED,,SB-RPH-T65,MISSING-OR-UNCLASSIFIED,,,,UNVERIFIED,,LIVE-ADJUDICATION,
SB-RPH-045,25_fluidsub-rockphysics.md,Keep white-light and ultraviolet meanings distinct,P0,PRESENT-OK,UNADJUDICATED,UNDECIDED,UNCLASSIFIED,,"`SB-RPH-T66`, `SB-RPH-T67`",MISSING-OR-UNCLASSIFIED,,,,UNVERIFIED,,LIVE-ADJUDICATION,
SB-RPH-046,25_fluidsub-rockphysics.md,Keep image-derived lithology a labeled proxy,P1,PRESENT-OK,UNADJUDICATED,UNDECIDED,UNCLASSIFIED,,"`SB-RPH-T68`, `SB-RPH-T69`",MISSING-OR-UNCLASSIFIED,,,,UNVERIFIED,,LIVE-ADJUDICATION,
SB-RPH-047,25_fluidsub-rockphysics.md,Preserve fractional lane geometry and inspectable strips,P1,PRESENT-OK,UNADJUDICATED,UNDECIDED,UNCLASSIFIED,,"`SB-RPH-T70`, `SB-RPH-T71`",MISSING-OR-UNCLASSIFIED,,,,UNVERIFIED,,LIVE-ADJUDICATION,
SB-RPH-048,25_fluidsub-rockphysics.md,Keep automatic core advice proposal-only,P1,PRESENT-OK,UNADJUDICATED,UNDECIDED,UNCLASSIFIED,,"`SB-RPH-T72`, `SB-RPH-T73`",MISSING-OR-UNCLASSIFIED,,,,UNVERIFIED,,LIVE-ADJUDICATION,
SB-RPH-049,25_fluidsub-rockphysics.md,Make every method batch-safe and versioned,P1,ABSENT,UNADJUDICATED,UNDECIDED,UNCLASSIFIED,,SB-RPH-T74,MISSING-OR-UNCLASSIFIED,,,,UNVERIFIED,,LIVE-ADJUDICATION,
SB-RPH-050,25_fluidsub-rockphysics.md,Validate method-specific inputs before calculation,P1,ABSENT,UNADJUDICATED,UNDECIDED,UNCLASSIFIED,,SB-RPH-T75,MISSING-OR-UNCLASSIFIED,,,,UNVERIFIED,,LIVE-ADJUDICATION,
SB-RPH-051,25_fluidsub-rockphysics.md,Persist enough provenance to reproduce every number,P0,PARTIAL,UNADJUDICATED,UNDECIDED,UNCLASSIFIED,,"`SB-RPH-T10`, `SB-RPH-T76`",MISSING-OR-UNCLASSIFIED,,,,UNVERIFIED,,LIVE-ADJUDICATION,
SB-RPH-052,25_fluidsub-rockphysics.md,Never accept and ignore a parameter,P1,ABSENT,UNADJUDICATED,UNDECIDED,UNCLASSIFIED,,SB-RPH-T77,MISSING-OR-UNCLASSIFIED,,,,UNVERIFIED,,LIVE-ADJUDICATION,
SB-SAT-001,12_saturation.md,"Name every saturation model by its equation, never by a vendor adjective",P0,PRESENT-DIVERGENT,UNADJUDICATED,UNDECIDED,UNCLASSIFIED,,"`SB-SAT-T01`, `SB-SAT-T02`, `SB-SAT-T30`",MISSING-OR-UNCLASSIFIED,,,,UNVERIFIED,,LIVE-ADJUDICATION,
SB-SAT-002,12_saturation.md,Ship effective and total Archie as separate named methods,P0,ABSENT,UNADJUDICATED,UNDECIDED,UNCLASSIFIED,,"`SB-SAT-T03`, `SB-SAT-T04`",MISSING-OR-UNCLASSIFIED,,,,UNVERIFIED,,LIVE-ADJUDICATION,
SB-SAT-003,12_saturation.md,Ship a vendor alias table and resolve imports through it,P1,ABSENT,UNADJUDICATED,UNDECIDED,UNCLASSIFIED,,"`SB-SAT-T01`, `SB-SAT-T05`",MISSING-OR-UNCLASSIFIED,,,,UNVERIFIED,,LIVE-ADJUDICATION,
SB-SAT-004,12_saturation.md,"Simandoux: two variants, with `C` on the Schlumberger variant only",P1,PRESENT-DIVERGENT,UNADJUDICATED,UNDECIDED,UNCLASSIFIED,,"`SB-SAT-T06`, `SB-SAT-T07`",MISSING-OR-UNCLASSIFIED,,,,UNVERIFIED,,LIVE-ADJUDICATION,
SB-SAT-005,12_saturation.md,Simandoux `a` ships with no default,P1,PRESENT-DIVERGENT,UNADJUDICATED,UNDECIDED,UNCLASSIFIED,,"`SB-SAT-T08`, `SB-SAT-T31`",MISSING-OR-UNCLASSIFIED,,,,UNVERIFIED,,LIVE-ADJUDICATION,
SB-SAT-006,12_saturation.md,Indonesia with a parameterised shale exponent,P1,PARTIAL,UNADJUDICATED,UNDECIDED,UNCLASSIFIED,,"`SB-SAT-T09`, `SB-SAT-T10`, `SB-SAT-T30`",MISSING-OR-UNCLASSIFIED,,,,UNVERIFIED,,LIVE-ADJUDICATION,
SB-SAT-007,12_saturation.md,Woodhouse Tar as a cited alias of Indonesia `k = 2`,P2,PARTIAL,UNADJUDICATED,UNDECIDED,UNCLASSIFIED,,"`SB-SAT-T10`, `SB-SAT-T35`",MISSING-OR-UNCLASSIFIED,,,,UNVERIFIED,,LIVE-ADJUDICATION,
SB-SAT-008,12_saturation.md,Total Shale as a preset of `simandoux_modified_slb` with `n` fixed at 2,P2,ABSENT,UNADJUDICATED,UNDECIDED,UNCLASSIFIED,,"`SB-SAT-T11`, `SB-SAT-T12`",MISSING-OR-UNCLASSIFIED,,,,UNVERIFIED,,LIVE-ADJUDICATION,
SB-SAT-009,12_saturation.md,"Juhász: shale-derived coefficient, shale-based normalization, model's own `m*`",P1,PARTIAL,UNADJUDICATED,UNDECIDED,UNCLASSIFIED,,"`SB-SAT-T13`, `SB-SAT-T14`, `SB-SAT-T30`",MISSING-OR-UNCLASSIFIED,,,,UNVERIFIED,,LIVE-ADJUDICATION,
SB-SAT-010,12_saturation.md,Juhász MUST flag a negative excess-conductivity coefficient,P0,ABSENT,UNADJUDICATED,UNDECIDED,UNCLASSIFIED,,SB-SAT-T15,MISSING-OR-UNCLASSIFIED,,,,UNVERIFIED,,LIVE-ADJUDICATION,
SB-SAT-011,12_saturation.md,Waxman-Smits with `a` exposed,P1,PARTIAL,UNADJUDICATED,UNDECIDED,UNCLASSIFIED,,SB-SAT-T16,MISSING-OR-UNCLASSIFIED,,,,UNVERIFIED,,LIVE-ADJUDICATION,
SB-SAT-012,12_saturation.md,"`B` MUST be a unit-typed quantity, canonically `L·S/(eq·m)`",P0,PRESENT-DIVERGENT,UNADJUDICATED,UNDECIDED,UNCLASSIFIED,,"`SB-SAT-T17`, `SB-SAT-T18`",MISSING-OR-UNCLASSIFIED,,,,UNVERIFIED,,LIVE-ADJUDICATION,
SB-SAT-013,12_saturation.md,"`Qv` MUST be unit-typed, canonically meq/mL",P0,PRESENT-DIVERGENT,UNADJUDICATED,UNDECIDED,UNCLASSIFIED,,"`SB-SAT-T19`, `SB-SAT-T20`",MISSING-OR-UNCLASSIFIED,,,,UNVERIFIED,,LIVE-ADJUDICATION,
SB-SAT-014,12_saturation.md,"`B(T,Rw)` MUST consume typed °C and clamp `B ≥ 0`",P0,PRESENT-DIVERGENT,UNADJUDICATED,UNDECIDED,UNCLASSIFIED,,"`SB-SAT-T21`, `SB-SAT-T22`",MISSING-OR-UNCLASSIFIED,,,,UNVERIFIED,,LIVE-ADJUDICATION,
SB-SAT-015,12_saturation.md,`B` method ships with no default and four named options,P1,PARTIAL,UNADJUDICATED,UNDECIDED,UNCLASSIFIED,,"`SB-SAT-T23`, `SB-SAT-T31`",MISSING-OR-UNCLASSIFIED,,,,UNVERIFIED,,LIVE-ADJUDICATION,
SB-SAT-016,12_saturation.md,Dual water ships in two named forms,P2,PARTIAL,UNADJUDICATED,UNDECIDED,UNCLASSIFIED,,"`SB-SAT-T24`, `SB-SAT-T25`",MISSING-OR-UNCLASSIFIED,,,,UNVERIFIED,,LIVE-ADJUDICATION,
SB-SAT-017,12_saturation.md,The excess-conductivity coefficient MUST be `Swb·(Cwb − Cw)`,P1,PRESENT-OK,UNADJUDICATED,UNDECIDED,UNCLASSIFIED,,SB-SAT-T26,MISSING-OR-UNCLASSIFIED,,,,UNVERIFIED,,LIVE-ADJUDICATION,
SB-SAT-018,12_saturation.md,`vQ` MUST switch temperature form on the expansion branch,P1,PRESENT-DIVERGENT,UNADJUDICATED,UNDECIDED,UNCLASSIFIED,,SB-SAT-T27,MISSING-OR-UNCLASSIFIED,,,,UNVERIFIED,,LIVE-ADJUDICATION,
SB-SAT-019,12_saturation.md,α MUST include the Debye-Hückel activity ratio,P1,PRESENT-DIVERGENT,UNADJUDICATED,UNDECIDED,UNCLASSIFIED,,SB-SAT-T28,MISSING-OR-UNCLASSIFIED,,,,UNVERIFIED,,LIVE-ADJUDICATION,
SB-SAT-020,12_saturation.md,β MUST carry the salinity dilution factor,P2,ABSENT,UNADJUDICATED,UNDECIDED,UNCLASSIFIED,,SB-SAT-T29,MISSING-OR-UNCLASSIFIED,,,,UNVERIFIED,,LIVE-ADJUDICATION,
SB-SAT-021,12_saturation.md,`Qv > 1/vQ` MUST flag; `Swb ≤ 1 − φe/φt` MUST clamp,P2,ABSENT,UNADJUDICATED,UNDECIDED,UNCLASSIFIED,,SB-SAT-T32,MISSING-OR-UNCLASSIFIED,,,,UNVERIFIED,,LIVE-ADJUDICATION,
SB-SAT-022,12_saturation.md,`vQ0` ships absent,P1,PRESENT-DIVERGENT,UNADJUDICATED,UNDECIDED,UNCLASSIFIED,,"`SB-SAT-T31`, `SB-SAT-T33`",MISSING-OR-UNCLASSIFIED,,,,UNVERIFIED,,LIVE-ADJUDICATION,
SB-SAT-023,12_saturation.md,"The effective back-out is per model, never blanket",P1,PRESENT-DIVERGENT,UNADJUDICATED,UNDECIDED,UNCLASSIFIED,,"`SB-SAT-T34`, `SB-SAT-T35`, `SB-SAT-T36`",MISSING-OR-UNCLASSIFIED,,,,UNVERIFIED,,LIVE-ADJUDICATION,
SB-SAT-024,12_saturation.md,"`SWE_IRR` is an effective quantity, transformed per model",P2,PRESENT-OK,UNADJUDICATED,UNDECIDED,UNCLASSIFIED,,SB-SAT-T37,MISSING-OR-UNCLASSIFIED,,,,UNVERIFIED,,LIVE-ADJUDICATION,
SB-SAT-025,12_saturation.md,Every method emits a clipped and an unclipped curve,P1,PARTIAL,UNADJUDICATED,UNDECIDED,UNCLASSIFIED,,SB-SAT-T38,MISSING-OR-UNCLASSIFIED,,,,UNVERIFIED,,LIVE-ADJUDICATION,
SB-SAT-026,12_saturation.md,Never emit a bare `SW`; always emit a method-flag curve,P1,PARTIAL,UNADJUDICATED,UNDECIDED,UNCLASSIFIED,,"`SB-SAT-T39`, `SB-SAT-T40`",MISSING-OR-UNCLASSIFIED,,,,UNVERIFIED,,LIVE-ADJUDICATION,
SB-SAT-027,12_saturation.md,One shared root-finder with Geolog's guards,P1,PRESENT-OK,UNADJUDICATED,UNDECIDED,UNCLASSIFIED,,"`SB-SAT-T12`, `SB-SAT-T41`",MISSING-OR-UNCLASSIFIED,,,,UNVERIFIED,,LIVE-ADJUDICATION,
SB-SAT-028,12_saturation.md,"Non-convergence MUST return null, never a partial iterate",P0,PRESENT-DIVERGENT,UNADJUDICATED,UNDECIDED,UNCLASSIFIED,,SB-SAT-T41,MISSING-OR-UNCLASSIFIED,,,,UNVERIFIED,,LIVE-ADJUDICATION,
SB-SAT-029,12_saturation.md,"Inherit the documented guard rails, including the volume detail",P1,PRESENT-OK,UNADJUDICATED,UNDECIDED,UNCLASSIFIED,,"`SB-SAT-T42`, `SB-SAT-T43`",MISSING-OR-UNCLASSIFIED,,,,UNVERIFIED,,LIVE-ADJUDICATION,
SB-SAT-030,12_saturation.md,"`Vsh → 1` MUST flag before the singularity, not silently return water",P1,PRESENT-DIVERGENT,UNADJUDICATED,UNDECIDED,UNCLASSIFIED,,SB-SAT-T44,MISSING-OR-UNCLASSIFIED,,,,UNVERIFIED,,LIVE-ADJUDICATION,
SB-SAT-031,12_saturation.md,`Rw` ships with no default,P0,PRESENT-DIVERGENT,UNADJUDICATED,UNDECIDED,UNCLASSIFIED,,"`SB-SAT-T31`, `SB-SAT-T45`",MISSING-OR-UNCLASSIFIED,,,,UNVERIFIED,,LIVE-ADJUDICATION,
SB-SAT-032,12_saturation.md,`Rw` correlations with the temperature conversion bound to the branch,P1,PRESENT-OK,UNADJUDICATED,UNDECIDED,UNCLASSIFIED,,"`SB-SAT-T45`, `SB-SAT-T46`, `SB-SAT-T48`",MISSING-OR-UNCLASSIFIED,,,,UNVERIFIED,,LIVE-ADJUDICATION,
SB-SAT-033,12_saturation.md,The Kennedy floor is 0.0412 and the vendor doc is wrong,P2,PRESENT-OK,UNADJUDICATED,UNDECIDED,UNCLASSIFIED,,SB-SAT-T47,MISSING-OR-UNCLASSIFIED,,,,UNVERIFIED,,LIVE-ADJUDICATION,
SB-SAT-034,12_saturation.md,"`a`, `m`, `n`, `m*`, `n*` ship with no default",P0,PRESENT-DIVERGENT,UNADJUDICATED,UNDECIDED,UNCLASSIFIED,,"`SB-SAT-T31`, `SB-SAT-T49`",MISSING-OR-UNCLASSIFIED,,,,UNVERIFIED,,LIVE-ADJUDICATION,
SB-SAT-035,12_saturation.md,"`Rsh` and `φt_sh` ship with no default, and the current values are withdrawn",P0,PRESENT-DIVERGENT,UNADJUDICATED,UNDECIDED,UNCLASSIFIED,,"`SB-SAT-T31`, `SB-SAT-T50`",MISSING-OR-UNCLASSIFIED,,,,UNVERIFIED,,LIVE-ADJUDICATION,
SB-SAT-036,12_saturation.md,"Two named `m*`/`n*` routes, with core preferred",P2,ABSENT,UNADJUDICATED,UNDECIDED,UNCLASSIFIED,,SB-SAT-T51,MISSING-OR-UNCLASSIFIED,,,,UNVERIFIED,,LIVE-ADJUDICATION,
SB-SAT-037,12_saturation.md,Shell / Elan variable `m` as one parameterised route with no default coefficient,P2,ABSENT,UNADJUDICATED,UNDECIDED,UNCLASSIFIED,,"`SB-SAT-T31`, `SB-SAT-T52`",MISSING-OR-UNCLASSIFIED,,,,UNVERIFIED,,LIVE-ADJUDICATION,
SB-SAT-038,12_saturation.md,"Every parameter carries a source string, and the build fails without one",P0,ABSENT,UNADJUDICATED,UNDECIDED,UNCLASSIFIED,,SB-SAT-T31,MISSING-OR-UNCLASSIFIED,,,,UNVERIFIED,,LIVE-ADJUDICATION,
SB-SAT-039,12_saturation.md,`MUDBASE` is model-scoped,P3,ABSENT,UNADJUDICATED,UNDECIDED,UNCLASSIFIED,,SB-SAT-T53,MISSING-OR-UNCLASSIFIED,,,,UNVERIFIED,,LIVE-ADJUDICATION,
SB-SAT-040,12_saturation.md,"Clay-bound-water `F`: both unit forms, `ρ_brine` open, `Swb = 1 − F` opt-in only",P3,ABSENT,UNADJUDICATED,UNDECIDED,UNCLASSIFIED,,"`SB-SAT-T54`, `SB-SAT-T55`",MISSING-OR-UNCLASSIFIED,,,,UNVERIFIED,,LIVE-ADJUDICATION,
SB-SAT-041,12_saturation.md,Poupon-Aguilera / Poupon-Tixier with the laminated interlock,P3,ABSENT,UNADJUDICATED,UNDECIDED,UNCLASSIFIED,,"`SB-SAT-T56`, `SB-SAT-T57`",MISSING-OR-UNCLASSIFIED,,,,UNVERIFIED,,LIVE-ADJUDICATION,
SB-SAT-042,12_saturation.md,The SSM bound-water cap fires and is flagged,P3,ABSENT,UNADJUDICATED,UNDECIDED,UNCLASSIFIED,,SB-SAT-T58,MISSING-OR-UNCLASSIFIED,,,,UNVERIFIED,,LIVE-ADJUDICATION,
SB-SAT-043,12_saturation.md,"A saturation result carries its parameters, their sources and their papers",P0,ABSENT,UNADJUDICATED,UNDECIDED,UNCLASSIFIED,,SB-SAT-T59,MISSING-OR-UNCLASSIFIED,,,,UNVERIFIED,,LIVE-ADJUDICATION,
SB-SAT-044,12_saturation.md,Surface the cross-tool disagreement to the interpreter,P2,ABSENT,UNADJUDICATED,UNDECIDED,UNCLASSIFIED,,SB-SAT-T60,MISSING-OR-UNCLASSIFIED,,,,UNVERIFIED,,LIVE-ADJUDICATION,
SB-SAT-045,12_saturation.md,"Model-selection guidance, exposed as guidance and never as an automatic switch",P2,ABSENT,UNADJUDICATED,UNDECIDED,UNCLASSIFIED,,SB-SAT-T60,MISSING-OR-UNCLASSIFIED,,,,UNVERIFIED,,LIVE-ADJUDICATION,
SB-SAT-046,12_saturation.md,Sxo and the flushed zone,P3,PARTIAL,UNADJUDICATED,UNDECIDED,UNCLASSIFIED,,SB-SAT-T61,MISSING-OR-UNCLASSIFIED,,,,UNVERIFIED,,LIVE-ADJUDICATION,
SB-SAT-047,12_saturation.md,"One model, one number, whichever engine computes it",P0,PRESENT-DIVERGENT,UNADJUDICATED,UNDECIDED,UNCLASSIFIED,,"`SB-SAT-T30`, `SB-SAT-T61`",MISSING-OR-UNCLASSIFIED,,,,UNVERIFIED,,LIVE-ADJUDICATION,
SB-SAT-048,12_saturation.md,LRLC coefficients are declared as one field's calibration,P2,PRESENT-UNVERIFIED,UNADJUDICATED,UNDECIDED,UNCLASSIFIED,,"`SB-SAT-T59`, `SB-SAT-T62`",MISSING-OR-UNCLASSIFIED,,,,UNVERIFIED,,LIVE-ADJUDICATION,
SB-SAT-049,12_saturation.md,Carry the Worthington 1985 type per model,P4,ABSENT,UNADJUDICATED,UNDECIDED,UNCLASSIFIED,,SB-SAT-T59,MISSING-OR-UNCLASSIFIED,,,,UNVERIFIED,,LIVE-ADJUDICATION,
SB-SAT-050,12_saturation.md,"Apparent-`Rw` inversion, one per saturation model",P3,ABSENT,UNADJUDICATED,UNDECIDED,UNCLASSIFIED,,SB-SAT-T63,MISSING-OR-UNCLASSIFIED,,,,UNVERIFIED,,LIVE-ADJUDICATION,
SB-SAT-051,12_saturation.md,"Per-mineral conductivity is a recorded capability gap, not a silent one",P4,ABSENT,UNADJUDICATED,UNDECIDED,UNCLASSIFIED,,SB-SAT-T60,MISSING-OR-UNCLASSIFIED,,,,UNVERIFIED,,LIVE-ADJUDICATION,
SB-SHR-001,15_sat-height-rocktyping.md,"**Every** height-domain saturation model MUST convert the height above the free-water level into the unit in which that model's own coefficients are defined, and the conversion MUST be driven by the project's declared depth unit. No branch of any saturation-height model may consume a raw height. Adding a new model family MUST NOT be possible without declaring the unit its length-dimensioned coefficients are in.",P0,PRESENT-DIVERGENT,UNADJUDICATED,UNDECIDED,UNCLASSIFIED,,"`SB-SHR-T01`, `SB-SHR-T02`",MISSING-OR-UNCLASSIFIED,,,,UNVERIFIED,,LIVE-ADJUDICATION,
SB-SHR-002,15_sat-height-rocktyping.md,"Every shape parameter carrying a length dimension — Skelt-Harrison `B` and `D`, Thomeer entry height `Hd`, Brooks-Corey entry height `He`, and the free-water level itself — MUST carry an explicit unit in its registration, and the product MUST re-express its value when the project depth unit changes. A length-dimensioned parameter with a hard-coded unit string is a defect.",P0,ABSENT,UNADJUDICATED,UNDECIDED,UNCLASSIFIED,,SB-SHR-T03,MISSING-OR-UNCLASSIFIED,,,,UNVERIFIED,,LIVE-ADJUDICATION,
SB-SHR-003,15_sat-height-rocktyping.md,"The domain MUST refuse to perform height arithmetic when the project depth unit is undeclared, and MUST say so by name. It MUST NOT substitute a default unit. This requirement binds the domain's own entry points; the carrier's parse-time behaviour is `21_data-io.md`'s.",P0,ABSENT,UNADJUDICATED,UNDECIDED,UNCLASSIFIED,,SB-SHR-T04,MISSING-OR-UNCLASSIFIED,,,,UNVERIFIED,,LIVE-ADJUDICATION,
SB-SHR-004,15_sat-height-rocktyping.md,"Every height-dimensioned output curve, parameter prompt, plot axis and export header in this domain MUST be labelled in the project's declared depth unit. A numerically correct value under an incorrect unit label is a reportable defect.",P1,PRESENT-DIVERGENT,UNADJUDICATED,UNDECIDED,UNCLASSIFIED,,SB-SHR-T05,MISSING-OR-UNCLASSIFIED,,,,UNVERIFIED,,LIVE-ADJUDICATION,
SB-SHR-005,15_sat-height-rocktyping.md,"Water density, hydrocarbon density and reservoir `σ·cosθ` MUST each have **exactly one** default in the product, shared by the fitting path and the forward-apply path. Where a fit and an apply can disagree on a fluid property, the product MUST refuse the apply rather than compute it.",P0,PRESENT-DIVERGENT,UNADJUDICATED,UNDECIDED,UNCLASSIFIED,,SB-SHR-T06,MISSING-OR-UNCLASSIFIED,,,,UNVERIFIED,,LIVE-ADJUDICATION,
SB-SHR-006,15_sat-height-rocktyping.md,"The Leverett J constant and the hydrostatic gradient per unit specific gravity MUST each be **derived from first principles in the product**, defined once, and carry a machine-readable source. Neither may be a transcription of a vendor's printed rounding. The derivation MUST be expressed as an evaluable expression, not a literal.",P1,PRESENT-DIVERGENT,UNADJUDICATED,UNDECIDED,UNCLASSIFIED,,SB-SHR-T07,MISSING-OR-UNCLASSIFIED,,,,UNVERIFIED,,LIVE-ADJUDICATION,
SB-SHR-007,15_sat-height-rocktyping.md,"A physical constant used by more than one module MUST have exactly one definition site. `RQI_C` and `PERM_C` MUST be imported by every consumer. The product MUST NOT contain a second literal of a constant it already defines — in code, in user-facing text, or in a test fixture.",P1,PRESENT-DIVERGENT,UNADJUDICATED,UNDECIDED,UNCLASSIFIED,,SB-SHR-T08,MISSING-OR-UNCLASSIFIED,,,,UNVERIFIED,,LIVE-ADJUDICATION,
SB-SHR-008,15_sat-height-rocktyping.md,"Interfacial tension and contact angle MUST be carried as **separate** quantities. The product MUST NOT store or ship a fused `σ·cosθ` product as a single constant, and every laboratory and reservoir system MUST declare both components.",P1,PRESENT-DIVERGENT,UNADJUDICATED,UNDECIDED,UNCLASSIFIED,,SB-SHR-T09,MISSING-OR-UNCLASSIFIED,,,,UNVERIFIED,,LIVE-ADJUDICATION,
SB-SHR-009,15_sat-height-rocktyping.md,"Every fitted object this domain produces — saturation-height law (pooled and per rock type), Thomeer fit, HFU cluster model, Lorenz flow-unit partition — MUST be persisted as a first-class, named, versioned object. Each MUST carry its training provenance: the wells, the log set and curve versions, the sample count, the full exclusion ledger, the fluid properties and FWL in force, the fitting method, and the fit-quality statistic. An object that cannot state what it was fitted on MUST NOT be applicable.",P0,ABSENT,UNADJUDICATED,UNDECIDED,UNCLASSIFIED,,"`SB-SHR-T10`, `SB-SHR-T11`",MISSING-OR-UNCLASSIFIED,,,,UNVERIFIED,,LIVE-ADJUDICATION,
SB-SHR-010,15_sat-height-rocktyping.md,"The forward-apply path MUST consume a **stored fitted object**, not hand-entered coefficients. Where a user overrides a stored coefficient, the applied result MUST record the override and the value it replaced. Hand transcription of a fit into a module parameter MUST NOT be the supported workflow.",P0,ABSENT,UNADJUDICATED,UNDECIDED,UNCLASSIFIED,,SB-SHR-T12,MISSING-OR-UNCLASSIFIED,,,,UNVERIFIED,,LIVE-ADJUDICATION,
SB-SHR-011,15_sat-height-rocktyping.md,"The free-water level MUST be a **first-class uncertain parameter, not a scalar input.** The FWL scan MUST be mandatory output, MUST report an uncertainty interval alongside its optimum — the range of candidate levels whose residual is statistically indistinguishable from the minimum — and MUST NOT present the argmin alone. Every saturation-height result MUST carry a **per-zone FWL confidence** alongside its fit statistic, and a fit whose FWL cannot be constrained MUST say so rather than report a coefficient set.",P0,ABSENT,UNADJUDICATED,UNDECIDED,UNCLASSIFIED,,SB-SHR-T13,MISSING-OR-UNCLASSIFIED,,,,UNVERIFIED,,LIVE-ADJUDICATION,
SB-SHR-012,15_sat-height-rocktyping.md,"A Brooks-Corey fit MUST declare its exponent convention explicitly and MUST emit **both** `λ` and `N = 1/λ`, each labelled. Import or export of a Brooks-Corey coefficient without a declared convention MUST be refused.",P0,PARTIAL,UNADJUDICATED,UNDECIDED,UNCLASSIFIED,,SB-SHR-T14,MISSING-OR-UNCLASSIFIED,,,,UNVERIFIED,,LIVE-ADJUDICATION,
SB-SHR-013,15_sat-height-rocktyping.md,"A Thomeer fit MUST declare the logarithm base of its shape factor `G` and MUST emit both the base-10 (`G`) and natural-log (`2.302585·G`) forms, each labelled. A `G` imported without a declared base MUST be refused.",P0,PARTIAL,UNADJUDICATED,UNDECIDED,UNCLASSIFIED,,SB-SHR-T15,MISSING-OR-UNCLASSIFIED,,,,UNVERIFIED,,LIVE-ADJUDICATION,
SB-SHR-014,15_sat-height-rocktyping.md,"The product MUST NOT ship a default apex basis for Swanson permeability. The bulk-volume basis (fraction, percent, or pore-volume-normalised saturation) MUST be an explicit, named user choice with no default, the chosen basis MUST travel with every Swanson result, and the coefficient pair MUST carry its own source. Until a basis is chosen, Swanson permeability MUST be `MISSING`, not computed.",P0,PRESENT-DIVERGENT,UNADJUDICATED,UNDECIDED,UNCLASSIFIED,,"`SB-SHR-T16`, `SB-SHR-T17`",MISSING-OR-UNCLASSIFIED,,,,UNVERIFIED,,LIVE-ADJUDICATION,
SB-SHR-015,15_sat-height-rocktyping.md,"Pore-throat port-size classification MUST be a named, selectable scheme. Both published boundary sets MUST be available, the active scheme MUST be recorded on every classified result, and there MUST be no silent default.",P1,PRESENT-DIVERGENT,UNADJUDICATED,UNDECIDED,UNCLASSIFIED,,SB-SHR-T18,MISSING-OR-UNCLASSIFIED,,,,UNVERIFIED,,LIVE-ADJUDICATION,
SB-SHR-016,15_sat-height-rocktyping.md,"The mnemonic `RQI` MUST be namespace-disambiguated between Amaefule's Reservoir Quality Index and the identically-named quantity in the shaly-sand saturation family. The product MUST refuse to consume one where the other is expected, and MUST NOT resolve the collision by curve-name matching alone.",P1,ABSENT,UNADJUDICATED,UNDECIDED,UNCLASSIFIED,,SB-SHR-T19,MISSING-OR-UNCLASSIFIED,,,,UNVERIFIED,,LIVE-ADJUDICATION,
SB-SHR-017,15_sat-height-rocktyping.md,"Every correlation in this domain that regresses on `log φ` MUST enforce its porosity **unit** as a precondition, not document it. A porosity input outside the declared unit's valid range MUST fail the run and name the curve; it MUST NOT be silently skipped.",P0,PARTIAL,UNADJUDICATED,UNDECIDED,UNCLASSIFIED,,SB-SHR-T20,MISSING-OR-UNCLASSIFIED,,,,UNVERIFIED,,LIVE-ADJUDICATION,
SB-SHR-018,15_sat-height-rocktyping.md,"Where the incumbent corpus ships mutually inconsistent defaults for a quantity this domain consumes, the product MUST surface the divergence **at the point of choice**, quantified in the units the user is working in. The hydrocarbon gradient MUST show the height consequence of each candidate rather than the gradient value alone.",P1,ABSENT,UNADJUDICATED,UNDECIDED,UNCLASSIFIED,,SB-SHR-T21,MISSING-OR-UNCLASSIFIED,,,,UNVERIFIED,,LIVE-ADJUDICATION,
SB-SHR-019,15_sat-height-rocktyping.md,"A coefficient whose value is scoped to a particular interfacial tension by the implementation that produced it MUST be recorded `NON-ADOPTABLE` and MUST NOT be used as a SandiBumi default in any form, including as a seed. Where such a coefficient is displayed for verification, its σ scope MUST be displayed with it.",P1,ABSENT,UNADJUDICATED,UNDECIDED,UNCLASSIFIED,,SB-SHR-T22,MISSING-OR-UNCLASSIFIED,,,,UNVERIFIED,,LIVE-ADJUDICATION,
SB-SHR-020,15_sat-height-rocktyping.md,"The Lucia rock-fabric-number validity band MUST be enforced on **both** sides. An `RFN` below the calibrated floor MUST NOT be assigned the lowest class. The `RFN` curve itself MUST be flagged or null outside the calibrated range, so that the value curve and the class curve cannot tell different stories about the same sample.",P1,PRESENT-DIVERGENT,UNADJUDICATED,UNDECIDED,UNCLASSIFIED,,SB-SHR-T23,MISSING-OR-UNCLASSIFIED,,,,UNVERIFIED,,LIVE-ADJUDICATION,
SB-SHR-021,15_sat-height-rocktyping.md,"Samples falling in a published correlation's documented extrapolation regime MUST be flagged **per sample**, on the output, not only in the module description. The product MUST NOT clamp such values into a monotone ordering the source paper does not publish.",P1,PARTIAL,UNADJUDICATED,UNDECIDED,UNCLASSIFIED,,SB-SHR-T24,MISSING-OR-UNCLASSIFIED,,,,UNVERIFIED,,LIVE-ADJUDICATION,
SB-SHR-022,15_sat-height-rocktyping.md,"Every module in this domain MUST carry the exclusion ledger the fitting path already implements: a named reason and a count for every sample not computed, returned with the result and persisted with any curve it wrote. A curve with materially reduced coverage MUST state why.",P0,PRESENT-DIVERGENT,UNADJUDICATED,UNDECIDED,UNCLASSIFIED,,SB-SHR-T25,MISSING-OR-UNCLASSIFIED,,,,UNVERIFIED,,LIVE-ADJUDICATION,
SB-SHR-023,15_sat-height-rocktyping.md,"A classifier MUST distinguish ""did not meet any class criterion"" from ""meets the lowest class"". Its class boundaries MUST each carry a source or be recorded `ABSENT` and require user entry.",P1,PRESENT-DIVERGENT,UNADJUDICATED,UNDECIDED,UNCLASSIFIED,,SB-SHR-T26,MISSING-OR-UNCLASSIFIED,,,,UNVERIFIED,,LIVE-ADJUDICATION,
SB-SHR-024,15_sat-height-rocktyping.md,"A constant the product's own source records as unverified MUST surface that state as a **result-level flag** carried to every consumer — dialog, plot, export and report — not as a code comment. A result computed from an unverified constant MUST NOT be presentable as clean.",P1,ABSENT,UNADJUDICATED,UNDECIDED,UNCLASSIFIED,,SB-SHR-T17,MISSING-OR-UNCLASSIFIED,,,,UNVERIFIED,,LIVE-ADJUDICATION,
SB-SHR-025,15_sat-height-rocktyping.md,"The deliverable report MUST name the saturation-height model and the rock-typing scheme actually used, with their parameters and their free-water level, and MUST NOT present a fixed methodology row naming a method the study did not use.",P1,ABSENT,UNADJUDICATED,UNDECIDED,UNCLASSIFIED,,SB-SHR-T27,MISSING-OR-UNCLASSIFIED,,,,UNVERIFIED,,LIVE-ADJUDICATION,
SB-SHR-026,15_sat-height-rocktyping.md,"Laboratory capillary pressure MUST be convertible to reservoir conditions by the published relation `Pc_res = Pc_lab · (σ·\|cosθ\|)_res / (σ·\|cosθ\|)_lab`, with both systems named and both components of each product declared separately. Conversion MUST be refused when either system is undeclared.",P1,ABSENT,UNADJUDICATED,UNDECIDED,UNCLASSIFIED,,SB-SHR-T28,MISSING-OR-UNCLASSIFIED,,,,UNVERIFIED,,LIVE-ADJUDICATION,
SB-SHR-027,15_sat-height-rocktyping.md,"Closure / conformance correction MUST be available with all four published treatments — shift, proportional normalisation, crop, extrapolate — as a named user choice with no silent default, and the chosen treatment MUST travel with the corrected curve and with any entry pressure or Thomeer parameter derived from it.",P1,ABSENT,UNADJUDICATED,UNDECIDED,UNCLASSIFIED,,SB-SHR-T29,MISSING-OR-UNCLASSIFIED,,,,UNVERIFIED,,LIVE-ADJUDICATION,
SB-SHR-028,15_sat-height-rocktyping.md,"Net-overburden-stress correction and clay-bound-water correction MUST be available, MUST be applied to the **non-wetting** phase, and MUST record which correction was applied. A correction applied to the wetting phase inverts its sign and MUST be rejected by construction, not by documentation.",P2,ABSENT,UNADJUDICATED,UNDECIDED,UNCLASSIFIED,,SB-SHR-T30,MISSING-OR-UNCLASSIFIED,,,,UNVERIFIED,,LIVE-ADJUDICATION,
SB-SHR-029,15_sat-height-rocktyping.md,"Pore-throat-size distributions MUST be tested for **modality**, and a multimodal result MUST be reported as an explicit finding — it is the direct evidence that one saturation-height law is insufficient for the sample set.",P2,ABSENT,UNADJUDICATED,UNDECIDED,UNCLASSIFIED,,SB-SHR-T31,MISSING-OR-UNCLASSIFIED,,,,UNVERIFIED,,LIVE-ADJUDICATION,
SB-SHR-030,15_sat-height-rocktyping.md,Automatic flow-unit partitioning MUST be available by **inflection of the Lorenz curve** — partitioning on the change in the flow-capacity/storage-capacity gradient rather than on a statistical criterion — as a selectable method alongside the existing exact Ward segmentation. The active method MUST be recorded on the partition.,P1,ABSENT,UNADJUDICATED,UNDECIDED,UNCLASSIFIED,,SB-SHR-T32,MISSING-OR-UNCLASSIFIED,,,,UNVERIFIED,,LIVE-ADJUDICATION,
SB-SHR-031,15_sat-height-rocktyping.md,"The Dykstra-Parsons coefficient `VDP = (k₅₀ − k₁₅.₉)/k₅₀` MUST be available alongside the Lorenz coefficient, and the two MUST be reported together — they disagree in informative ways on layered systems.",P2,ABSENT,UNADJUDICATED,UNDECIDED,UNCLASSIFIED,,SB-SHR-T33,MISSING-OR-UNCLASSIFIED,,,,UNVERIFIED,,LIVE-ADJUDICATION,
SB-SHR-032,15_sat-height-rocktyping.md,"Permeability from capillary pressure MUST offer routes other than Swanson — at minimum Purcell and Katz-Thompson — each named, each with its own source, and their answers MUST be presentable side by side rather than one being chosen silently.",P2,ABSENT,UNADJUDICATED,UNDECIDED,UNCLASSIFIED,,SB-SHR-T34,MISSING-OR-UNCLASSIFIED,,,,UNVERIFIED,,LIVE-ADJUDICATION,
SB-SHR-033,15_sat-height-rocktyping.md,"Aguilera R35 and the Permadi-Susilo pore-geometry-and-structure indicator MUST be available as **separately named** indicators, never merged into or substituted for Winland R35.",P2,ABSENT,UNADJUDICATED,UNDECIDED,UNCLASSIFIED,,SB-SHR-T35,MISSING-OR-UNCLASSIFIED,,,,UNVERIFIED,,LIVE-ADJUDICATION,
SB-SHR-034,15_sat-height-rocktyping.md,"This domain MUST expose the fluid-gradient conversion as a service that `14_cutoffs-summation-mc.md` calls to turn an `HCPV` thickness into a volume. The service MUST use the single derived gradient of `SB-SHR-006`, MUST take the fluid densities from the stored fitted object where one is in force (`SB-SHR-009`), and MUST refuse when the depth unit is undeclared (`SB-SHR-003`).",P1,ABSENT,UNADJUDICATED,UNDECIDED,UNCLASSIFIED,,SB-SHR-T36,MISSING-OR-UNCLASSIFIED,,,,UNVERIFIED,,LIVE-ADJUDICATION,
SB-SHR-035,15_sat-height-rocktyping.md,"This domain MUST derive candidate reservoir and pay cut-offs **from** its own evidence — the rock type partition, the flow-unit boundaries, and the capillary-pressure curve — and MUST hand them to the cut-off machinery as sourced values carrying the evidence they were derived from. It MUST NOT select a cut-off; selection is `14_cutoffs-summation-mc.md`'s, and the two named-paper closures for selection are not on this machine (see §7.5).",P1,PARTIAL,UNADJUDICATED,UNDECIDED,UNCLASSIFIED,,SB-SHR-T37,MISSING-OR-UNCLASSIFIED,,,,UNVERIFIED,,LIVE-ADJUDICATION,
SB-SHR-036,15_sat-height-rocktyping.md,The Lambda saturation-height family (`Sw = a·Pc^(−λ) + b`) MUST be available as a sixth family once its parameter sources are established. Until then it is recorded `ABSENT` rather than approximated from an adjacent family.,P2,ABSENT,UNADJUDICATED,UNDECIDED,UNCLASSIFIED,,SB-SHR-T38,MISSING-OR-UNCLASSIFIED,,,,UNVERIFIED,,LIVE-ADJUDICATION,
SB-SHR-037,15_sat-height-rocktyping.md,"Any saturation quoted at a capillary pressure — `Swirr` above all — MUST carry its **reference condition as part of the parameter type**, never as free text: the pressure *and* whether that pressure is laboratory or reservoir. A `Swirr` at an undeclared reference MUST be refused.",P1,ABSENT,UNADJUDICATED,UNDECIDED,UNCLASSIFIED,,SB-SHR-T39,MISSING-OR-UNCLASSIFIED,,,,UNVERIFIED,,LIVE-ADJUDICATION,
SB-SHR-038,15_sat-height-rocktyping.md,"The SCAL importer MUST refuse a corrected capillary-pressure curve that carries no correction-provenance tag naming the correction applied and the implementation that applied it. Module identity on import MUST be keyed on the manifest's declared name, never on a free-text specification line.",P1,ABSENT,UNADJUDICATED,UNDECIDED,UNCLASSIFIED,,SB-SHR-T40,MISSING-OR-UNCLASSIFIED,,,,UNVERIFIED,,LIVE-ADJUDICATION,
SB-SHR-039,15_sat-height-rocktyping.md,"The product MUST provide a **deterministic model-selection sweep** across this domain's competing choices — saturation-height family, rock-typing scheme, apex saturation, partitioner, port-size scheme — evaluated against core or capillary-pressure control data. The sweep MUST be **exhaustive over the declared grid rather than randomly sampled**, MUST be **uncapped in depth samples**, MUST be reproducible from its recorded inputs, and MUST record the full ranking rather than only the winner.",P1,ABSENT,UNADJUDICATED,UNDECIDED,UNCLASSIFIED,,SB-SHR-T41,MISSING-OR-UNCLASSIFIED,,,,UNVERIFIED,,LIVE-ADJUDICATION,
SB-SHR-040,15_sat-height-rocktyping.md,"**No numerical result in this domain may depend on a display setting.** A closure pick, an entry pressure, a fitted coefficient or a rock class MUST be identical whether an axis is drawn linear or logarithmic, whether a plot is open, and whatever the current zoom or theme. Where a method genuinely requires a log-domain pick, the log domain MUST be a property of the **method**, not of the plot.",P0,ABSENT,UNADJUDICATED,UNDECIDED,UNCLASSIFIED,,SB-SHR-T42,MISSING-OR-UNCLASSIFIED,,,,UNVERIFIED,,LIVE-ADJUDICATION,
SB-SHR-041,15_sat-height-rocktyping.md,"A published regression MUST NOT be algebraically inverted to predict in the direction it was not fitted. Where a source publishes both a forward and an inverse fit, the one matching the prediction direction MUST be used, and the direction MUST be recorded on the result.",P1,PARTIAL,UNADJUDICATED,UNDECIDED,UNCLASSIFIED,,SB-SHR-T43,MISSING-OR-UNCLASSIFIED,,,,UNVERIFIED,,LIVE-ADJUDICATION,
SB-SHR-042,15_sat-height-rocktyping.md,"Contact angle MUST be stored with a single declared convention and a single validation range across the whole product, and every capillary expression MUST take `\|cos θ\|` consistently. A stored angle and its cosine MUST NOT be independently editable.",P1,ABSENT,UNADJUDICATED,UNDECIDED,UNCLASSIFIED,,SB-SHR-T44,MISSING-OR-UNCLASSIFIED,,,,UNVERIFIED,,LIVE-ADJUDICATION,
SB-TBD-001,17_thinbed-laminated.md,"Ship the LRLC recognition screen as a decision, not a chapter of prose",P2,ABSENT,UNADJUDICATED,UNDECIDED,UNCLASSIFIED,,"`SB-TBD-T01`, `SB-TBD-T02`",MISSING-OR-UNCLASSIFIED,,,,UNVERIFIED,,LIVE-ADJUDICATION,
SB-TBD-002,17_thinbed-laminated.md,Route by bed thickness against tool resolution,P2,ABSENT,UNADJUDICATED,UNDECIDED,UNCLASSIFIED,,SB-TBD-T02,MISSING-OR-UNCLASSIFIED,,,,UNVERIFIED,,LIVE-ADJUDICATION,
SB-TBD-003,17_thinbed-laminated.md,"The cause→method route table is data, and it discloses open defects on a route",P2,ABSENT,UNADJUDICATED,UNDECIDED,UNCLASSIFIED,,SB-TBD-T03,MISSING-OR-UNCLASSIFIED,,,,UNVERIFIED,,LIVE-ADJUDICATION,
SB-TBD-004,17_thinbed-laminated.md,Declare and enforce the two-component limit,P1,ABSENT,UNADJUDICATED,UNDECIDED,UNCLASSIFIED,,SB-TBD-T04,MISSING-OR-UNCLASSIFIED,,,,UNVERIFIED,,LIVE-ADJUDICATION,
SB-TBD-005,17_thinbed-laminated.md,Declare the excluded lithologies,P2,ABSENT,UNADJUDICATED,UNDECIDED,UNCLASSIFIED,,SB-TBD-T04,MISSING-OR-UNCLASSIFIED,,,,UNVERIFIED,,LIVE-ADJUDICATION,
SB-TBD-006,17_thinbed-laminated.md,"One name, one equation: the picker and the module MUST implement the same construction",P0,PRESENT-DIVERGENT,UNADJUDICATED,UNDECIDED,UNCLASSIFIED,,"`SB-TBD-T05`, `SB-TBD-T06`",MISSING-OR-UNCLASSIFIED,,,,UNVERIFIED,,LIVE-ADJUDICATION,
SB-TBD-007,17_thinbed-laminated.md,Never clamp a derived volume fraction or a derived sand porosity,P0,PRESENT-DIVERGENT,UNADJUDICATED,UNDECIDED,UNCLASSIFIED,,"`SB-TBD-T07`, `SB-TBD-T08`",MISSING-OR-UNCLASSIFIED,,,,UNVERIFIED,,LIVE-ADJUDICATION,
SB-TBD-008,17_thinbed-laminated.md,"Constrain in the total-porosity direction, and record the shift",P1,ABSENT,UNADJUDICATED,UNDECIDED,UNCLASSIFIED,,"`SB-TBD-T07`, `SB-TBD-T09`",MISSING-OR-UNCLASSIFIED,,,,UNVERIFIED,,LIVE-ADJUDICATION,
SB-TBD-009,17_thinbed-laminated.md,Retire `PHIE_LAM`; emit `PHIT_SS` and `PHIE_SS` as distinct curves,P0,PRESENT-DIVERGENT,UNADJUDICATED,UNDECIDED,UNCLASSIFIED,,"`SB-TBD-T10`, `SB-TBD-T11`",MISSING-OR-UNCLASSIFIED,,,,UNVERIFIED,,LIVE-ADJUDICATION,
SB-TBD-010,17_thinbed-laminated.md,Back-solve the below-left diagnostic instead of constraining it,P2,ABSENT,UNADJUDICATED,UNDECIDED,UNCLASSIFIED,,SB-TBD-T12,MISSING-OR-UNCLASSIFIED,,,,UNVERIFIED,,LIVE-ADJUDICATION,
SB-TBD-011,17_thinbed-laminated.md,Assert the `PHIE_SS ≡ PHIE/(1 − VSH_LAM)` identity as a property test,P1,ABSENT,UNADJUDICATED,UNDECIDED,UNCLASSIFIED,,SB-TBD-T11,MISSING-OR-UNCLASSIFIED,,,,UNVERIFIED,,LIVE-ADJUDICATION,
SB-TBD-012,17_thinbed-laminated.md,Every interactive endpoint pick carries its provenance,P1,ABSENT,UNADJUDICATED,UNDECIDED,UNCLASSIFIED,,SB-TBD-T13,MISSING-OR-UNCLASSIFIED,,,,UNVERIFIED,,LIVE-ADJUDICATION,
SB-TBD-013,17_thinbed-laminated.md,"One admissible range per parameter, in one place",P1,PRESENT-DIVERGENT,UNADJUDICATED,UNDECIDED,UNCLASSIFIED,,SB-TBD-T14,MISSING-OR-UNCLASSIFIED,,,,UNVERIFIED,,LIVE-ADJUDICATION,
SB-TBD-014,17_thinbed-laminated.md,"Ship the laminar-structural branch, analyst-selected",P1,ABSENT,UNADJUDICATED,UNDECIDED,UNCLASSIFIED,,"`SB-TBD-T15`, `SB-TBD-T16`",MISSING-OR-UNCLASSIFIED,,,,UNVERIFIED,,LIVE-ADJUDICATION,
SB-TBD-015,17_thinbed-laminated.md,No automatic per-level branch switching,P1,ABSENT,UNADJUDICATED,UNDECIDED,UNCLASSIFIED,,SB-TBD-T15,MISSING-OR-UNCLASSIFIED,,,,UNVERIFIED,,LIVE-ADJUDICATION,
SB-TBD-016,17_thinbed-laminated.md,"Shale cutoffs carry their action class, and the cosmetic one says so",P2,ABSENT,UNADJUDICATED,UNDECIDED,UNCLASSIFIED,,SB-TBD-T17,MISSING-OR-UNCLASSIFIED,,,,UNVERIFIED,,LIVE-ADJUDICATION,
SB-TBD-017,17_thinbed-laminated.md,Keep the two laminar-shale estimates separately named,P1,ABSENT,UNADJUDICATED,UNDECIDED,UNCLASSIFIED,,SB-TBD-T18,MISSING-OR-UNCLASSIFIED,,,,UNVERIFIED,,LIVE-ADJUDICATION,
SB-TBD-018,17_thinbed-laminated.md,"An imported Thomas-Stieber curve carries its parameterization, not just its name",P1,ABSENT,UNADJUDICATED,UNDECIDED,UNCLASSIFIED,,SB-TBD-T19,MISSING-OR-UNCLASSIFIED,,,,UNVERIFIED,,LIVE-ADJUDICATION,
SB-TBD-019,17_thinbed-laminated.md,"One flag convention across the suite, counted in the run summary",P1,ABSENT,UNADJUDICATED,UNDECIDED,UNCLASSIFIED,,SB-TBD-T20,MISSING-OR-UNCLASSIFIED,,,,UNVERIFIED,,LIVE-ADJUDICATION,
SB-TBD-020,17_thinbed-laminated.md,Accept both spellings of Stieber on import,P2,PARTIAL,UNADJUDICATED,UNDECIDED,UNCLASSIFIED,,SB-TBD-T21,MISSING-OR-UNCLASSIFIED,,,,UNVERIFIED,,LIVE-ADJUDICATION,
SB-TBD-021,17_thinbed-laminated.md,Ship the complete Thomas-Stieber triangle,P1,PARTIAL,UNADJUDICATED,UNDECIDED,UNCLASSIFIED,,SB-TBD-T22,MISSING-OR-UNCLASSIFIED,,,,UNVERIFIED,,LIVE-ADJUDICATION,
SB-TBD-022,17_thinbed-laminated.md,Implement the series branch as a resistivity mix,P1,ABSENT,UNADJUDICATED,UNDECIDED,UNCLASSIFIED,,SB-TBD-T25,MISSING-OR-UNCLASSIFIED,,,,UNVERIFIED,,LIVE-ADJUDICATION,
SB-TBD-023,17_thinbed-laminated.md,"The canonical anisotropic form is the quadratic, and every repair is labelled",P1,ABSENT,UNADJUDICATED,UNDECIDED,UNCLASSIFIED,,"`SB-TBD-T26`, `SB-TBD-T27`",MISSING-OR-UNCLASSIFIED,,,,UNVERIFIED,,LIVE-ADJUDICATION,
SB-TBD-024,17_thinbed-laminated.md,Retain and report both roots,P1,ABSENT,UNADJUDICATED,UNDECIDED,UNCLASSIFIED,,SB-TBD-T28,MISSING-OR-UNCLASSIFIED,,,,UNVERIFIED,,LIVE-ADJUDICATION,
SB-TBD-025,17_thinbed-laminated.md,"Select the root by a quadrant classifier, and record the branch",P1,ABSENT,UNADJUDICATED,UNDECIDED,UNCLASSIFIED,,"`SB-TBD-T29`, `SB-TBD-T30`",MISSING-OR-UNCLASSIFIED,,,,UNVERIFIED,,LIVE-ADJUDICATION,
SB-TBD-026,17_thinbed-laminated.md,Ship `RV_SH_flip` as an interoperability advisory,P2,ABSENT,UNADJUDICATED,UNDECIDED,UNCLASSIFIED,,"`SB-TBD-T29`, `SB-TBD-T31`",MISSING-OR-UNCLASSIFIED,,,,UNVERIFIED,,LIVE-ADJUDICATION,
SB-TBD-027,17_thinbed-laminated.md,"Reject the impossible quadrant on the inputs, before the solve",P1,ABSENT,UNADJUDICATED,UNDECIDED,UNCLASSIFIED,,SB-TBD-T32,MISSING-OR-UNCLASSIFIED,,,,UNVERIFIED,,LIVE-ADJUDICATION,
SB-TBD-028,17_thinbed-laminated.md,Hard-flag the `RV_SH ≥ RV` singularity,P1,ABSENT,UNADJUDICATED,UNDECIDED,UNCLASSIFIED,,"`SB-TBD-T33`, `SB-TBD-T34`",MISSING-OR-UNCLASSIFIED,,,,UNVERIFIED,,LIVE-ADJUDICATION,
SB-TBD-029,17_thinbed-laminated.md,Enforce the horizontal shale-pick proximity guidance in code,P1,ABSENT,UNADJUDICATED,UNDECIDED,UNCLASSIFIED,,SB-TBD-T35,MISSING-OR-UNCLASSIFIED,,,,UNVERIFIED,,LIVE-ADJUDICATION,
SB-TBD-030,17_thinbed-laminated.md,Validate `RV_SH ≥ RH_SH` at parameter-entry time,P1,ABSENT,UNADJUDICATED,UNDECIDED,UNCLASSIFIED,,SB-TBD-T36,MISSING-OR-UNCLASSIFIED,,,,UNVERIFIED,,LIVE-ADJUDICATION,
SB-TBD-031,17_thinbed-laminated.md,Flag the tensor sand-resistivity bounds; never clamp to them,P1,ABSENT,UNADJUDICATED,UNDECIDED,UNCLASSIFIED,,SB-TBD-T37,MISSING-OR-UNCLASSIFIED,,,,UNVERIFIED,,LIVE-ADJUDICATION,
SB-TBD-032,17_thinbed-laminated.md,The parallel-route saturation bound MUST NOT be applied to the tensor route,P1,ABSENT,UNADJUDICATED,UNDECIDED,UNCLASSIFIED,,SB-TBD-T37,MISSING-OR-UNCLASSIFIED,,,,UNVERIFIED,,LIVE-ADJUDICATION,
SB-TBD-033,17_thinbed-laminated.md,Never a hard-coded sign,P1,ABSENT,UNADJUDICATED,UNDECIDED,UNCLASSIFIED,,SB-TBD-T29,MISSING-OR-UNCLASSIFIED,,,,UNVERIFIED,,LIVE-ADJUDICATION,
SB-TBD-034,17_thinbed-laminated.md,Ship the anisotropy validity conditions as machine-readable data on the module spec,P1,ABSENT,UNADJUDICATED,UNDECIDED,UNCLASSIFIED,,"`SB-TBD-T29`, `SB-TBD-T32`, `SB-TBD-T33`, `SB-TBD-T36`, `SB-TBD-T38`",MISSING-OR-UNCLASSIFIED,,,,UNVERIFIED,,LIVE-ADJUDICATION,
SB-TBD-035,17_thinbed-laminated.md,Detect the parallel-route pole; never clamp through it,P1,ABSENT,UNADJUDICATED,UNDECIDED,UNCLASSIFIED,,"`SB-TBD-T39`, `SB-TBD-T40`",MISSING-OR-UNCLASSIFIED,,,,UNVERIFIED,,LIVE-ADJUDICATION,
SB-TBD-036,17_thinbed-laminated.md,A negative sand resistivity is a distinct diagnosis,P1,ABSENT,UNADJUDICATED,UNDECIDED,UNCLASSIFIED,,SB-TBD-T39,MISSING-OR-UNCLASSIFIED,,,,UNVERIFIED,,LIVE-ADJUDICATION,
SB-TBD-037,17_thinbed-laminated.md,Never silently reduce an anisotropy ratio,P1,ABSENT,UNADJUDICATED,UNDECIDED,UNCLASSIFIED,,SB-TBD-T41,MISSING-OR-UNCLASSIFIED,,,,UNVERIFIED,,LIVE-ADJUDICATION,
SB-TBD-038,17_thinbed-laminated.md,"Implement the Moran-Gianzero relation, forward and inverse",P1,ABSENT,UNADJUDICATED,UNDECIDED,UNCLASSIFIED,,"`SB-TBD-T42`, `SB-TBD-T43`",MISSING-OR-UNCLASSIFIED,,,,UNVERIFIED,,LIVE-ADJUDICATION,
SB-TBD-039,17_thinbed-laminated.md,Refuse to default the relative dip to zero,P1,ABSENT,UNADJUDICATED,UNDECIDED,UNCLASSIFIED,,SB-TBD-T44,MISSING-OR-UNCLASSIFIED,,,,UNVERIFIED,,LIVE-ADJUDICATION,
SB-TBD-040,17_thinbed-laminated.md,Assert the √(Rh·Rv) ceiling,P1,ABSENT,UNADJUDICATED,UNDECIDED,UNCLASSIFIED,,SB-TBD-T42,MISSING-OR-UNCLASSIFIED,,,,UNVERIFIED,,LIVE-ADJUDICATION,
SB-TBD-041,17_thinbed-laminated.md,Carry the bedding-normal convention in the parameter name,P1,ABSENT,UNADJUDICATED,UNDECIDED,UNCLASSIFIED,,SB-TBD-T43,MISSING-OR-UNCLASSIFIED,,,,UNVERIFIED,,LIVE-ADJUDICATION,
SB-TBD-042,17_thinbed-laminated.md,Ship the multi-well dip-fit route for wells without a triaxial tool,P2,ABSENT,UNADJUDICATED,UNDECIDED,UNCLASSIFIED,,SB-TBD-T45,MISSING-OR-UNCLASSIFIED,,,,UNVERIFIED,,LIVE-ADJUDICATION,
SB-TBD-043,17_thinbed-laminated.md,Enforce the 40° dip-span precondition on the multi-well route,P1,ABSENT,UNADJUDICATED,UNDECIDED,UNCLASSIFIED,,SB-TBD-T46,MISSING-OR-UNCLASSIFIED,,,,UNVERIFIED,,LIVE-ADJUDICATION,
SB-TBD-044,17_thinbed-laminated.md,"Dispatch saturation on the sand fraction, never on bulk",P1,ABSENT,UNADJUDICATED,UNDECIDED,UNCLASSIFIED,,SB-TBD-T47,MISSING-OR-UNCLASSIFIED,,,,UNVERIFIED,,LIVE-ADJUDICATION,
SB-TBD-045,17_thinbed-laminated.md,Emit the sand-referenced curve set explicitly,P1,ABSENT,UNADJUDICATED,UNDECIDED,UNCLASSIFIED,,"`SB-TBD-T47`, `SB-TBD-T48`",MISSING-OR-UNCLASSIFIED,,,,UNVERIFIED,,LIVE-ADJUDICATION,
SB-TBD-046,17_thinbed-laminated.md,Offer `sw_rtc` and `sw_imts` on the sand fraction,P2,PRESENT-DIVERGENT,UNADJUDICATED,UNDECIDED,UNCLASSIFIED,,SB-TBD-T49,MISSING-OR-UNCLASSIFIED,,,,UNVERIFIED,,LIVE-ADJUDICATION,
SB-TBD-047,17_thinbed-laminated.md,Block all three Poupon-family equations under the laminated model,P1,ABSENT,UNADJUDICATED,UNDECIDED,UNCLASSIFIED,,SB-TBD-T50,MISSING-OR-UNCLASSIFIED,,,,UNVERIFIED,,LIVE-ADJUDICATION,
SB-TBD-048,17_thinbed-laminated.md,The minimum-Sw guard emits its unclipped twin,P1,ABSENT,UNADJUDICATED,UNDECIDED,UNCLASSIFIED,,SB-TBD-T51,MISSING-OR-UNCLASSIFIED,,,,UNVERIFIED,,LIVE-ADJUDICATION,
SB-TBD-049,17_thinbed-laminated.md,Ship the Vlam reconciliation classifier,P1,ABSENT,UNADJUDICATED,UNDECIDED,UNCLASSIFIED,,SB-TBD-T52,MISSING-OR-UNCLASSIFIED,,,,UNVERIFIED,,LIVE-ADJUDICATION,
SB-TBD-050,17_thinbed-laminated.md,Ship the reconciliation track,P2,ABSENT,UNADJUDICATED,UNDECIDED,UNCLASSIFIED,,SB-TBD-T52,MISSING-OR-UNCLASSIFIED,,,,UNVERIFIED,,LIVE-ADJUDICATION,
SB-TBD-051,17_thinbed-laminated.md,"Ship laminar net sand and net pay, summed on the sand fraction",P1,ABSENT,UNADJUDICATED,UNDECIDED,UNCLASSIFIED,,SB-TBD-T53,MISSING-OR-UNCLASSIFIED,,,,UNVERIFIED,,LIVE-ADJUDICATION,
SB-TBD-052,17_thinbed-laminated.md,"The laminar summation mode is labelled, opt-in, and off by default",P1,ABSENT,UNADJUDICATED,UNDECIDED,UNCLASSIFIED,,SB-TBD-T53,MISSING-OR-UNCLASSIFIED,,,,UNVERIFIED,,LIVE-ADJUDICATION,
SB-TBD-053,17_thinbed-laminated.md,Sand-fraction and bulk cutoffs are never interchangeable,P1,ABSENT,UNADJUDICATED,UNDECIDED,UNCLASSIFIED,,SB-TBD-T54,MISSING-OR-UNCLASSIFIED,,,,UNVERIFIED,,LIVE-ADJUDICATION,
SB-TBD-054,17_thinbed-laminated.md,Ship the Klein / butterfly crossplot with the mixing overlays,P2,ABSENT,UNADJUDICATED,UNDECIDED,UNCLASSIFIED,,"`SB-TBD-T55`, `SB-TBD-T56`",MISSING-OR-UNCLASSIFIED,,,,UNVERIFIED,,LIVE-ADJUDICATION,
SB-TBD-055,17_thinbed-laminated.md,The Timur coefficient is unit-typed,P1,ABSENT,UNADJUDICATED,UNDECIDED,UNCLASSIFIED,,SB-TBD-T57,MISSING-OR-UNCLASSIFIED,,,,UNVERIFIED,,LIVE-ADJUDICATION,
SB-TBD-056,17_thinbed-laminated.md,`Qv` and `B` are converted as a pair or not at all,P1,ABSENT,UNADJUDICATED,UNDECIDED,UNCLASSIFIED,,SB-TBD-T58,MISSING-OR-UNCLASSIFIED,,,,UNVERIFIED,,LIVE-ADJUDICATION,
SB-TBD-057,17_thinbed-laminated.md,"Angle and temperature conventions are typed, not assumed",P1,ABSENT,UNADJUDICATED,UNDECIDED,UNCLASSIFIED,,"`SB-TBD-T43`, `SB-TBD-T59`",MISSING-OR-UNCLASSIFIED,,,,UNVERIFIED,,LIVE-ADJUDICATION,
SB-TBD-058,17_thinbed-laminated.md,Refuse to map the ambiguous vendor sand-fraction curves,P1,ABSENT,UNADJUDICATED,UNDECIDED,UNCLASSIFIED,,SB-TBD-T60,MISSING-OR-UNCLASSIFIED,,,,UNVERIFIED,,LIVE-ADJUDICATION,
SB-TBD-059,17_thinbed-laminated.md,Propagate uncertainty through an interval Monte-Carlo,P3,ABSENT,UNADJUDICATED,UNDECIDED,UNCLASSIFIED,,SB-TBD-T63,MISSING-OR-UNCLASSIFIED,,,,UNVERIFIED,,LIVE-ADJUDICATION,
SB-TBD-060,17_thinbed-laminated.md,Ship the anisotropy track,P2,ABSENT,UNADJUDICATED,UNDECIDED,UNCLASSIFIED,,SB-TBD-T62,MISSING-OR-UNCLASSIFIED,,,,UNVERIFIED,,LIVE-ADJUDICATION,
SB-TBD-061,17_thinbed-laminated.md,Ship the clay-mineral correction,P3,ABSENT,UNADJUDICATED,UNDECIDED,UNCLASSIFIED,,SB-TBD-T64,MISSING-OR-UNCLASSIFIED,,,,UNVERIFIED,,LIVE-ADJUDICATION,
SB-TBD-062,17_thinbed-laminated.md,Disambiguate the sand-fraction suffix from the model-name suffix,P1,ABSENT,UNADJUDICATED,UNDECIDED,UNCLASSIFIED,,SB-TBD-T48,MISSING-OR-UNCLASSIFIED,,,,UNVERIFIED,,LIVE-ADJUDICATION,
SB-TBD-063,17_thinbed-laminated.md,Renormalize the sand-referenced saturation back to bulk for reporting,P1,ABSENT,UNADJUDICATED,UNDECIDED,UNCLASSIFIED,,SB-TBD-T66,MISSING-OR-UNCLASSIFIED,,,,UNVERIFIED,,LIVE-ADJUDICATION,
SB-TBD-064,17_thinbed-laminated.md,Compute permeability on the sand fraction and convert back explicitly,P2,ABSENT,UNADJUDICATED,UNDECIDED,UNCLASSIFIED,,SB-TBD-T61,MISSING-OR-UNCLASSIFIED,,,,UNVERIFIED,,LIVE-ADJUDICATION,
SB-TBD-065,17_thinbed-laminated.md,"Resolution enhancement is derived from published literature, never from a vendor model",P3,ABSENT,UNADJUDICATED,UNDECIDED,UNCLASSIFIED,,SB-TBD-T65,MISSING-OR-UNCLASSIFIED,,,,UNVERIFIED,,LIVE-ADJUDICATION,
SB-TBD-066,17_thinbed-laminated.md,Withdraw the two uncited endpoint defaults,P0,PRESENT-DIVERGENT,UNADJUDICATED,UNDECIDED,UNCLASSIFIED,,"`SB-TBD-T23`, `SB-TBD-T24`",MISSING-OR-UNCLASSIFIED,,,,UNVERIFIED,,LIVE-ADJUDICATION,
SB-TOC-001,19_toc-unconventional.md,Make TOC a unit-tagged wt% quantity,P0,PARTIAL,UNADJUDICATED,UNDECIDED,UNCLASSIFIED,,"`SB-TOC-T01`, `SB-TOC-T04`",MISSING-OR-UNCLASSIFIED,,,,UNVERIFIED,,LIVE-ADJUDICATION,
SB-TOC-002,19_toc-unconventional.md,Ship no numeric delta-log-R baseline,P0,PRESENT-DIVERGENT,UNADJUDICATED,UNDECIDED,UNCLASSIFIED,,"`SB-TOC-T14`, `SB-TOC-T15`",MISSING-OR-UNCLASSIFIED,,,,UNVERIFIED,,LIVE-ADJUDICATION,
SB-TOC-003,19_toc-unconventional.md,Compute all three overlay separations,P1,PARTIAL,UNADJUDICATED,UNDECIDED,UNCLASSIFIED,,"`SB-TOC-T05`, `SB-TOC-T08`, `SB-TOC-T34`",MISSING-OR-UNCLASSIFIED,,,,UNVERIFIED,,LIVE-ADJUDICATION,
SB-TOC-004,19_toc-unconventional.md,Preserve the native Passey wt% and clamp order,P0,PRESENT-OK,UNADJUDICATED,UNDECIDED,UNCLASSIFIED,,"`SB-TOC-T03`, `SB-TOC-T09`, `SB-TOC-T10`",MISSING-OR-UNCLASSIFIED,,,,UNVERIFIED,,LIVE-ADJUDICATION,
SB-TOC-005,19_toc-unconventional.md,Apply the cited LOM cap with a flag,P0,PRESENT-DIVERGENT,UNADJUDICATED,UNDECIDED,UNCLASSIFIED,,"`SB-TOC-T11`, `SB-TOC-T13`",MISSING-OR-UNCLASSIFIED,,,,UNVERIFIED,,LIVE-ADJUDICATION,
SB-TOC-006,19_toc-unconventional.md,Treat background TOC as part of the baseline pick,P0,PRESENT-DIVERGENT,UNADJUDICATED,UNDECIDED,UNCLASSIFIED,,"`SB-TOC-T09`, `SB-TOC-T14`, `SB-TOC-T15`",MISSING-OR-UNCLASSIFIED,,,,UNVERIFIED,,LIVE-ADJUDICATION,
SB-TOC-007,19_toc-unconventional.md,Preserve overlay alternatives and spread,P1,ABSENT,UNADJUDICATED,UNDECIDED,UNCLASSIFIED,,SB-TOC-T24,MISSING-OR-UNCLASSIFIED,,,,UNVERIFIED,,LIVE-ADJUDICATION,
SB-TOC-008,19_toc-unconventional.md,Mask invalid geology and borehole conditions before TOC,P0,ABSENT,UNADJUDICATED,UNDECIDED,UNCLASSIFIED,,"`SB-TOC-T22`, `SB-TOC-T23`",MISSING-OR-UNCLASSIFIED,,,,UNVERIFIED,,LIVE-ADJUDICATION,
SB-TOC-009,19_toc-unconventional.md,Calibrate each overlay and final TOC against lab data,P1,ABSENT,UNADJUDICATED,UNDECIDED,UNCLASSIFIED,,SB-TOC-T25,MISSING-OR-UNCLASSIFIED,,,,UNVERIFIED,,LIVE-ADJUDICATION,
SB-TOC-010,19_toc-unconventional.md,Carry TOC method and pick provenance,P0,ABSENT,UNADJUDICATED,UNDECIDED,UNCLASSIFIED,,SB-TOC-T57,MISSING-OR-UNCLASSIFIED,,,,UNVERIFIED,,LIVE-ADJUDICATION,
SB-TOC-011,19_toc-unconventional.md,Retain the cited Schmoker cross-check,P1,PRESENT-OK,UNADJUDICATED,UNDECIDED,UNCLASSIFIED,,SB-TOC-T16,MISSING-OR-UNCLASSIFIED,,,,UNVERIFIED,,LIVE-ADJUDICATION,
SB-TOC-012,19_toc-unconventional.md,Offer the generalized density-deficit form with harmonic grain density,P2,ABSENT,UNADJUDICATED,UNDECIDED,UNCLASSIFIED,,"`SB-TOC-T17`, `SB-TOC-T18`",MISSING-OR-UNCLASSIFIED,,,,UNVERIFIED,,LIVE-ADJUDICATION,
SB-TOC-013,19_toc-unconventional.md,Implement uranium TOC only with its environmental warning,P2,ABSENT,UNADJUDICATED,UNDECIDED,UNCLASSIFIED,,SB-TOC-T21,MISSING-OR-UNCLASSIFIED,,,,UNVERIFIED,,LIVE-ADJUDICATION,
SB-TOC-014,19_toc-unconventional.md,Make kerogen conversion bidirectional and guarded,P1,PARTIAL,UNADJUDICATED,UNDECIDED,UNCLASSIFIED,,SB-TOC-T19,MISSING-OR-UNCLASSIFIED,,,,UNVERIFIED,,LIVE-ADJUDICATION,
SB-TOC-015,19_toc-unconventional.md,Keep the 1.10 kerogen endpoint and correct its provenance,P0,PRESENT-DIVERGENT,UNADJUDICATED,UNDECIDED,UNCLASSIFIED,,"`SB-TOC-T19`, `SB-TOC-T20`",MISSING-OR-UNCLASSIFIED,,,,UNVERIFIED,,LIVE-ADJUDICATION,
SB-TOC-016,19_toc-unconventional.md,Keep pyrite coupling source-gated,P2,ABSENT,UNADJUDICATED,UNDECIDED,UNCLASSIFIED,,SB-TOC-T26,MISSING-OR-UNCLASSIFIED,,,,UNVERIFIED,,LIVE-ADJUDICATION,
SB-TOC-017,19_toc-unconventional.md,Compute S2 from typed TOC and selected kerogen type,P2,ABSENT,UNADJUDICATED,UNDECIDED,UNCLASSIFIED,,"`SB-TOC-T02`, `SB-TOC-T27`",MISSING-OR-UNCLASSIFIED,,,,UNVERIFIED,,LIVE-ADJUDICATION,
SB-TOC-018,19_toc-unconventional.md,Implement the complete RockEval carbon balance,P2,ABSENT,UNADJUDICATED,UNDECIDED,UNCLASSIFIED,,"`SB-TOC-T04`, `SB-TOC-T28`, `SB-TOC-T29`",MISSING-OR-UNCLASSIFIED,,,,UNVERIFIED,,LIVE-ADJUDICATION,
SB-TOC-019,19_toc-unconventional.md,Make measured gas inputs required and sourced,P0,PRESENT-DIVERGENT,UNADJUDICATED,UNDECIDED,UNCLASSIFIED,,"`SB-TOC-T30`, `SB-TOC-T32`",MISSING-OR-UNCLASSIFIED,,,,UNVERIFIED,,LIVE-ADJUDICATION,
SB-TOC-020,19_toc-unconventional.md,Couple Langmuir capacity to the matching organic input,P0,ABSENT,UNADJUDICATED,UNDECIDED,UNCLASSIFIED,,"`SB-TOC-T06`, `SB-TOC-T07`, `SB-TOC-T31`",MISSING-OR-UNCLASSIFIED,,,,UNVERIFIED,,LIVE-ADJUDICATION,
SB-TOC-021,19_toc-unconventional.md,Keep Langmuir temperature correction opt-in and provenance-bound,P2,ABSENT,UNADJUDICATED,UNDECIDED,UNCLASSIFIED,,SB-TOC-T33,MISSING-OR-UNCLASSIFIED,,,,UNVERIFIED,,LIVE-ADJUDICATION,
SB-TOC-022,19_toc-unconventional.md,Include oil and non-combustible gas in free-gas content,P1,PRESENT-DIVERGENT,UNADJUDICATED,UNDECIDED,UNCLASSIFIED,,"`SB-TOC-T35`, `SB-TOC-T36`",MISSING-OR-UNCLASSIFIED,,,,UNVERIFIED,,LIVE-ADJUDICATION,
SB-TOC-023,19_toc-unconventional.md,Name the Bg standard condition,P0,PRESENT-DIVERGENT,UNADJUDICATED,UNDECIDED,UNCLASSIFIED,,SB-TOC-T34,MISSING-OR-UNCLASSIFIED,,,,UNVERIFIED,,LIVE-ADJUDICATION,
SB-TOC-024,19_toc-unconventional.md,Parameterize and flag the Ambrose correction,P1,ABSENT,UNADJUDICATED,UNDECIDED,UNCLASSIFIED,,"`SB-TOC-T37`, `SB-TOC-T39`",MISSING-OR-UNCLASSIFIED,,,,UNVERIFIED,,LIVE-ADJUDICATION,
SB-TOC-025,19_toc-unconventional.md,Reserve gas-content and gas-in-place names by quantity,P0,PRESENT-DIVERGENT,UNADJUDICATED,UNDECIDED,UNCLASSIFIED,,SB-TOC-T40,MISSING-OR-UNCLASSIFIED,,,,UNVERIFIED,,LIVE-ADJUDICATION,
SB-TOC-026,19_toc-unconventional.md,Add an internally consistent areal GIP layer,P1,ABSENT,UNADJUDICATED,UNDECIDED,UNCLASSIFIED,,SB-TOC-T41,MISSING-OR-UNCLASSIFIED,,,,UNVERIFIED,,LIVE-ADJUDICATION,
SB-TOC-027,19_toc-unconventional.md,Preserve guarded critical-desorption and in-situ derate behavior,P1,PARTIAL,UNADJUDICATED,UNDECIDED,UNCLASSIFIED,,"`SB-TOC-T44`, `SB-TOC-T45`",MISSING-OR-UNCLASSIFIED,,,,UNVERIFIED,,LIVE-ADJUDICATION,
SB-TOC-028,19_toc-unconventional.md,Make the isotherm-fit estimator explicit,P2,ABSENT,UNADJUDICATED,UNDECIDED,UNCLASSIFIED,,SB-TOC-T42,MISSING-OR-UNCLASSIFIED,,,,UNVERIFIED,,LIVE-ADJUDICATION,
SB-TOC-029,19_toc-unconventional.md,Force zero intercept in TOC-to-Langmuir calibration,P1,ABSENT,UNADJUDICATED,UNDECIDED,UNCLASSIFIED,,SB-TOC-T43,MISSING-OR-UNCLASSIFIED,,,,UNVERIFIED,,LIVE-ADJUDICATION,
SB-TOC-030,19_toc-unconventional.md,"Keep dynamic Rickman brittleness on a declared [0,1] scale",P0,PRESENT-OK,UNADJUDICATED,UNDECIDED,UNCLASSIFIED,,SB-TOC-T46,MISSING-OR-UNCLASSIFIED,,,,UNVERIFIED,,LIVE-ADJUDICATION,
SB-TOC-031,19_toc-unconventional.md,Refuse static moduli with dynamic endpoints,P0,PARTIAL,UNADJUDICATED,UNDECIDED,UNCLASSIFIED,,SB-TOC-T47,MISSING-OR-UNCLASSIFIED,,,,UNVERIFIED,,LIVE-ADJUDICATION,
SB-TOC-032,19_toc-unconventional.md,Preserve mineralogical brittleness method identity,P1,PRESENT-OK,UNADJUDICATED,UNDECIDED,UNCLASSIFIED,,SB-TOC-T48,MISSING-OR-UNCLASSIFIED,,,,UNVERIFIED,,LIVE-ADJUDICATION,
SB-TOC-033,19_toc-unconventional.md,Resolve C1-C5 channel identity before ratios,P1,ABSENT,UNADJUDICATED,UNDECIDED,UNCLASSIFIED,,SB-TOC-T49,MISSING-OR-UNCLASSIFIED,,,,UNVERIFIED,,LIVE-ADJUDICATION,
SB-TOC-034,19_toc-unconventional.md,Require an explicit GWR denominator mode,P1,ABSENT,UNADJUDICATED,UNDECIDED,UNCLASSIFIED,,SB-TOC-T50,MISSING-OR-UNCLASSIFIED,,,,UNVERIFIED,,LIVE-ADJUDICATION,
SB-TOC-035,19_toc-unconventional.md,Make classification rules total and disjoint,P1,ABSENT,UNADJUDICATED,UNDECIDED,UNCLASSIFIED,,"`SB-TOC-T51`, `SB-TOC-T52`",MISSING-OR-UNCLASSIFIED,,,,UNVERIFIED,,LIVE-ADJUDICATION,
SB-TOC-036,19_toc-unconventional.md,Use only cross-tool-corroborated Haworth thresholds,P1,ABSENT,UNADJUDICATED,UNDECIDED,UNCLASSIFIED,,SB-TOC-T51,MISSING-OR-UNCLASSIFIED,,,,UNVERIFIED,,LIVE-ADJUDICATION,
SB-TOC-037,19_toc-unconventional.md,Gate compiled mud-gas extensions on primary equations,P3,ABSENT,UNADJUDICATED,UNDECIDED,UNCLASSIFIED,,SB-TOC-T53,MISSING-OR-UNCLASSIFIED,,,,UNVERIFIED,,LIVE-ADJUDICATION,
SB-TOC-038,19_toc-unconventional.md,Keep mud-gas normalization absent until its constant is sourced,P3,ABSENT,UNADJUDICATED,UNDECIDED,UNCLASSIFIED,,SB-TOC-T54,MISSING-OR-UNCLASSIFIED,,,,UNVERIFIED,,LIVE-ADJUDICATION,
SB-TOC-039,19_toc-unconventional.md,Add component-sum versus total-gas QC,P2,ABSENT,UNADJUDICATED,UNDECIDED,UNCLASSIFIED,,SB-TOC-T55,MISSING-OR-UNCLASSIFIED,,,,UNVERIFIED,,LIVE-ADJUDICATION,
SB-TOC-040,19_toc-unconventional.md,Persist visual picks as computation parameters,P0,PRESENT-DIVERGENT,UNADJUDICATED,UNDECIDED,UNCLASSIFIED,,"`SB-TOC-T15`, `SB-TOC-T56`",MISSING-OR-UNCLASSIFIED,,,,UNVERIFIED,,LIVE-ADJUDICATION,
SB-TOC-041,19_toc-unconventional.md,Keep visualization and compute equations identical,P0,PRESENT-DIVERGENT,UNADJUDICATED,UNDECIDED,UNCLASSIFIED,,"`SB-TOC-T06`, `SB-TOC-T56`",MISSING-OR-UNCLASSIFIED,,,,UNVERIFIED,,LIVE-ADJUDICATION,
SB-TOC-042,19_toc-unconventional.md,Emit stable unconventional QC flags,P0,ABSENT,UNADJUDICATED,UNDECIDED,UNCLASSIFIED,,SB-TOC-T57,MISSING-OR-UNCLASSIFIED,,,,UNVERIFIED,,LIVE-ADJUDICATION,
SB-TOC-043,19_toc-unconventional.md,Migrate existing projects without changing meanings silently,P0,ABSENT,UNADJUDICATED,UNDECIDED,UNCLASSIFIED,,SB-TOC-T58,MISSING-OR-UNCLASSIFIED,,,,UNVERIFIED,,LIVE-ADJUDICATION,
