image,width,height,used_by_pages
_3dclip0001.png,978,589,1
_3dclip0002.png,677,507,1
_3dclip0003_zoom50.png,442,321,1
_3dclip0004.png,758,482,1
_3dclip0005.png,770,307,1
_3dclip0006.png,770,307,1
_3dclip0007.png,445,154,1
_3dclip0008_zoom50.png,486,268,1
_3dclip0009.png,586,82,1
_3dclip0012.png,462,297,1
_3dclip0013.png,452,205,1
_3dclip0014.png,657,286,1
_3dclip0016.png,506,98,1
_3dclip0017.png,751,598,1
_3dclip0018.png,794,599,1
_3dclip0019.png,794,599,1
_3dclip0020.png,794,599,1
_3dclip0025_zoom80.png,692,355,1
_3dclip0026.png,666,386,1
_3dclip0027_zoom80.png,693,363,1
_3dclip0028.png,818,165,1
_aidclip0372.png,799,530,1
_aidclip0373.png,425,261,1
_aidclip0740.png,946,618,1
_aidclip0745.png,814,550,1
_aidclip0746.png,404,253,1
_aidclip0747.png,404,253,1
_aidclip0748.png,1061,652,1
_aidclip0749.png,666,413,1
_aidclip0750.png,666,413,1
_aidclip0751.png,666,413,1
_aidclip0752.png,1009,650,1
_awpclip0001.png,493,200,1
_awpclip0003.png,868,651,1
_awpclip0004.png,850,326,1
_awpclip0005.png,847,431,1
_awpclip0006.png,868,452,1
_awpclip0007.png,712,520,1
_awpclip0008.png,661,36,1
_awpclip0009.png,477,59,1
_awpclip0010.png,203,134,1
_awpclip0011.png,868,451,1
_awpclip0012.png,861,495,1
_awpclip0013.png,422,322,1
_awpclip0014.png,429,327,1
_awpclip0015.png,550,319,1
_awpclip0016.png,547,142,1
_awpclip0017.png,248,541,1
_awpclip0018.png,248,541,1
_awpclip0019.png,248,541,1
_awpclip0020_zoom75.png,1112,755,1
_awpclip0021.png,1378,394,1
_awpclip0022.png,524,560,1
_awpclip0024.png,375,279,1
_awpclip0025.png,445,107,1
_awpclip0026.png,715,414,1
_awpclip0027.png,704,415,1
_awpclip0028.png,698,430,1
_awpclip0029.png,739,406,1
_awpclip0030_zoom78.png,1166,724,1
_awpclip0031.png,651,371,1
_awpclip0032.png,196,150,1
_awpclip0034.png,431,267,1
_awpclip0035.png,541,423,1
_awpclip0036.png,541,423,1
_awpclip0037.png,541,423,1
_awpclip0038.png,541,423,1
_awpclip0039.png,1296,820,1
_awpclip0040.png,297,187,1
_awpclip0041.png,320,381,1
_awpclip0042.png,712,408,1
_awpclip0043.png,540,523,1
_awpclip0044.png,207,186,1
_awpclip0045.png,915,330,1
_awpclip0046.png,976,848,1
_awpclip0047.png,472,371,1
_awpclip0048.png,474,358,1
_awpclip0049.png,944,347,1
_awpclip0050.png,867,163,1
_awpclip0051.png,1258,345,1
_awpclip0052.png,248,541,1
_awpclip0053.png,1100,672,1
_awpclip0054.png,1425,799,1
_awpclip0055.png,72,26,1
_awpclip0056.png,869,200,1
_awpclip0057.png,867,201,1
_awpclip0058.png,749,516,1
_awpclip0059.png,309,420,1
_awpclip0060.png,309,420,1
_awpclip0061.png,289,309,1
_awpclip0062.png,868,651,1
_awpclip0063.png,976,848,1
_awpclip0064.png,976,848,1
_awpclip0065.png,418,215,1
_awpclip0066.png,296,59,1
_awpclip0067.png,1056,415,1
_awpclip0068.png,1053,454,1
_awpclip0069.png,227,723,1
_awpclip0070.png,331,590,1
_awpclip0071_zoom50.png,601,493,1
_blaclip0001_zoom75.png,941,432,1
_blaclip0002.png,666,347,1
_blaclip0003.png,666,346,1
_blaclip0004.png,666,347,1
_blaclip0005.png,666,347,1
_blaclip0006.png,792,450,1
_blaclip0007.png,666,347,1
_blaclip0008.png,666,347,1
_blaclip0009.png,755,308,1
_blaclip0010.png,851,476,1
_blaclip0011.png,945,645,1
_blaclip0012.png,626,417,1
_blaclip0013.png,713,635,1
_blaclip0014.png,633,505,1
_blaclip0015.png,743,505,1
_blaclip0016.png,726,561,1
_blaclip0017.png,828,562,1
_blaclip0018.png,633,505,1
_bpclip0001.png,337,361,1
_bpclip0002.png,487,531,1
_bpclip0003.png,475,450,1
_bpclip0004.png,534,238,1
_bpclip0005.png,534,238,1
_bpclip0006.png,861,456,1
_bpclip0007.png,479,272,1
_bpclip0008.png,618,443,1
_bpclip0009.png,405,491,1
_bpclip0010.png,422,224,1
_bpclip0011.png,733,79,1
_bpclip0012.png,727,423,1
_bpclip0013.png,727,423,1
_bpclip0014.png,705,181,1
_bpclip0015.png,147,55,1
_bpclip0016.png,170,141,1
_bpclip0017.png,661,293,1
_bpclip0018.png,681,213,1
_c2db_clip0003.png,707,259,1
_c2db_clip0019_zoom50.png,649,376,1
_c2db_clip0020_zoom50.png,542,336,1
_c2db_clip0021_zoom50.png,466,336,1
_c2db_clip0022.png,707,248,1
_c2db_clip0023.png,936,232,1
_c2db_clip0024_zoom50.png,466,336,1
_c2db_clip0025_zoom50.png,425,336,1
_c2db_clip0026_zoom50.png,462,336,1
_c2db_clip0027.png,201,54,6
_c2db_clip0028.png,200,54,6
_c2db_clip0029.png,560,249,1
_c2db_clip0030.png,1639,302,1
_c2db_clip0032.png,371,190,6
_c2db_clip0033.png,371,190,6
_c2db_clip0034.png,371,190,6
_c2db_clip0036.png,1298,345,6
_c2db_clip0038.png,1006,294,1
_c2db_clip0039.png,975,219,1
_c2db_clip0040.png,1006,294,1
_c2db_clip0041.png,910,258,6
_c2db_clip0043.png,704,259,5
_c2db_clip0044_zoom50.png,480,336,1
_c2db_clip0046_zoom50.png,496,336,1
_c2db_clip0047_zoom50.png,649,376,1
_c2db_clip0048_zoom50.png,542,336,1
_c2db_clip0050_zoom50.png,466,336,1
_c2db_clip0051.png,707,248,1
_c2db_clip0052.png,936,232,1
_c2db_clip0053_zoom50.png,466,336,1
_c2db_clip0054.png,560,249,1
_c2db_clip0055_zoom50.png,425,336,1
_c2db_clip0056_zoom50.png,462,336,1
_c2db_clip0057.png,1639,302,1
_c2db_clip0058.png,1006,294,1
_c2db_clip0059.png,1006,294,1
_c2db_clip0060.png,975,219,1
_c2db_clip0061_zoom50.png,512,272,1
_c2db_clip0062_zoom50.png,480,336,1
_c2db_clip0063_zoom50.png,496,336,1
_c2db_clip0064_zoom50.png,649,376,1
_c2db_clip0065_zoom50.png,542,336,1
_c2db_clip0066_zoom50.png,466,336,1
_c2db_clip0067.png,707,248,1
_c2db_clip0068.png,936,213,1
_c2db_clip0069_zoom50.png,466,336,1
_c2db_clip0070.png,560,249,1
_c2db_clip0071_zoom50.png,425,336,1
_c2db_clip0072_zoom50.png,425,336,1
_c2db_clip0073.png,1639,302,1
_c2db_clip0074.png,1006,294,1
_c2db_clip0075.png,1006,294,1
_c2db_clip0076.png,975,219,1
_c2db_clip0077_zoom50.png,512,272,1
_c2db_clip0078_zoom50.png,480,336,1
_c2db_clip0079_zoom50.png,496,336,1
_c2db_clip0081_zoom50.png,644,406,1
_c2db_clip0082.png,1562,616,1
_c2db_clip0083.png,829,600,1
_c2db_clip0084.png,974,245,1
_c2db_clip0085.png,975,338,1
_c2db_clip0086.png,560,249,1
_c2db_clip0088_zoom50.png,674,375,1
_c2db_clip0089_zoom50.png,518,335,1
_c2db_clip0090_zoom50.png,486,335,1
_c2db_clip0091_zoom50.png,486,335,1
_c2db_clip0092_zoom50.png,486,335,1
_c2db_clip0093_zoom50.png,486,335,1
_c2db_clip0094.png,1639,307,1
_c2db_clip0095.png,1006,294,1
_c2db_clip0096.png,1006,294,1
_c2db_clip0097.png,955,252,1
_c2db_clip0098_zoom50.png,511,335,1
_c2db_clip0099_zoom50.png,482,335,1
_c2db_clip0100_zoom50.png,496,335,1
_c2db_clip0101_zoom50.png,645,359,1
_c2db_clip0102.png,626,438,1
_c2db_clip0103.png,551,232,1
_c2db_clip0104.png,549,281,1
_c2db_clip0105.png,621,94,1
_c2db_clip0106.png,393,143,1
_c2db_clip0107.png,618,88,1
_c2db_clip0108.png,1002,224,2
_c2db_clip0109_zoom50.png,520,336,1
_c2db_clip0110_zoom50.png,466,336,1
_c2db_clip0111.png,707,248,1
_c2db_clip0112.png,936,232,1
_c2db_clip0113_zoom50.png,466,336,1
_c2db_clip0114.png,560,249,1
_c2db_clip0115_zoom50.png,425,336,1
_c2db_clip0116_zoom50.png,425,336,1
_c2db_clip0117.png,1639,302,1
_c2db_clip0118.png,1006,294,1
_c2db_clip0119.png,1006,294,1
_c2db_clip0120.png,975,219,1
_c2db_clip0121_zoom50.png,512,272,1
_c2db_clip0122_zoom50.png,480,336,1
_c2db_clip0123_zoom50.png,496,336,1
_c2db_clip0124.png,477,459,1
_c2db_clip0125.png,332,209,1
_c2db_clip0126.png,458,322,1
_c2db_clip0127.png,458,322,1
_c2db_clip0128.png,458,322,1
_c2db_clip0129.png,458,322,1
_c2db_clip0130.png,458,322,1
_c2db_clip0131.png,1344,757,1
_c2db_clip0132.png,1256,488,1
_c2db_clip0134.png,1083,671,1
_c2db_clip0135.png,972,670,1
_c2db_clip0136.png,707,248,1
_c2db_clip0138.png,972,226,1
_c2db_clip0139.png,972,670,1
_c2db_clip0140.png,560,249,1
_c2db_clip0141.png,850,671,1
_c2db_clip0142.png,850,671,1
_c2db_clip0143.png,1639,302,1
_c2db_clip0144.png,1006,294,1
_c2db_clip0145.png,1006,294,1
_c2db_clip0146.png,975,219,1
_c2db_clip0147.png,1024,545,1
_c2db_clip0148.png,961,673,1
_c2db_clip0149.png,991,673,1
_c2db_clip0150.png,618,258,1
_c2db_clip0151.png,757,471,1
_c2db_clip0152.png,645,459,1
_caclip0001_zoom50.png,606,430,1
_caclip0002.png,764,255,1
_caclip0003.png,773,396,1
_caclip0004.png,800,829,1
_caclip0005.png,661,316,1
_caclip0006.png,700,582,1
_caclip0008.png,700,582,1
_caclip0009.png,477,401,1
_caclip0010.png,710,614,1
_caclip0011.png,604,381,1
_caclip0013.png,710,614,1
_caclip0014.png,959,538,1
_caclip0016.png,671,579,1
_caclip0017.png,956,710,1
_caclip0019.png,483,364,1
_caclip0020.png,144,126,1
_caclip0021.png,864,386,1
_caclip0022.png,363,363,1
_caclip0023.png,352,36,1
_caclip0024.png,739,245,1
_caclip0025.png,702,476,1
_caclip0026.png,551,167,1
_caclip0029.png,606,419,1
_caclip0030.png,436,104,1
_caclip0031.png,197,30,1
_caclip0032.png,308,389,1
_caclip0033.png,284,25,1
_caclip0034.png,210,30,1
_caclip0035.png,786,538,1
_caclip0036.png,786,538,1
_caclip0038.png,714,540,1
_caclip0039.png,714,540,1
_caclip0040.png,714,540,1
_caclip0041.png,1008,739,1
_candsclip0003.png,273,399,1
_candsclip0004.png,809,512,1
_candsclip0005.png,849,214,1
_candsclip0006.png,849,214,1
_candsclip0007.png,343,193,1
_candsclip0008.png,730,494,1
_candsclip0009.png,982,539,1
_candsclip0010.png,841,493,1
_candsclip0011.png,726,493,1
_candsclip0012.png,767,578,1
_candsclip0013.png,911,565,1
_candsclip0014.png,340,193,1
_candsclip0015.png,691,296,1
_candsclip0016.png,1055,492,1
_candsclip0017.png,918,296,1
_candsclip0018.png,691,296,1
_candsclip0019.png,691,333,2
_candsclip0020.png,691,296,1
_candsclip0021.png,691,296,1
_candsclip0022.png,880,322,1
_candsclip0023.png,691,296,1
_candsclip0024.png,691,296,1
_candsclip0025.png,880,322,1
_candsclip0026.png,785,648,1
_candsclip0027.png,1207,665,1
_candsclip0029.png,784,338,1
_candsclip0030.png,861,400,1
_candsclip0032.png,600,600,1
_candsclip0033.png,753,494,1
_candsclip0034_zoom50.png,715,447,1
_candsclip0035.png,933,523,1
_candsclip0036.png,934,570,1
_candsclip0037.png,532,362,1
_candsclip0038_zoom50.png,715,474,1
_candsclip0039_zoom50.png,715,344,1
_candsclip0040.png,730,494,1
_ccclip0110.png,584,75,1
_ccclip0194.png,1087,416,1
_ccclip0195.png,704,397,1
_ccclip0199.png,597,431,1
_ccclip0201.png,617,552,1
_ccclip0203.png,391,517,1
_ccclip0204.png,425,729,1
_ccclip0205.png,938,443,1
_ccclip0209.png,360,208,1
_ccclip0503.png,34,35,1
_ccclip0504.png,343,212,1
_ccclip0505.png,704,397,1
_ccclip1039.png,731,422,1
_ccclip1040.png,731,76,1
_ccclip1041.png,805,324,1
_ccclip1042.png,712,46,1
_ccclip1045.png,845,517,1
_ccclip1065.png,343,212,1
_ccclip1082.png,989,422,1
_ccclip1083.png,772,147,1
_ccclip1108.png,821,304,1
_ccclip1109.png,584,130,1
_ccclip1111.png,580,130,1
_ccclip1112.png,601,299,1
_ccclip1382.png,731,423,1
_ccclip1416.png,729,421,1
_ccclip1417.png,733,424,1
_ccclip1418.png,732,426,1
_ccclip1419.png,733,424,1
_ccclip1420.png,700,419,1
_ccclip1518.png,721,451,1
_ccclip1519.png,914,543,1
_ccclip1631.png,746,473,1
_ccclip1752.png,814,517,1
_ccclip1752a.png,803,288,1
_ccclip1753.png,799,564,1
_ccclip1754.png,671,564,1
_ccclip1755.png,659,343,1
_ccclip1756.png,478,169,1
_ccclip1757.png,411,392,1
_ccclip1758.png,233,143,1
_ccclip1759.png,619,207,1
_ccclip1760.png,578,126,1
_ccclip1761.png,735,130,1
_ccclip1762.png,619,319,1
_ccclip1763.png,620,446,1
_ccclip1764.png,630,212,1
_ccclip1765.png,619,250,1
_ccclip1766.png,620,356,1
_ccclip1767.png,621,437,1
_ccclip1769.png,619,278,1
_ccclip1770.png,578,141,1
_ccclip1771.png,570,103,1
_ccclip1772.png,620,301,1
_ccclip1774.png,584,170,1
_ccclip1775.png,619,275,1
_ccclip1776.png,587,170,1
_ccclip1777.png,590,136,1
_ccclip1778.png,620,213,1
_ccclip1779.png,569,140,1
_ccclip1780.png,618,243,1
_ccclip1781.png,584,109,1
_ccclip1782.png,581,109,1
_ccclip1783.png,582,138,1
_ccclip1784.png,620,205,1
_ccclip1786.png,584,100,1
_ccclip1787.png,576,63,1
_ccclip1788.png,585,67,1
_ccclip1789.png,581,69,1
_ccclip1790.png,578,113,1
_ccclip1791.png,932,538,1
_ccclip1792.png,28,27,1
_ccclip1793.png,489,620,1
_ccclip1794.png,503,371,1
_ccclip1795.png,1138,532,1
_ccclip1796.png,949,672,1
_ccclip1797.png,1062,576,1
_ccclip1798.png,1106,528,1
_ccclip1799.png,714,442,1
_ccclip1800.png,473,267,1
_ccclip1801.png,965,406,1
_ccclip1805.png,693,651,1
_ccclip1806_zoom85.png,696,655,1
_ccclip1807.png,750,421,1
_ccclip1808.png,689,571,1
_ccclip1809.png,938,498,1
_ccclip1810.png,561,416,1
_ccclip1811.png,747,95,1
_ccclip1812.png,748,95,1
_ccclip1813.png,750,92,1
_ccclip1814.png,748,96,1
_ccclip1815.png,750,97,1
_ccclip1816.png,750,90,1
_ccclip1817.png,731,87,1
_ccclip1818.png,272,77,1
_ccclip1819.png,511,93,1
_ccclip1820.png,786,567,1
_ccclip1821.png,449,510,1
_ccclip1822.png,449,510,1
_ccclip1823.png,449,510,1
_ccclip1824.png,600,600,1
_cemclip0001.png,476,36,1
_cemclip0002.png,469,134,1
_cemclip0003.png,340,627,1
_cemclip0004.png,884,662,1
_cemclip0005.png,900,701,1
_cemclip0006.png,262,89,1
_cemclip0007.png,262,88,1
_cemclip0008.png,261,90,1
_cemclip0009.png,264,84,1
_cemclip0010.png,266,94,1
_cemclip0011.png,271,308,1
_cemclip0012.png,117,69,1
_cemclip0013.png,114,67,1
_cemclip0014.png,116,68,1
_cemclip0015.png,269,35,1
_cemclip0016_zoom70.png,619,463,1
_cemclip0017_zoom70.png,619,463,1
_cemclip0018.png,509,390,1
_cemclip0019.png,608,395,1
_cemclip0020.png,545,334,1
_cemclip0021.png,526,330,1
_cemclip0022.png,242,355,1
_cemclip0023.png,281,335,1
_cemclip0024.png,19,27,1
_cemclip0025.png,19,27,1
_cemclip0026.png,26,29,1
_cemclip0027.png,256,380,1
_cemclip0028.png,281,336,1
_cemclip0029.png,381,266,1
_cemclip0030.png,606,443,1
_cemclip0031.png,522,379,1
_cemclip0032.png,554,380,1
_cemclip0033.png,900,701,1
_cemclip0034.png,606,492,1
_cemclip0035.png,475,336,1
_cemclip0036.png,486,296,1
_cemclip0037.png,526,443,1
_cemclip0038.png,19,27,1
_cemclip0039.png,19,27,1
_cemclip0040.png,26,29,1
_cemclip0041.png,209,407,1
_cemclip0042.png,328,189,1
_cemclip0044.png,260,329,1
_cemclip0046.png,955,479,1
_cemclip0047.png,597,495,1
_cemclip0049.png,172,62,1
_cemclip0050.png,20,19,1
_cemclip0051.png,20,18,1
_cemclip0052.png,531,328,1
_cemclip0053.png,791,492,1
_cemclip0054.png,1231,67,1
_cemclip0055.png,1061,67,1
_cemclip0056.png,1060,67,1
_cemclip0057.png,526,358,1
_cemclip0058_zoom50.png,442,330,1
_cemclip0059.png,780,490,1
_cemclip0060.png,386,280,1
_cemclip0061.png,282,307,1
_cemclip0062.png,512,500,1
_cemclip0063.png,653,262,1
_cemclip0064.png,275,201,1
_cemclip0065.png,864,569,1
_cemclip0066.png,860,570,1
_cemclip0067.png,1160,589,1
_cemclip0068.png,287,323,1
_cemclip0069.png,401,416,1
_cemclip0070.png,277,69,1
_cemclip0071.png,282,199,1
_cemclip0072.png,275,307,1
_cemclip0073.png,548,587,1
_cemclip0074_zoom50.png,566,344,1
_cemclip0075.png,603,535,1
_cemclip0076.png,1106,143,1
_cemclip0077.png,603,535,1
_chclip0001.png,485,346,2
_chclip0002.png,666,423,1
_chclip0003.png,666,398,1
_chclip0004.png,666,398,1
_chclip0005.png,666,398,1
_chclip0006.png,656,441,1
_chclip0007.png,666,398,1
_chclip0008.png,962,438,1
_chclip0009.png,940,438,1
_chclip0010.png,941,438,1
_chclip0011.png,941,438,1
_chclip0012.png,863,471,1
_chclip0017.png,1053,586,1
_chclip0018.png,666,347,1
_chclip0020.png,666,370,1
_chclip0021.png,873,438,1
_chclip0022.png,738,515,1
_chclip0023.png,643,515,1
_chclip0024.png,639,515,1
_chclip0025.png,770,471,1
_chclip0026.png,1083,575,1
_chclip0027.png,1145,515,1
_ciclip0001.png,458,64,1
_ciclip0002.png,902,154,1
_ciclip0003.png,483,346,1
_ciclip0004.png,401,202,1
_ciclip0005.png,884,662,1
_ciclip0006.png,244,153,1
_ciclip0007.png,242,355,1
_ciclip0008.png,289,332,1
_ciclip0009.png,19,27,2
_ciclip0010.png,26,29,1
_ciclip0011.png,256,380,1
_ciclip0012.png,283,334,1
_ciclip0013.png,303,268,1
_ciclip0014.png,884,661,1
_ciclip0015.png,603,521,1
_ciclip0016.png,867,608,1
_ciclip0017.png,23,24,1
_ciclip0018.png,884,661,1
_ciclip0019.png,1166,662,1
_ciclip0020.png,545,165,1
_ciclip0021.png,1048,661,1
_ciclip0022.png,188,47,1
_ciclip0023.png,20,19,1
_ciclip0024.png,20,18,1
_ciclip0025.png,832,652,1
_ciclip0026.png,867,608,1
_ciclip0027.png,884,662,1
_ciclip0028.png,253,284,1
_ciclip0029.png,835,652,1
_cmclip0002.png,1105,527,1
_cmclip0003.png,891,586,1
_cmclip0004.png,1082,292,1
_cmclip0005.png,891,313,1
_cmclip0006.png,760,436,1
_cmclip0007.png,514,436,1
_cmclip0009.png,1082,352,1
_cmclip0010.png,1093,510,1
_cmclip0012.png,989,441,1
_cmclip0014.png,1082,473,1
_cmclip0015.png,1183,589,1
_cmclip0016.png,966,362,1
_cmclip0017.png,691,314,1
_cmclip0018.png,774,373,1
_cmclip0020.png,962,342,1
_cmclip0021.png,962,443,1
_cmclip0022.png,876,318,1
_cmclip0023.png,877,316,1
_cmclip0024.png,915,318,1
_cmclip0025.png,1137,422,1
_cmclip0026.png,938,321,1
_cmclip0063.png,645,701,1
_cmclip0065.png,33,33,1
_cmclip0078.png,1231,344,1
_cmclip0079.png,1231,344,1
_cmclip0081.png,376,212,1
_cmclip0082.png,534,229,1
_cmclip0083.png,645,701,1
_cmclip0085.png,944,317,1
_cmclip0086.png,359,139,1
_cmclip0087.png,401,152,1
_cmclip0090.png,829,632,1
_cmclip0091.png,313,340,1
_cmclip0092.png,498,285,1
_cmclip0093.png,297,152,1
_cmclip0094.png,1082,296,1
_cmclip0095.png,772,839,1
_cmclip0097.png,186,229,1
_cmclip0099.png,675,525,1
_cmclip0100.png,688,525,1
_cmclip0101.png,891,233,1
_cmclip0102.png,376,137,1
_cmclip0103.png,422,525,1
_cmclip0106.png,1143,525,1
_cmclip0107.png,746,357,1
_cmclip0108.png,746,357,1
_cmclip0109.png,826,839,1
_cmclip0110.png,610,584,1
_cmclip0111.png,453,584,1
_cmclip0112.png,533,839,1
_cmclip0113.png,35,38,1
_cmclip0114.png,1273,363,1
_cmclip0115.png,963,482,1
_cmclip0116.png,942,293,1
_cmclip0117.png,514,436,1
_cmclip0118.png,645,300,1
_cmclip0119.png,648,299,1
_cmclip0120.png,647,300,1
_cmclip0121.png,413,211,1
_co2clip0001.png,322,247,1
_co2clip0002.png,755,319,1
_co2clip0003.png,755,312,1
_co2clip0004.png,980,312,1
_co2clip0005.png,755,312,1
_co2clip0006_zoom50.png,664,588,1
_coclip0001_zoom75.png,702,664,1
_coclip0002.png,910,660,1
_coclip0003_zoom75.png,702,645,1
_coclip0004.png,545,191,1
_coclip0005.png,925,191,1
_coclip0006.png,503,194,1
_coclip0007.png,986,600,1
_coclip0008.png,633,505,1
_coclip0009.png,633,505,1
_coclip0010.png,633,505,1
_coclip0011.png,444,513,1
_coclip0012.png,633,505,1
_coclip0013_zoom75.png,702,645,1
_coclip0014.png,843,193,1
_coclip0015.png,844,195,1
_coclip0016.png,1113,769,1
_coclip0017.png,633,505,1
_coclip0018.png,633,505,1
_coclip0019.png,320,513,1
_coclip0020_zoom75.png,858,450,1
_cpclip0001.png,1077,241,1
_cpclip00010.png,574,516,1
_cpclip00011.png,834,757,1
_cpclip00014.png,286,53,1
_cpclip00018.png,674,559,1
_cpclip00019.png,794,573,1
_cpclip00020.png,599,503,1
_cpclip0006.png,593,516,1
_cpclip0007.png,596,521,1
_cpclip0008.png,574,516,1
_cpclip0009_zoom50.png,36,20,1
_cpclip0025.png,684,395,1
_cpclip0026.png,748,306,1
_cpclip0027.png,749,597,1
_cpclip0031.png,1109,417,1
_cpclip0032.png,694,598,1
_cpclip0033.png,701,396,1
_cpclip0034.png,703,337,1
_cpclip0035.png,797,336,1
_cpclip0036.png,841,325,1
_cpclip0038.png,901,515,1
_cpclip0039.png,20,21,1
_cpclip0040.png,21,21,1
_cpclip0041.png,21,21,1
_cpclip0042.png,22,21,1
_cpclip0043.png,21,21,1
_cpclip0044.png,21,21,1
_cpclip0045.png,22,21,1
_cpclip0046.png,22,22,1
_cpclip0047.png,23,22,1
_cpclip0048.png,629,113,1
_cpclip0050.png,841,375,1
_cpclip0051.png,841,296,1
_cpclip0052.png,554,365,1
_cpclip0054.png,643,515,1
_cpclip0055.png,1144,622,1
_cpclip0056.png,680,517,1
_cpclip0060.png,790,370,1
_cpclip0061.png,554,516,1
_cpclip0062.png,817,499,1
_cpclip0063.png,629,577,1
_cpclip0064.png,554,516,1
_cpclip0065.png,663,616,1
_cpclip0066.png,778,188,1
_cpclip0067.png,590,282,1
_cpclip0068.png,821,620,1
_cpclip0069.png,719,561,2
_cpclip0070.png,770,589,1
_cpclip0071.png,773,593,1
_cpclip0083.png,623,516,1
_cpclip0084.png,890,499,1
_cpclip0085.png,554,516,1
_cpclip0086.png,1041,489,1
_cpclip0087.png,905,527,1
_cpclip0088.png,296,175,1
_cpclip0089.png,769,222,1
_cpclip0090.png,554,496,1
_cpclip0091.png,554,496,1
_cpclip0092.png,1024,410,1
_cpclip0093.png,992,721,1
_cpclip0094.png,777,164,1
_cpclip0095.png,789,166,1
_cpclip0096.png,884,511,1
_cpclip0101.png,893,511,1
_cpclip0102.png,837,511,1
_cpclip0103.png,832,511,1
_cpclip0104.png,750,336,1
_cpclip0105.png,936,409,1
_cpclip0106.png,696,660,1
_cpclip0107.png,696,596,1
_cpclip0108.png,904,336,1
_cpclip0109.png,750,336,1
_cpclip0110.png,696,597,1
_cpclip0111.png,568,332,1
_cpclip0112.png,696,598,1
_cpclip0113.png,554,496,1
_cpclip0114.png,711,386,1
_cpclip0117.png,698,364,1
_cpclip0118.png,769,595,1
_cpclip0119.png,716,337,1
_cpclip0121.png,26,24,1
_cpclip0122.png,28,25,1
_cpclip0123.png,921,592,1
_cpclip0124.png,1139,806,2
_cpclip0125.png,574,516,1
_cpclip0126.png,854,164,1
_cpclip0127.png,1007,593,1
_cpclip0129.png,767,149,1
_cpclip0130.png,948,589,1
_cpclip0131.png,737,261,1
_cpclip0132.png,751,325,1
_cpclip0133.png,751,252,1
_cpclip0134.png,1162,300,1
_cpclip0135.png,1162,300,1
_cpclip0136.png,1138,486,1
_cpclip0138.png,1208,532,1
_cpclip0139.png,597,517,1
_cpclip0140.png,740,618,1
_cpclip0141.png,1068,668,1
_cpclip0143.png,411,333,1
_cpclip0145.png,846,475,1
_cpclip0146.png,593,517,1
_cpclip0147.png,720,640,1
_cpclip0148.png,891,460,1
_cpclip0149.png,870,724,1
_cpclip0150.png,1092,844,1
_cpclip0151.png,574,516,1
_cpclip0152.png,884,435,1
_cpclip0153.png,1425,759,1
_cpclip0154.png,1404,617,1
_cpclip0155.png,702,679,1
_cpclip0156.png,809,684,1
_cpclip0157.png,596,520,1
_cpclip0159.png,20,30,1
_cpclip0160.png,474,392,1
_cpclip0161.png,633,606,1
_cpclip0162.png,744,330,1
_cpclip0163.png,511,301,1
_cpclip0164.png,489,852,2
_cpclip0165.png,550,199,1
_cpclip0166.png,606,269,1
_cpclip0167.png,505,468,1
_cpclip0168.png,1010,515,1
_cpclip42_0001.png,749,315,1
_cpclip42_0002.png,897,583,1
_cpclip42_0003.png,375,345,1
_cpclip42_0004.png,763,591,1
_cpclip42_0005.png,761,591,1
_cpclip42_0006.png,849,416,1
_cpclip42_0007.png,769,598,1
_cpclip42_0008.png,911,681,1
_cpclip42_0009.png,1008,516,1
_cpclip42_0010.png,1205,943,2
_cpclip42_0013.png,1281,907,1
_cpclip42_0014.png,944,584,1
_cpclip42_0016.png,1203,629,1
_cpclip42_0017.png,1059,567,1
_cppclip0001.png,1138,725,1
_cppclip0002.png,946,758,1
_cppclip0003.png,851,678,1
_cppclip0004.png,595,517,1
_crpclip0001.png,553,566,1
_crpclip0002.png,536,614,1
_crpclip0003.png,536,614,1
_crpclip0004.png,27,28,1
_crpclip0005.png,536,614,1
_crpclip0006.png,536,614,1
_crpclip0007.png,480,591,1
_crpclip0008.png,536,614,1
_crpclip0009.png,339,297,1
_cscclip0008_zoom50.png,459,281,1
_cscclip0009_zoom50.png,680,340,1
_cscclip0010_zoom50.png,683,330,1
_cscclip0011_zoom50.png,807,350,1
_cscclip0012.png,1305,697,1
_cscclip0013.png,519,473,1
_cscclip0014.png,1019,611,1
_cscclip0015.png,1053,710,1
_cscclip0017.png,1046,381,1
_cv1clip0001.png,575,27,1
_cv1clip0002.png,352,300,1
_cv1clip0003.png,352,299,1
_cv1clip0004.png,220,258,1
_cv1clip0005.png,219,260,1
_cvclip0002.png,581,550,1
_cvclip0003.png,942,287,1
_cvclip0004.png,942,467,1
_cvclip0005.png,942,467,1
_cvclip0008.png,432,497,1
_cvclip0009_zoom50.png,203,184,1
_cvclip0010.png,1036,630,1
_cvclip0011.png,1126,661,1
_cvclip0012.png,852,565,1
_cvclip0013.png,800,563,1
_cvclip0014.png,800,567,1
_cvclip0015.png,620,156,1
_cvclip0016.png,689,372,1
_cvclip0017.png,689,348,1
_cvclip0018.png,779,412,1
_cvclip0019.png,795,346,1
_cvclip0020.png,693,374,1
_cvclip0021.png,1025,312,1
_cvclip0023.png,959,561,1
_cvclip0024.png,689,312,1
_cvclip0026.png,20,20,1
_cvclip0027.png,20,20,1
_cvclip0029.png,581,640,1
_cvclip0030.png,885,287,1
_cvclip0031.png,998,430,1
_cvclip0032.png,839,466,1
_cvclip0033.png,516,447,1
_cvclip0034.png,507,443,1
_cvclip0060.png,606,169,1
_cvclip0061.png,554,61,1
_declip0001.png,819,456,1
_declip0002.png,476,499,1
_declip0003.png,845,533,1
_declip0004.png,847,494,1
_declip0005.png,847,494,1
_declip0006.png,600,690,1
_declip0007.png,345,558,1
_declip0008.png,392,767,1
_declip0010.png,803,603,1
_declip0011.png,377,517,1
_declip0012.png,819,185,1
_declip0013_zoom50.png,426,452,1
_declip0014.png,859,494,1
_declip0015.png,890,581,1
_declip0016.png,833,341,1
_declip0017.png,627,372,1
_declip0018.png,999,243,1
_declip0019.png,790,595,1
_declip0020.png,495,243,1
_declip0021.png,1003,265,1
_declip0022.png,792,587,1
_declip0023.png,722,296,1
_declip0024.png,564,412,1
_declip0025.png,786,198,1
_declip0026.png,481,483,1
_declip0027.png,320,602,1
_declip0028.png,722,297,1
_declip0029.png,463,432,1
_declip0030.png,720,519,1
_declip0031.png,335,139,1
_declip0032.png,248,139,1
_declip0033.png,449,139,1
_declip0034.png,849,369,1
_declip0035.png,529,518,1
_declip0039.png,773,554,1
_declip0040.png,511,348,1
_declip0041.png,656,318,1
_declip0042.png,511,391,1
_declip0043.png,220,145,1
_declip0044.png,652,553,1
_declip0046.png,652,553,1
_declip0047.png,652,553,1
_declip0048.png,652,553,1
_declip0049.png,652,553,1
_declip0050.png,697,481,1
_declip0051.png,652,553,1
_declip0053.png,582,579,1
_declip0054.png,697,481,1
_declip0055.png,697,481,1
_declip0056.png,617,463,1
_declip0058.png,861,503,1
_declip0061.png,667,468,1
_declip0064.png,690,390,1
_declip0065.png,676,486,1
_declip0066.png,676,486,1
_declip0067.png,676,486,1
_declip0068.png,676,486,1
_declip0073.png,925,540,1
_declip0076.png,956,557,1
_declip0077.png,21,21,1
_declip0080.png,708,517,1
_declip0081.png,346,493,1
_declip0082.png,377,418,1
_declip0083.png,377,418,1
_declip0084.png,377,418,1
_declip0085.png,377,418,1
_declip0086.png,377,418,1
_declip0088.png,1002,576,1
_declip0089.png,591,629,1
_declip0090.png,351,372,1
_declip0091.png,126,28,2
_declip0092.png,361,441,1
_declip0093.png,501,444,1
_declip0094.png,916,603,1
_declip0095.png,479,256,1
_declip0096.png,601,628,1
_declip0097.png,449,160,1
_declip0098.png,127,58,1
_declip0099.png,768,96,1
_declip0100.png,780,95,1
_declip0101.png,444,31,1
_declip0102.png,634,506,1
_declip0103.png,567,364,1
_declip0104.png,985,330,1
_declip0105.png,624,389,1
_declip0106.png,985,787,1
_declip0107.png,702,492,1
_declip0108.png,700,557,1
_declip0109.png,554,159,1
_declip0110.png,547,161,1
_declip0111.png,488,161,1
_declip0112.png,418,161,1
_declip0113_zoom77.png,498,469,1
_declip0114.png,600,600,1
_declip0115.png,527,425,1
_declip0116.png,320,436,1
_diclip0001.png,885,706,2
_diclip0002.png,699,119,1
_diclip0003.png,901,282,1
_diclip0004.png,1106,570,2
_diclip0005.png,1175,403,2
_diclip0006.png,222,146,2
_diclip0007.png,549,353,1
_diclip0008.png,990,607,1
_diclip0009.png,698,529,1
_diclip0010.png,845,258,1
_diclip0011.png,811,284,1
_diclip0012.png,343,166,1
_diclip0013.png,559,148,1
_diclip0015.png,345,174,1
_diclip0022.png,1270,687,2
_diclip0023.png,1083,831,2
_diclip0024.png,509,139,1
_diclip0025.png,278,139,1
_diclip0027.png,493,430,2
_diclip0028.png,603,806,1
_diclip0031.png,277,138,1
_diclip0033.png,910,436,1
_diclip0034.png,611,400,1
_diclip0035.png,549,352,2
_diclip00354.png,826,479,4
_diclip0036.png,342,530,1
_diclip0037.png,441,315,1
_diclip0038.png,439,314,1
_diclip0039.png,549,223,1
_diclip0040.png,549,250,1
_diclip0041.png,846,819,1
_diclip0042.png,826,185,1
_diclip0043.png,346,265,1
_diclip0044.png,549,223,1
_diclip0045.png,745,456,1
_dlclip00011.png,376,137,1
_dlclip00012.png,376,129,1
_dlclip00013.png,973,576,1
_dlclip00014.png,893,270,1
_dlclip00018.png,218,125,1
_dlclip00019.png,376,137,1
_dlclip00020.png,218,100,1
_dlclip00021.png,218,65,1
_dlclip00022.png,376,137,1
_dlclip00024.png,218,183,1
_dlclip00025.png,218,183,1
_dlclip00027.png,442,135,1
_dlclip00028.png,873,510,1
_dlclip00029.png,938,510,1
_dlclip0003.png,449,143,1
_dlclip00030.png,832,755,1
_dlclip00031.png,925,430,1
_dlclip00032.png,697,87,1
_dlclip00033.png,866,603,1
_dlclip00034.png,645,210,1
_dlclip00035.png,376,137,1
_dlclip00036.png,496,273,1
_dlclip00037.png,605,194,1
_dlclip00038.png,358,145,2
_dlclip0004.png,376,137,2
_dlclip00042.png,510,413,1
_dlclip00044.png,722,368,1
_dlclip00048.png,1146,599,1
_dlclip00049.png,988,557,1
_dlclip0005.png,320,108,1
_dlclip00050.png,988,557,1
_dlclip00052.png,907,688,1
_dlclip00053.png,1008,448,1
_dlclip00055.png,1003,572,1
_dlclip00056.png,814,738,1
_dlclip00057.png,988,617,1
_dlclip00058.png,287,204,1
_dlclip00059.png,1092,681,1
_dlclip00063.png,848,649,1
_dlclip00064_zoom50.png,538,428,1
_dlclip00065_zoom50.png,446,782,1
_dlclip00066_zoom50.png,391,790,1
_dlclip0007.png,751,171,1
_dlclip0009.png,499,167,2
_dlclip00179.png,511,427,1
_dlclip00180.png,780,530,1
_dlclip00181.png,918,317,1
_dlclip00182.png,196,60,1
_dlclip00183.png,730,173,1
_dlclip00184.png,473,67,1
_dlclip00185.png,184,105,1
_dlclip00186.png,361,282,1
_dlclip00187.png,1001,682,1
_dlclip00188.png,326,745,1
_dlclip00189.png,258,142,1
_dlclip00190.png,384,82,1
_dlclip00191.png,386,84,1
_dlclip00192.png,389,84,1
_dlclip00193.png,421,80,1
_dlclip00194.png,490,413,1
_dlclip00195.png,956,366,1
_dlclip00196.png,363,244,1
_dlclip00197.png,985,173,1
_dlclip00198.png,702,159,1
_dlclip00199.png,985,145,1
_dlclip00200.png,880,140,1
_dlclip00201.png,533,107,1
_dlclip00202.png,534,107,1
_dlclip00203.png,128,108,1
_dlclip00204.png,542,197,1
_dlclip00205.png,690,371,1
_dlclip00206.png,694,300,1
_dlclip00207.png,260,61,1
_dlclip00208.png,547,604,1
_dlclip00209.png,499,391,1
_dlclip00210.png,712,447,1
_dlclip00211.png,336,171,1
_dlclip00212.png,169,35,1
_dlclip00213.png,497,259,1
_dlclip00214.png,139,39,1
_dlclip00215.png,405,300,1
_dlclip00216.png,82,33,1
_dlclip00217.png,832,489,1
_dlclip00218.png,832,489,1
_dlclip00219.png,832,489,1
_dlclip00220.png,1230,495,1
_dlclip00221.png,832,489,1
_dlclip00222.png,832,489,1
_dlclip00223.png,832,489,1
_dlclip00224.png,832,489,1
_dlclip00225.png,326,359,1
_dlclip00226.png,830,131,1
_dlclip00227.png,410,367,1
_dlclip00229.png,69,26,1
_dlclip00230.png,1084,648,1
_dlclip00231.png,392,269,1
_dlclip00232.png,449,324,1
_dlclip00233.png,268,193,1
_dlclip00234.png,830,300,1
_dlclip00235.png,145,144,1
_dlclip00236.png,865,682,1
_dlclip00237.png,864,539,1
_dlclip00238.png,325,485,1
_dlclip00239.png,631,289,1
_dlclip00240.png,538,417,1
_dlclip0071.png,751,222,1
_dlclip0072.png,751,222,1
_dlclip0073.png,751,222,1
_dlclip0074.png,751,222,1
_dlclip0075.png,835,191,1
_dlclip0076.png,835,191,1
_dlclip0081.png,574,461,1
_dlclip0082.png,973,526,1
_dlclip0083.png,973,530,1
_dlclip0084.png,1110,517,1
_dlclip0085.png,972,230,1
_dlclip0086.png,930,471,1
_dlclip0087.png,867,329,1
_dlclip0099.png,1184,557,1
_dlclip0100.png,1326,577,1
_dlclip0101.png,853,445,1
_dlclip0102.png,851,445,1
_dlclip0103.png,1006,445,1
_dlclip0104.png,336,245,1
_dlclip0105_zoom50.png,176,419,1
_dlclip0109.png,793,738,1
_dlclip0111.png,795,177,1
_dlclip0112.png,898,523,1
_dlclip0114.png,817,379,1
_dlclip0115.png,1138,507,1
_dlclip0116.png,1138,380,1
_dlclip0117.png,1042,519,1
_dlclip0118.png,1200,284,1
_dlclip0119.png,1138,531,1
_dlclip0121.png,1382,581,1
_dlclip0122.png,1138,507,1
_dlclip0123.png,1196,390,1
_dlclip0124_zoom25.png,273,161,1
_dlclip0125.png,395,177,1
_dlclip0126.png,633,57,1
_dlclip0127.png,793,114,1
_dlclip0128.png,413,35,1
_dlclip0129.png,442,120,1
_dlclip0130.png,403,442,1
_dlclip0132.png,763,444,1
_dlclip0133.png,578,99,1
_dlclip0134.png,1033,137,1
_dlclip0135.png,1036,95,1
_dlclip0137.png,810,470,1
_dlclip0138.png,578,218,1
_dlclip0139.png,287,87,1
_dlclip0140_zoom50.png,545,295,1
_dlclip0141.png,391,158,1
_dlclip0142.png,796,219,1
_dlclip0143.png,156,237,1
_dlclip0144.png,252,77,1
_dlclip0145.png,150,117,1
_dlclip0146.png,453,329,1
_dlclip0147.png,278,33,1
_dlclip0148.png,262,82,1
_dlclip0149.png,248,70,1
_dlclip0150.png,775,581,1
_dlclip0151.png,1251,483,1
_dlclip0153.png,956,367,1
_dlclip0154.png,956,364,1
_dlclip0155.png,957,368,1
_dlclip0156.png,955,366,1
_dlclip0157.png,955,366,1
_dlclip0158.png,955,366,1
_dlclip0159.png,327,101,1
_dlclip0160.png,323,99,1
_dlclip0161.png,326,43,1
_dlclip0162.png,1198,539,1
_dlclip0165.png,956,367,1
_dlclip0166.png,970,366,1
_dlclip0167.png,587,189,1
_dlclip0168.png,309,379,1
_dlclip0169.png,309,380,1
_dlclip0170.png,307,380,1
_dlclip0172.png,806,381,1
_dlclip0173.png,350,519,1
_dlclip0174.png,907,688,1
_dlclip0175.png,988,557,1
_dlclip0176.png,953,326,1
_dlclip0177.png,837,142,1
_dlclip0178.png,833,496,1
_dsaclip0001.png,341,588,1
_dsaclip0003.png,722,326,4
_dsaclip0005.png,751,193,4
_dsaclip0026.png,522,401,1
_dsaclip0028.png,1164,760,1
_dsaclip0029.png,1073,677,1
_dsaclip0030.png,1073,677,1
_dsaclip0031.png,1073,677,1
_dsaclip0032.png,1073,677,1
_dsaclip0033.png,625,374,1
_dsaclip0034.png,388,285,4
_dsaclip0035.png,625,293,1
_dsaclip0036.png,1139,775,1
_dsaclip0037.png,1049,691,1
_dsaclip0038.png,1026,167,1
_dsaclip0039.png,511,138,1
_dsaclip0040.png,508,140,1
_dsaclip0041.png,1165,760,1
_dsaclip0042.png,1075,676,1
_dsaclip0043.png,1075,676,1
_dsaclip0044.png,1075,676,1
_dsaclip0045.png,1075,676,1
_dsaclip0046.png,625,374,1
_dsaclip0047.png,623,327,1
_dsaclip0048.png,1163,761,1
_dsaclip0049.png,1072,677,1
_dsaclip0050.png,1072,676,1
_dsaclip0051.png,1072,677,1
_dsaclip0052.png,1072,677,1
_dsaclip0053.png,428,593,1
_dsaclip0054.png,713,334,1
_dsaclip0055.png,844,438,1
_dsaclip0056.png,602,215,1
_dsaclip0057.png,481,217,1
_dsaclip0058.png,832,489,1
_dsaclip0059.png,832,489,1
_dsaclip0060.png,1227,495,1
_dsaclip0061.png,832,489,1
_dsaclip0062.png,832,489,1
_dsaclip0063.png,832,489,1
_dsaclip0064.png,832,489,1
_dsaclip0065.png,350,435,1
_dsaclip0066.png,631,250,1
_dsclip0001.png,618,669,1
_dsclip0003.png,1106,490,1
_dsclip0004.png,951,578,1
_dsclip0005.png,565,100,1
_dsclip0007.png,720,492,1
_dsclip0008.png,723,474,1
_dsclip0009.png,586,281,1
_dsclip0010.png,910,429,1
_dsclip0011.png,801,601,1
_dsclip0012.png,1057,561,1
_dsclip0013.png,506,211,1
_dsclip0014.png,707,336,2
_dsclip0015.png,492,344,1
_dsclip0016_zoom83.png,830,547,1
_dsclip0017.png,452,158,1
_dsclip0018.png,583,622,1
_dsclip0019.png,601,453,1
_dsclip0020.png,779,489,1
_dsclip0021.png,1044,266,1
_dsclip0022.png,240,153,1
_dvclip0009.png,337,492,1
_dvclip0016.png,880,601,1
_dvclip0017.png,162,387,1
_dvclip0019.png,234,218,1
_dvclip0020.png,547,62,1
_dvclip0023.png,1107,556,1
_dvclip0024.png,953,711,1
_dvclip0025.png,718,508,1
_dvclip0026.png,761,540,1
_dvclip0027.png,158,69,1
_dvclip0028.png,169,194,1
_dvclip0029.png,159,285,1
_dvclip0030.png,848,603,1
_dvclip0031.png,847,605,1
_dvclip0032.png,847,605,1
_dvclip0033.png,1055,717,1
_dvclip0036.png,1107,770,1
_dvclip0037.png,847,606,1
_dvclip0038.png,345,166,1
_eeimage10.png,726,140,1
_eeimage11.png,346,311,1
_eeimage12_zoom50.png,630,445,1
_eeimage13.png,738,245,1
_eeimage14.png,564,440,1
_eeimage15.png,142,40,1
_eeimage16_zoom50.png,616,245,1
_eeimage17.png,353,113,1
_eeimage18.png,345,114,1
_eeimage19_zoom75.png,923,134,1
_eeimage1_zoom50.png,730,296,1
_eeimage2.png,483,180,1
_eeimage20.png,245,110,1
_eeimage21.png,335,92,1
_eeimage22.png,278,69,1
_eeimage23.png,681,306,1
_eeimage24.png,678,300,1
_eeimage25.png,542,259,1
_eeimage26.png,543,259,1
_eeimage27.png,546,300,1
_eeimage28_zoom75.png,922,362,1
_eeimage29.png,250,172,1
_eeimage3.png,383,355,1
_eeimage30.png,437,96,1
_eeimage31.png,453,156,1
_eeimage32.png,527,161,1
_eeimage33_zoom50.png,619,426,1
_eeimage34_zoom50.png,542,501,1
_eeimage35.png,366,80,1
_eeimage4.png,726,166,1
_eeimage5.png,420,58,1
_eeimage6.png,366,166,1
_eeimage7.png,731,461,1
_eeimage8.png,286,634,1
_eeimage9.png,670,162,1
_eercclip0001.png,472,394,1
_eercclip0002.png,532,348,1
_eercclip0003.png,653,632,1
_eercclip0004.png,538,762,1
_eercclip0005.png,599,600,1
_eercclip0006.png,635,494,1
_eercclip0007.png,905,377,1
_eercclip0009.png,596,550,1
_eercclip0010.png,675,455,1
_eercclip0011.png,1023,593,1
_eercclip0012.png,598,551,1
_eercclip0013.png,793,455,1
_eercclip0014.png,1071,577,1
_eercclip0016.png,30,30,2
_encclip0001.png,575,597,2
_encclip0002.png,575,597,1
_encclip0003.png,575,597,1
_encclip0004.png,575,597,1
_encclip0005.png,497,457,1
_encclip0006.png,579,572,1
_encclip0007.png,497,457,1
_encclip0009.png,576,538,1
_encclip0010.png,497,401,1
_encclip0011.png,576,499,1
_encclip0012.png,497,401,1
_encclip0013.png,576,522,1
_encclip0014.png,497,401,1
_encclip0015.png,576,522,1
_encclip0016.png,497,401,1
_encclip0017.png,497,401,1
_encclip0018.png,575,594,1
_encclip0019.png,576,499,1
_encclip0020.png,497,401,1
_encclip0021.png,29,29,7
_encclip0021_zoom50.png,14,14,1
_encclip0022.png,778,620,1
_encclip0023.png,575,658,1
_encclip0024.png,575,658,1
_encclip0025.png,575,658,1
_encclip0026.png,575,658,1
_encclip0027.png,575,658,1
_encclip0028.png,575,658,1
_encclip0029.png,575,658,1
_encclip0030.png,575,658,1
_encclip0031.png,575,658,1
_encclip0032.png,575,658,1
_encclip0033.png,575,658,1
_encclip0034.png,822,702,1
_flclip0001_zoom50.png,606,430,1
_flclip0003.png,744,264,1
_flclip0004.png,1088,390,1
_flclip0005.png,759,403,1
_flclip0006.png,699,293,1
_flclip0007.png,802,787,2
_flclip0008.png,547,500,1
_flclip0009.png,531,520,1
_flclip0010.png,700,565,1
_flclip0011.png,470,334,1
_flclip0012.png,576,427,1
_flclip0013.png,1071,517,1
_flclip0014.png,609,341,1
_flclip0015.png,615,398,1
_flclip0016.png,698,240,1
_ftaclip00056.png,837,338,1
_ftaclip00058.png,726,477,1
_ftaclip00059.png,1050,627,1
_ftaclip00060.png,1035,424,1
_ftaclip00061.png,539,393,1
_ftaclip00062.png,312,143,1
_ftaclip00063.png,1237,412,1
_ftaclip00064.png,1136,412,1
_ftaclip00065.png,1004,640,1
_ftaclip00067.png,718,216,1
_ftaclip00069.png,788,147,1
_ftaclip00070.png,794,255,1
_ftaclip00071.png,811,86,1
_ftaclip00072.png,1004,427,1
_ftaclip00073.png,1047,383,1
_ftaclip00074.png,1047,383,1
_ftaclip00075.png,1030,383,1
_ftaclip00076.png,1030,388,1
_ftaclip00078.png,863,413,1
_ftaclip00079.png,945,420,1
_ftaclip00080.png,913,418,1
_ftaclip00081.png,864,420,2
_ftaclip00082.png,967,420,1
_ftaclip00083.png,858,416,1
_ftaclip00084.png,863,420,1
_ftaclip00085.png,862,523,1
_ftaclip00086.png,780,549,1
_ftaclip00087.png,772,361,1
_ftaclip00088.png,1055,639,1
_ftaclip00089.png,758,148,1
_ftaclip00090.png,780,548,1
_ftaclip00091.png,779,406,1
_ftaclip00092.png,983,617,1
_ftaclip00093.png,763,113,1
_ftaclip00094.png,860,482,1
_ftaclip00095.png,854,485,1
_ftaclip00096.png,857,218,1
_ftaclip00097.png,854,487,1
_ftaclip00098.png,842,487,1
_ftaclip00099.png,881,182,1
_ftaclip00100.png,1133,639,1
_ftaclip00101.png,1034,395,1
_ftaclip00102.png,633,606,1
_ftaclip00103.png,589,603,1
_ftaclip00104.png,14,18,4
_ftaclip00105.png,675,293,1
_ftaclip00106.png,718,350,1
_ftaclip00107.png,740,384,1
_ftaclip00108.png,735,378,1
_ftaclip0017.png,844,532,1
_ftaclip0018.png,865,670,1
_ftaclip0020.png,377,192,1
_ftaclip0042.png,94,42,1
_ftaclip0043.png,63,23,1
_ftaclip0044.png,69,34,1
_ftaclip0045.png,153,46,1
_ftaclip0046.png,240,47,1
_ftaclip0047.png,143,40,1
_ftaclip0048.png,260,59,1
_ftaclip0049.png,138,48,1
_ftaclip0050.png,155,45,1
_ftaclip0051.png,176,43,1
_ftaclip0052.png,244,41,1
_ftaclip0053.png,261,46,1
_ftaclip0054.png,88,41,1
_geclip0001.png,361,417,1
_geoclip00046.png,772,661,1
_geoclip00049.png,525,265,1
_geoclip00050.png,772,288,1
_geoclip00077.png,545,325,1
_geoclip00078.png,499,394,1
_geoclip00079.png,499,394,1
_geoclip00081.png,951,244,1
_geoclip00082.png,960,656,1
_geoclip00083.png,494,257,1
_geoclip00084.png,1210,723,1
_geoclip00086.png,925,187,1
_geoclip00087.png,565,398,1
_geoclip00088.png,616,389,1
_geoclip00092.png,1097,687,1
_geoclip00093.png,1180,574,1
_geoclip00095.png,951,457,1
_geoclip00100.png,1045,568,2
_geoclip00102.png,1350,632,1
_geoclip00103.png,1187,633,1
_geoclip00104.png,1049,632,1
_geoclip00105.png,792,331,1
_geoclip00106.png,852,421,1
_geoclip00107.png,1208,824,1
_geoclip00108.png,1044,323,1
_geoclip00109.png,1045,306,1
_geoclip00110_zoom65.png,833,551,1
_geoclip00111.png,630,484,1
_geoclip00112.png,630,484,1
_geoclip00113.png,894,484,1
_geoclip00114.png,894,484,1
_geoclip00115.png,894,484,1
_geoclip00118.png,1110,484,1
_geoclip00119.png,630,484,1
_geoclip00120.png,630,484,1
_geoclip00121.png,630,484,1
_geoclip00122.png,630,484,1
_geoclip00123.png,630,484,1
_geoclip00125.png,894,484,1
_geoclip00127.png,894,484,1
_geoclip00128.png,1264,752,1
_geoclip00129.png,894,484,1
_geoclip00131.png,894,484,1
_geoclip00132.png,894,484,1
_geoclip00134.png,894,484,1
_geoclip00139.png,1412,806,1
_geoclip00140.png,1376,484,1
_geoclip00141.png,1107,484,1
_geoclip00142.png,630,484,1
_geoclip00143.png,630,484,1
_geoclip00144.png,630,484,1
_geoclip00145.png,630,484,1
_geoclip00146.png,630,484,1
_geoclip00147.png,630,484,1
_geoclip00148.png,630,484,1
_geoclip00149.png,630,484,1
_geoclip00150.png,894,484,1
_geoclip00151.png,894,484,1
_geoclip00154.png,894,484,1
_geoclip00155.png,894,484,1
_geoclip00156.png,684,451,1
_geoclip00157.png,880,567,1
_geoclip00190.png,894,484,1
_gsclip0001.png,964,724,1
_gsclip0002.png,463,263,1
_gsclip0003.png,498,274,1
_gsclip0004.png,757,293,1
_gsclip0005.png,504,389,1
_gsclip0006.png,758,292,1
_gsclip0007_zoom83.png,1037,505,1
_gsclip0008.png,865,541,1
_gsclip0009.png,1123,565,1
_gsclip0010.png,1119,877,1
_gsclip0011_zoom60.png,759,595,1
_gsclip0012.png,193,51,1
_gsclip0013.png,854,635,1
_gsclip0014.png,839,330,1
_gsclip0015.png,855,649,1
_gsclip0016_zoom86.png,860,409,1
_gsclip0017.png,376,173,1
_gsclip0018.png,479,68,1
_gsclip0019.png,285,161,1
_gsclip0020.png,488,308,1
_gsclip0021.png,538,214,1
_gsclip0022.png,180,45,1
_gsclip0023.png,182,46,1
_gsclip0024.png,182,47,1
_gsclip0025.png,468,218,1
_gsclip0026.png,534,205,1
_gsclip0027.png,287,630,1
_gsclip0028.png,203,288,1
_gsclip0029.png,287,67,1
_gsclip0030.png,287,67,1
_gsclip0031.png,287,67,1
_gsclip0032.png,287,67,1
_gsclip0033.png,482,32,1
_gsclip0034.png,482,32,1
_gsclip0035.png,482,32,1
_gsclip0036.png,485,32,1
_gsclip0037.png,482,32,1
_gsclip0038.png,482,32,1
_gsclip0039.png,482,32,1
_gsclip0040.png,482,32,1
_gsclip0041.png,503,149,1
_gsclip0042.png,504,86,1
_gsclip0043.png,482,32,1
_gsclip0044.png,566,394,1
_gsclip0045.png,605,151,1
_gsclip0046.png,226,366,1
_gsclip0047.png,741,628,1
_gsclip0048.png,317,109,1
_gsclip0049.png,333,282,1
_gsclip0050.png,995,339,1
_gsclip0051.png,633,420,1
_gsclip0052.png,591,638,1
_gsclip0053.png,1018,614,1
_gsclip0054.png,668,228,1
_gsclip0055.png,508,142,1
_gsclip0056.png,465,296,1
_gsclip0057_zoom88.png,835,287,1
_gsclip0058.png,784,379,1
_gsclip0059.png,787,364,1
_gsclip0060.png,785,366,1
_gsclip0061.png,786,341,1
_gsclip0062.png,784,693,1
_gsclip0063.png,671,558,1
_gsclip0064.png,671,566,1
_gwmclip0001.png,747,565,1
_gwmclip0002.png,440,230,1
_gwmclip0003.png,566,215,1
_gwmclip0004.png,694,640,1
_gwmclip0005.png,694,711,1
_gwmclip0006.png,1000,566,1
_gwmclip0007.png,998,565,1
_gwmclip0008.png,783,436,1
_hfuclip0001.png,883,371,1
_hfuclip0002.png,641,545,1
_hfuclip0003.png,857,560,1
_hfuclip0004.png,589,234,1
_hfuclip0005.png,482,131,1
_hfuclip0006.png,797,390,1
_hfuclip0007.png,487,487,1
_hfuclip0008.png,637,509,1
_hfuclip0009.png,254,96,1
_hfuclip0010.png,511,191,1
_hfuclip0011.png,732,462,1
_hfuclip0012.png,589,150,1
_hfuclip0013.png,665,576,1
_hfuclip0014.png,201,77,1
_hfuclip0015.png,222,86,1
_hfuclip0016.png,162,83,1
_hfuclip0017.png,127,61,1
_hfuclip0018.png,143,77,1
_hfuclip0019.png,267,39,1
_hfuclip0020.png,857,560,1
_hfuclip0021.png,589,210,1
_hfuclip0022.png,469,131,1
_hfuclip0023.png,797,383,1
_hfuclip0024.png,474,507,1
_hfuclip0025.png,637,509,1
_hfuclip0026.png,254,96,1
_hfuclip0027.png,595,202,1
_hfuclip0028.png,732,462,1
_hfuclip0029.png,589,137,1
_hfuclip0030.png,665,576,1
_hfuclip0031.png,857,560,1
_hfuclip0032.png,589,220,1
_hfuclip0033.png,482,127,1
_hfuclip0034.png,797,388,1
_hfuclip0035.png,533,532,1
_hfuclip0036.png,637,509,1
_hfuclip0037.png,254,96,1
_hfuclip0038.png,595,202,1
_hfuclip0039.png,732,462,1
_hfuclip0040.png,589,137,1
_hfuclip0041.png,665,576,1
_hfuclip0042.png,867,572,1
_hfuclip0043.png,404,73,1
_hfuclip0044.png,589,161,1
_hfuclip0045.png,479,87,1
_hfuclip0046.png,797,340,1
_hfuclip0047.png,637,509,1
_hfuclip0048.png,254,96,1
_hfuclip0049.png,744,185,1
_hfuclip0050.png,813,428,1
_hfuclip0051.png,589,235,1
_hfuclip0052.png,637,509,1
_hfuclip0053.png,637,509,1
_hfuclip0054.png,626,29,1
_hfuclip0055.png,374,75,1
_hsclip0001.png,255,56,1
_hsclip0003.png,1349,529,1
_hsclip0004_zoom50.png,553,270,1
_hsclip0005_zoom50.png,524,253,1
_hsclip0006_zoom50.png,524,253,1
_hsclip0007_zoom50.png,449,332,1
_hsclip0008_zoom50.png,239,251,1
_hsclip0009.png,479,516,1
_hsclip0010_zoom50.png,488,253,1
_hsclip0012_zoom50.png,353,238,1
_hsclip0013_zoom50.png,260,238,1
_hsclip0015.png,392,408,1
_hsclip0017.png,231,630,1
_hsclip0019_zoom50.png,329,344,1
_hsclip0020_zoom50.png,329,344,1
_hsclip0021_zoom50.png,388,236,1
_hsclip0022_zoom50.png,403,236,1
_hsclip0023_zoom50.png,403,236,1
_hsclip0024_zoom50.png,402,236,1
_hsclip0025_zoom50.png,478,236,1
_hsclip0027_zoom50.png,478,236,1
_hsclip0028_zoom50.png,318,212,1
_hsclip0030_zoom50.png,514,305,1
_hsclip0031_zoom50.png,400,206,1
_hsclip0032.png,709,108,1
_hsclip0033.png,813,572,1
_hsclip0034.png,814,577,1
_hsclip0041.png,967,375,1
_hsclip0042.png,1163,595,1
_hsclip0043.png,916,478,1
_hsclip0044_zoom50.png,504,239,1
_hsclip0045.png,481,518,1
_hsclip0046_zoom50.png,489,239,1
_hsclip0047_zoom50.png,494,240,1
_hsclip0048.png,829,158,1
_hsclip0049_zoom50.png,354,70,1
_hsclip0050_zoom50.png,370,91,1
_hsclip0051_zoom50.png,371,148,1
_hsclip0052_zoom50.png,371,86,1
_hsclip0055_zoom50.png,456,212,1
_hsclip0056.png,808,310,1
_hsclip0057.png,812,310,1
_hsclip0058.png,1138,486,1
_hsclip0059.png,1052,496,1
_hsclip0060_zoom50.png,329,344,1
_hsclip0061_zoom50.png,208,109,1
_hsclip0062.png,499,167,1
_hsclip0063.png,349,76,1
_hsclip0064.png,349,54,1
_hsclip0065.png,165,69,1
_hsclip0066.png,662,478,1
_hsclip0067.png,349,98,1
_hsclip0068.png,165,69,1
_hsclip0069.png,662,478,1
_hsclip0070.png,165,69,1
_hsclip0071.png,662,478,1
_hsclip0072.png,662,478,1
_hsclip0073.png,450,149,1
_hsclip0074_zoom75.png,496,359,1
_hsclip0075_zoom75.png,496,359,1
_hsclip0076.png,349,98,1
_hsclip0077_zoom75.png,413,327,1
_hsclip0078_zoom75.png,643,176,1
_hsclip0079_zoom75.png,634,179,1
_hsclip0080_zoom75.png,295,349,1
_hsclip0081.png,860,134,1
_hsclip0082.png,349,98,1
_hsclip0083.png,662,477,1
_hsclip0084.png,197,67,1
_hsclip0085.png,181,69,1
_hsclip0086_zoom75.png,354,374,1
_hsclip0087_zoom75.png,176,372,1
_hsclip0088_zoom75.png,368,358,1
_hsclip0089.png,271,167,1
_hsclip0090.png,846,394,1
_hsclip0091.png,442,207,1
_hsclip0092.png,1290,653,1
_iaclip00010.png,515,145,2
_iaclip00011.png,522,272,2
_iaclip00012.png,771,263,1
_iaclip00012_zoom50.png,386,132,1
_iaclip00015.png,560,281,1
_iaclip00015_zoom50.png,280,140,1
_iaclip00017.png,503,335,3
_iaclip00018_zoom80.png,787,382,1
_iaclip00019.png,1210,575,2
_iaclip00020_zoom90.png,773,440,1
_iaclip00021_zoom90.png,438,402,1
_iaclip00023.png,1054,423,1
_iaclip00023_zoom50.png,527,212,1
_iaclip00024.png,1112,428,2
_iaclip00025.png,973,472,2
_iaclip00026.png,1055,468,1
_iaclip00026_zoom85.png,897,398,1
_iaclip00027.png,1111,552,1
_iaclip00027_zoom85.png,944,469,1
_iaclip00028.png,737,527,1
_iaclip00028_zoom85.png,626,448,1
_iaclip00029.png,1171,482,1
_iaclip00029_zoom90.png,1054,434,1
_iaclip0003.png,331,327,1
_iaclip00030.png,736,445,4
_iaclip00035_zoom95.png,694,485,1
_iaclip00037.png,885,551,2
_iaclip00038.png,883,538,1
_iaclip00039_zoom90.png,883,548,1
_iaclip0004.png,333,326,1
_iaclip00040_zoom90.png,881,559,1
_iaclip00041.png,899,581,1
_iaclip00043.png,999,591,1
_iaclip00044.png,862,580,1
_iaclip00045.png,279,269,1
_iaclip00046.png,301,241,1
_iaclip00047.png,299,189,1
_iaclip00048.png,303,199,1
_iaclip00049.png,303,239,1
_iaclip00050.png,302,258,1
_iaclip00051.png,303,177,1
_iaclip00052.png,303,222,1
_iaclip00053.png,300,186,1
_iaclip00054.png,305,223,1
_iaclip00055.png,303,202,1
_iaclip00056.png,303,256,1
_iaclip00057.png,303,304,1
_iaclip00058.png,616,227,1
_iaclip0005_zoom50.png,588,268,1
_iaclip0006.png,1106,672,2
_iaclip00060.png,656,267,1
_iaclip00061.png,606,240,1
_iaclip00062.png,609,184,1
_iaclip00063.png,678,185,1
_iaclip00069.png,17,16,1
_iaclip0006_zoom50.png,553,336,1
_iaclip0007.png,1045,554,1
_iaclip00070.png,16,16,2
_iaclip00071.png,16,16,2
_iaclip00072.png,16,16,2
_iaclip00073.png,16,15,1
_iaclip00074.png,16,16,2
_iaclip00075.png,16,16,2
_iaclip00076.png,16,16,2
_iaclip00077.png,17,19,1
_iaclip00078.png,16,16,2
_iaclip00079.png,16,16,2
_iaclip0007_zoom50.png,522,277,1
_iaclip00080.png,16,16,2
_iaclip00081.png,18,18,1
_iaclip00082.png,16,16,2
_iaclip00083.png,16,17,1
_iaclip00084.png,16,16,2
_iaclip00085.png,13,16,1
_iaclip00086.png,16,16,2
_iaclip00087.png,676,215,2
_iaclip00088.png,716,191,2
_iaclip00089.png,677,447,1
_iaclip0008_zoom50.png,433,216,1
_iaclip00091.png,578,167,1
_iaclip00093.png,548,339,1
_iaclip00094.png,538,366,1
_iaclip00095.png,519,324,1
_iaclip00096.png,574,317,1
_iaclip00097.png,557,520,1
_iaclip00098.png,426,126,1
_iaclip00099.png,428,137,1
_iaclip00100.png,707,712,1
_iaclip00100_zoom80.png,566,570,1
_iaclip00110.png,1030,596,1
_iaclip00111.png,807,216,1
_iaclip00119.png,782,180,2
_iaclip00120.png,202,394,2
_iaclip00121.png,106,390,2
_iaclip00122.png,1165,939,1
_iaclip00123.png,999,542,1
_iaclip00124.png,407,158,1
_iaclip00125.png,274,222,1
_iaclip00128.png,544,309,2
_iaclip00129.png,364,333,1
_iaclip00130_zoom50.png,498,332,1
_iaclip00131_zoom50.png,581,332,1
_iaclip00132.png,699,422,2
_iaclip00133.png,861,316,2
_iaclip00134.png,1171,468,2
_iaclip00135_zoom90.png,849,365,1
_iaclip00136.png,1271,372,1
_iaclip00137.png,1137,520,2
_iaclip00138.png,817,431,2
_iaclip00139.png,748,274,2
_iaclip00140.png,1006,360,2
_iaclip00141.png,747,349,2
_iaclip00142.png,748,335,2
_iaclip00143.png,746,349,2
_iaclip00144.png,747,336,1
_iaclip00145.png,748,206,2
_iaclip00146.png,786,329,2
_iaclip00148.png,468,411,1
_iaclip00149.png,468,411,1
_iaclip00150.png,468,411,1
_iaclip00151.png,821,614,1
_iaclip00154_zoom80.png,311,316,1
_iaclip00156_zoom80.png,310,318,1
_iaclip00157.png,647,276,1
_iaclip00158.png,808,650,1
_iaclip00159.png,639,354,1
_iaclip00160.png,583,353,1
_iaclip00161.png,589,354,1
_iaclip00162.png,586,354,1
_iaclip00165.png,644,488,1
_iaclip00166.png,416,341,1
_iaclip00167.png,416,341,1
_iaclip00168.png,706,446,1
_iaclip00169.png,927,570,1
_iaclip00170.png,694,340,1
_iaclip00172.png,695,341,1
_iaclip00173.png,369,316,1
_iaclip00174.png,367,314,1
_iaclip00175.png,369,315,1
_iaclip00176.png,696,396,1
_iaclip00177.png,885,569,1
_iaclip00178.png,595,314,1
_iaclip00179.png,595,314,1
_iaclip00180.png,702,454,2
_iaclip00181.png,1013,514,1
_iaclip00181_zoom90.png,912,463,1
_iaclip00183.png,605,296,2
_iaclip00189.png,476,601,3
_iaclip00190.png,476,456,3
_iaclip00192.png,476,601,3
_iaclip00194.png,16,16,1
_iaclip00195.png,16,16,1
_iaclip00196.png,16,16,1
_iaclip00197.png,16,16,1
_iaclip00198.png,16,16,1
_iaclip00199.png,16,16,1
_iaclip00200.png,16,16,1
_iaclip00201.png,16,16,1
_iaclip00202.png,16,16,1
_iaclip00203.png,16,16,1
_iaclip00204.png,16,16,1
_iaclip00205.png,16,16,1
_iaclip00206_zoom70.png,60,20,1
_iaclip00207.png,208,31,1
_iaclip00207_zoom71.png,148,22,2
_iaclip00208.png,707,510,1
_iaclip00210.png,452,178,1
_iaclip00213.png,1038,490,1
_iaclip00215.png,574,427,1
_iaclip00216.png,430,171,1
_iaclip00217.png,1006,275,1
_iaclip00229_zoom45.png,213,124,1
_iaclip00230_zoom50.png,540,328,1
_iaclip00231.png,689,496,1
_iaclip00231_zoom50.png,344,248,1
_iaclip00232_zoom70.png,325,318,1
_iaclip00233_zoom50.png,372,337,1
_iaclip00234_zoom50.png,264,198,1
_iaclip00235.png,771,783,1
_iaclip00235_zoom50.png,386,392,1
_iaclip00236.png,707,753,1
_iaclip00237_zoom70.png,554,360,1
_iaclip00238_zoom50.png,372,236,1
_iaclip00239_zoom50.png,372,274,1
_iaclip00240_zoom65.png,84,387,1
_iaclip00241_zoom50.png,546,327,1
_iaclip00243.png,694,382,1
_iaclip00244_zoom50.png,326,317,1
_iaclip00245_zoom50.png,326,317,1
_iaclip00246_zoom50.png,326,316,1
_iaclip00247_zoom50.png,325,317,1
_iaclip00248.png,651,281,1
_iaclip00252.png,245,151,1
_iaclip00253.png,334,196,1
_iaclip00254.png,334,201,1
_iaclip00255.png,539,193,1
_iaclip00256.png,369,202,1
_iaclip00264.png,21,21,1
_iaclip00265.png,16,16,1
_iaclip00269.png,511,250,1
_iaclip00273.png,296,230,1
_iaclip00283_zoom50.png,326,317,1
_iaclip00285_zoom50.png,358,316,1
_iaclip00286_zoom50.png,409,308,1
_iaclip00287.png,399,166,1
_iaclip00288_zoom50.png,237,309,1
_iaclip00289_zoom50.png,375,314,1
_iaclip00290_zoom50.png,439,426,1
_iaclip00291_zoom50.png,241,277,1
_iaclip00292_zoom50.png,302,312,1
_iaclip00294_zoom50.png,397,370,2
_iaclip00295_zoom50.png,396,348,1
_iaclip00296.png,939,290,1
_iaclip00297.png,426,166,1
_iaclip00298.png,202,120,1
_iaclip00299_zoom50.png,380,160,1
_iaclip00300.png,487,224,1
_iaclip00301.png,325,175,1
_iaclip00303.png,428,414,1
_iaclip00304_zoom60.png,583,340,1
_iaclip00305_zoom50.png,322,284,1
_iaclip00306.png,706,266,1
_iaclip00308.png,339,261,1
_iaclip00309.png,340,263,1
_iaclip00310.png,428,201,1
_iaclip00311.png,1107,303,1
_iaclip00312.png,524,366,1
_iaclip00313.png,395,564,1
_iaclip00314.png,526,248,1
_iaclip00315.png,401,566,1
_iaclip00316.png,395,564,1
_iaclip00317.png,606,232,1
_iaclip00318.png,22,19,1
_iaclip00319.png,394,563,1
_iaclip00320.png,406,310,1
_iaclip00321.png,394,563,1
_iaclip00322_zoom60.png,647,425,1
_iaclip00323_zoom50.png,682,335,1
_iaclip00324_zoom50.png,609,335,1
_iaclip00329.png,275,138,1
_iaclip00330.png,407,457,1
_iaclip00331.png,471,547,1
_iaclip00332.png,472,516,1
_iaclip00333_zoom50.png,236,259,1
_iaclip00335.png,756,272,1
_iaclip00336.png,769,342,1
_iaclip00337.png,965,272,1
_iaclip00338.png,909,272,1
_iaclip00339.png,691,272,1
_iaclip00358.png,861,596,1
_iaclip00358_zoom90.png,775,536,1
_iaclip00359.png,873,619,1
_iaclip00359_zoom90.png,786,557,1
_iaclip00361.png,569,370,2
_iaclip00362.png,769,486,1
_iaclip00363.png,942,358,1
_iaclip00364.png,548,284,1
_iaclip00365.png,582,257,1
_iaclip00366.png,908,456,1
_iaclip00367.png,533,152,1
_iaclip00368.png,532,294,1
_iaclip00369.png,684,460,1
_iaclip00370.png,534,202,1
_iaclip00373.png,866,556,1
_iaclip00374.png,681,453,2
_iaclip00375.png,1037,486,1
_iaclip00376.png,734,324,1
_iaclip00377.png,898,700,1
_iaclip00378.png,957,470,1
_iaclip00379.png,1078,504,2
_iaclip00380.png,972,618,2
_iaclip00381.png,1214,601,3
_iaclip00382.png,1152,525,2
_iaclip00383.png,1183,419,2
_iaclip00384.png,1292,767,1
_iaclip00385.png,980,653,1
_iaclip00386.png,1043,681,1
_iaclip00387.png,687,476,1
_iaclip00388.png,699,473,1
_iaclip00389.png,1059,542,1
_iaclip00390.png,475,227,1
_iaclip00391_zoom80.png,746,596,1
_iaclip00392.png,1051,640,1
_iaclip00393.png,695,502,1
_iaclip00394.png,863,531,1
_iaclip00396.png,1162,600,1
_iaclip00397_zoom90.png,1129,401,1
_iaclip00399.png,902,497,1
_iaclip00400.png,431,290,1
_iaclip00401.png,429,290,1
_iaclip00402.png,431,293,1
_iaclip00403.png,428,292,1
_iaclip00404.png,1063,610,2
_iaclip00405.png,672,752,1
_iaclip00406.png,1200,800,1
_iaclip00407_zoom90.png,1042,508,1
_iaclip00408.png,585,75,1
_iaclip00409.png,934,633,1
_iaclip00410.png,580,426,1
_iaclip00411.png,544,457,1
_iaclip00412.png,178,517,1
_iaclip00414.png,203,266,1
_iaclip00415.png,754,512,1
_iaclip00416.png,842,445,2
_iaclip00417.png,475,519,1
_iaclip00418_zoom80.png,974,418,1
_iaclip00419.png,483,527,1
_iaclip00420.png,1169,514,1
_iaclip00421.png,475,519,1
_iaclip00422.png,1169,484,1
_iaclip00423_zoom95.png,844,750,1
_iaclip00424.png,717,746,1
_iaclip00425.png,554,324,1
_iaclip00426.png,572,387,1
_iaclip00427.png,574,389,1
_iaclip00428.png,575,389,1
_iaclip00429.png,573,380,1
_iaclip00430.png,608,836,1
_iaclip00432.png,724,590,1
_iaclip00433_zoom90.png,933,298,1
_iaclip00434.png,826,486,1
_iaclip00435.png,887,324,1
_iaclip00436.png,16,16,3
_iaclip00437_zoom80.png,311,318,1
_iaclip00438_zoom80.png,310,318,1
_iaclip00439.png,588,354,1
_iaclip00440.png,695,341,1
_iaclip00441.png,694,341,1
_iaclip00442.png,759,342,1
_iaclip00443.png,679,353,1
_iaclip00444.png,594,313,1
_iaclip00445.png,659,314,1
_iaclip00446.png,1184,342,1
_iaclip00447.png,532,518,1
_iaclip00448.png,1149,441,1
_iaclip00449.png,1050,482,2
_iaclip00450.png,515,298,1
_iaclip00451.png,517,109,1
_iaclip00453.png,1257,221,1
_iaclip00454.png,470,422,1
_iaclip00455.png,470,422,1
_iaclip00456_zoom80.png,633,486,1
_iaclip00457_zoom80.png,636,487,1
_iaclip00458_zoom80.png,630,486,1
_iaclip00459_zoom80.png,637,486,1
_iaclip00460.png,771,712,1
_iaclip00461.png,816,852,1
_iaclip00462.png,327,562,1
_iaclip00463.png,1050,635,1
_iaclip00465.png,689,496,1
_iaclip00466.png,662,520,1
_iaclip00467.png,550,359,1
_iaclip00468.png,531,699,1
_iaclip00470.png,547,829,1
_iaclip00473.png,302,92,1
_iaclip00474.png,216,29,1
_iaclip00475.png,396,210,1
_iaclip00476.png,593,373,1
_iaclip00477.png,288,325,1
_iaclip00478.png,757,733,1
_iaclip00479.png,511,248,1
_iaclip00480.png,1354,657,2
_iaclip00481.png,426,204,1
_iaclip00482.png,380,624,1
_iaclip00483.png,451,394,2
_iaclip00484.png,468,411,1
_iaclip00485.png,440,477,1
_iaclip00486.png,724,488,1
_iaclip00487.png,486,409,1
_iaclip00488.png,570,452,1
_iaclip00489.png,438,290,1
_iaclip00490.png,486,406,1
_iaclip00491.png,486,420,1
_iaclip00492.png,600,600,1
_iaclip00493.png,421,693,1
_iaclip00494.png,154,78,1
_iaclip00495.png,838,605,1
_iaclip00496.png,967,617,1
_iaclip00497.png,313,287,1
_iaclip00498.png,967,614,1
_iaclip00499.png,486,465,1
_iaclip00500.png,486,465,1
_iaclip00501.png,324,351,1
_iaclip00502.png,683,816,1
_iaclip00503.png,341,240,1
_iaclip00504.png,447,465,1
_iaclip00505.png,523,175,1
_iaclip00506.png,22,23,1
_iaclip00507.png,271,150,1
_iaclip00508.png,515,536,1
_iaclip00509.png,589,543,1
_iaclip00510.png,555,528,1
_iaclip00511.png,520,525,1
_iaclip00512.png,651,634,1
_iaclip00513.png,16,16,2
_iaclip00514.png,237,185,1
_iaclip00515.png,462,422,2
_iaclip00516.png,771,263,1
_iaclip00517.png,465,303,1
_iaclip00518.png,400,417,1
_iaclip00519.png,820,131,1
_iaclip00520.png,486,549,1
_iaclip00521.png,486,444,1
_iaclip00522.png,562,507,1
_iaclip00523.png,581,849,1
_iarclip0002.png,1075,577,1
_iarclip0003.png,594,330,1
_iarclip0008.png,680,304,2
_iarclip0009.png,566,260,2
_iarclip0011.png,391,500,1
_iarclip0012.png,394,493,1
_iarclip0013.png,391,240,1
_iarclip0014.png,839,197,1
_iarclip0017.png,847,461,1
_iarclip0031.png,374,312,1
_iarclip0032.png,673,504,1
_iarclip0033.png,123,18,1
_iarclip0034.png,111,16,1
_iarclip0037.png,488,379,1
_iarclip0040.png,249,374,1
_iarclip0049.png,633,399,1
_iarclip0075.png,526,272,1
_iarclip0078.png,765,361,1
_iarclip0079.png,635,236,1
_iarclip0080.png,388,387,1
_iarclip0082.png,349,357,1
_iarclip0083.png,348,175,1
_iarclip0087.png,265,51,1
_iarclip0089.png,643,204,1
_iarclip0090.png,329,308,1
_iarclip0091.png,41,32,2
_iarclip0092.png,268,58,1
_iarclip0093.png,35,35,1
_iarclip0094.png,343,212,1
_iarclip0095_zoom70.png,22,22,2
_iarclip0097_zoom70.png,58,22,1
_iarclip0106.png,314,347,1
_iarclip0108.png,883,471,1
_iarclip0110.png,993,610,1
_iarclip0113.png,949,300,3
_iarclip0114.png,840,408,1
_iarclip0117.png,856,385,1
_iarclip0118.png,1090,538,1
_iarclip0119.png,931,402,1
_iarclip0120.png,950,300,1
_iarclip0121.png,591,320,1
_iarclip0122.png,578,300,1
_iarclip0123.png,578,300,1
_iarclip0128.png,839,586,1
_iarclip0129.png,771,210,1
_iarclip0130.png,868,526,1
_iarclip0131.png,401,317,1
_iarclip0132.png,839,586,1
_iarclip0133.png,773,318,1
_iarclip0134.png,482,199,1
_iarclip0137.png,447,175,1
_iarclip0139.png,1002,449,1
_iarclip0140.png,719,543,1
_iarclip0141.png,973,664,1
_iarclip0142.png,1169,657,1
_iarclip0145.png,1150,282,1
_iarclip0147.png,998,502,1
_iarclip0148.png,941,492,1
_iarclip0154.png,361,153,1
_iarclip0155.png,288,261,1
_iarclip0156.png,746,430,1
_iarclip0157.png,430,432,1
_iarclip0158.png,716,367,1
_iarclip0159.png,471,113,1
_iarclip0160_zoom75.png,498,308,1
_iarclip0162.png,691,337,1
_iarclip0163.png,540,361,1
_iarclip0164.png,963,482,1
_iarclip0165.png,269,188,1
_iarclip0166.png,879,542,1
_iarclip0167.png,879,542,1
_iarclip0168.png,30,29,1
_iarclip0169.png,27,26,1
_iarclip0170.png,26,27,1
_iarclip0171.png,31,28,1
_iarclip0172.png,25,29,1
_iarclip0173.png,29,31,1
_iarclip0174.png,28,30,1
_iarclip0175.png,71,27,1
_iarclip0176.png,29,24,1
_iarclip0177.png,27,30,1
_iarclip0178.png,30,32,1
_iarclip0179.png,65,25,1
_iarclip0180.png,28,24,1
_iarclip0181.png,25,24,1
_iarclip0182.png,21,23,1
_iarclip0183.png,26,26,1
_iarclip0184.png,23,26,1
_iarclip0185.png,950,302,1
_iarclip0186.png,578,300,1
_iarclip0187.png,578,300,1
_iarclip0188.png,686,231,1
_iarclip0189.png,340,149,1
_iarclip0190.png,771,155,1
_imsclip0001.png,551,446,1
_imsclip0002.png,841,541,1
_imsclip0003.png,551,446,1
_imsclip0005.png,913,555,1
_imsclip0006.png,792,439,1
_imsclip0007.png,658,278,1
_imsclip0008.png,654,276,1
_imsclip0009.png,1038,427,1
_imsclip0010.png,791,439,1
_imsclip0011.png,791,439,1
_imsclip0013.png,788,442,1
_imsclip0014.png,447,379,1
_imsclip0016.png,777,226,1
_imsclip0017.png,965,613,1
_imsclip0018.png,966,226,1
_imsclip0019.png,1076,368,1
_imsclip0020.png,1130,613,1
_imsclip0021.png,965,351,1
_imsclip0022.png,1003,524,1
_imsclip0024.png,727,429,1
_imsclip0025.png,792,195,1
_imsclip0026.png,889,223,1
_imsclip0027.png,886,224,1
_imsclip0031.png,365,280,1
_imsclip0032.png,980,619,1
_imsclip0033.png,1128,700,1
_imsclip0034.png,726,563,1
_imsclip0037.png,635,508,1
_imsclip0038.png,887,223,1
_imsclip0039.png,722,413,1
_imsclip0042.png,1028,287,1
_imsclip0043.png,970,611,1
_imsclip0044.png,908,284,1
_imsclip0045.png,1082,635,1
_imsclip0046.png,690,344,1
_imsclip0047.png,687,539,1
_imsclip0048.png,682,412,1
_imsclip0049.png,571,891,1
_imsclip0050.png,1010,299,1
_imsclip0052.png,841,184,1
_imsclip0053.png,624,131,1
_imsclip0055.png,841,183,1
_imsclip0056.png,624,131,1
_imsclip0057.png,610,143,1
_imsclip0058.png,924,231,1
_imsclip0059.png,924,231,1
_imsclip0060.png,1000,165,1
_imsclip0061.png,701,166,1
_imsclip0062.png,773,165,1
_imsclip0063.png,925,343,1
_imsclip0064.png,765,247,1
_imsclip0065.png,772,209,1
_imsclip0066.png,848,209,1
_imsclip0067.png,848,165,1
_imsclip0068.png,924,165,1
_imsclip0070.png,925,165,1
_imsclip0073.png,664,208,1
_imsclip0074.png,550,378,1
_imsclip0076.png,227,304,1
_imsclip0077.png,538,658,1
_imsclip0078.png,324,417,1
_imsclip0079.png,841,217,1
_imsclip0080.png,913,118,1
_imsclip0081.png,739,121,1
_imsclip0082.png,930,289,1
_imsclip0083.png,748,128,1
_imsclip0084.png,943,286,1
_imsclip0085.png,427,125,1
_imsclip0087.png,792,440,1
_imsclip0088.png,288,61,1
_imsclip0089.png,340,50,1
_imsclip0090.png,240,26,1
_imsclip0091.png,232,56,1
_imsclip0092.png,1076,302,1
_imsclip0093.png,924,283,1
_imsclip0094.png,1399,517,1
_imsclip0095.png,781,206,1
_imsclip0096.png,781,206,1
_imsclip0097.png,539,255,2
_imsclip0098.png,780,348,1
_imsclip0099.png,840,209,1
_imsclip0100.png,990,677,1
_imsclip0101.png,994,665,1
_imsclip0102.png,673,86,1
_imsclip0104.png,721,507,1
_imsclip0105.png,542,282,1
_imsclip0106.png,541,332,1
_imsclip0107.png,1080,358,1
_imsclip0108.png,512,146,1
_imsclip0109.png,727,562,1
_imsclip0110.png,229,51,1
_imsclip0111.png,261,59,1
_imsclip0112.png,403,47,1
_imsclip0113.png,189,33,1
_imsclip0114.png,408,66,1
_imsclip0115.png,279,64,1
_imsclip0116.png,257,81,1
_imsclip0117.png,968,610,1
_imsclip0118.png,843,144,1
_imsclip0119.png,842,278,1
_imsclip0120.png,690,173,1
_imsclip0121.png,920,300,1
_imsclip0122.png,291,71,1
_imsclip0123.png,344,54,1
_imsclip0124.png,504,184,1
_intclip0001.png,322,396,1
_intclip0002.png,344,370,1
_intclip0040.png,679,361,1
_intclip0041.png,796,361,1
_intclip0042.png,796,361,1
_intclip0043.png,796,361,1
_intclip0044.png,1067,733,1
_intclip0045_zoom50.png,564,301,1
_ipqclip0001.png,817,279,1
_ipqclip0002.png,821,245,1
_ipqclip0003.png,928,565,1
_ipqclip0004.png,928,546,1
_ipqclip0005.png,452,192,1
_ipqclip0006.png,193,217,1
_ipqclip0007.png,697,801,1
_lpclip0002.png,807,319,1
_lpclip0003.png,808,320,1
_lpclip0004.png,826,428,1
_lpclip0005.png,828,430,1
_lpclip0006.png,807,353,1
_lpclip0007.png,807,353,1
_lpclip0008_zoom50.png,511,290,1
_lpclip0009.png,930,569,1
_lpclip0010.png,751,348,1
_lpclip0011.png,721,388,1
_lpclip0012.png,896,385,1
_lpclip0013.png,750,357,1
_lpclip0014.png,820,334,1
_lpclip0015.png,983,597,1
_lpclip00153_zoom50.png,418,178,1
_lpclip00154_zoom50.png,417,178,1
_lpclip00156_zoom50.png,441,178,1
_lpclip00158.png,826,322,1
_lpclip00159.png,865,357,1
_lpclip0016.png,657,490,1
_lpclip00160.png,882,356,1
_lpclip00161.png,866,357,2
_lpclip00162.png,867,358,1
_lpclip00163.png,889,458,1
_lpclip00164.png,583,364,1
_lpclip00165.png,932,579,1
_lpclip00166.png,531,250,1
_lpclip00167.png,537,230,1
_lpclip00168_zoom50.png,432,118,1
_lpclip00169_zoom50.png,373,139,1
_lpclip0017.png,831,399,1
_lpclip00170_zoom50.png,374,116,1
_lpclip00171_zoom50.png,383,204,1
_lpclip00172_zoom50.png,410,166,1
_lpclip00173_zoom50.png,405,217,2
_lpclip00174.png,1138,486,1
_lpclip00175.png,1197,365,1
_lpclip00176.png,745,128,1
_lpclip00177.png,322,302,1
_lpclip00178.png,322,302,1
_lpclip00179.png,403,410,1
_lpclip0018.png,657,399,1
_lpclip00180.png,354,633,1
_lpclip00181.png,354,151,1
_lpclip00182.png,1070,453,1
_lpclip00183.png,820,466,1
_lpclip00184.png,746,417,1
_lpclip00186.png,1177,705,1
_lpclip00187.png,912,303,1
_lpclip00188.png,822,467,1
_lpclip00189_zoom50.png,722,94,1
_lpclip0019.png,971,419,1
_lpclip00190.png,749,360,1
_lpclip00191.png,719,361,1
_lpclip00192.png,721,337,1
_lpclip00193.png,752,354,1
_lpclip00195.png,737,112,1
_lpclip00196.png,351,536,1
_lpclip00197.png,553,622,1
_lpclip00198.png,536,614,1
_lpclip00199_zoom50.png,322,178,1
_lpclip0020.png,669,413,1
_lpclip00200.png,751,322,1
_lpclip00201.png,751,367,1
_lpclip00202.png,749,344,1
_lpclip00203.png,1067,657,1
_lpclip00204.png,822,334,1
_lpclip00205.png,1033,716,1
_lpclip00206.png,1033,694,1
_lpclip0021.png,963,418,1
_lpclip00210.png,176,819,1
_lpclip00211.png,821,122,1
_lpclip00212.png,350,646,1
_lpclip00213.png,552,621,1
_lpclip00214.png,168,820,1
_lpclip00215.png,822,128,1
_lpclip00216.png,349,644,1
_lpclip00217.png,550,620,1
_lpclip00218.png,891,393,1
_lpclip00219_zoom50.png,342,118,1
_lpclip0022.png,933,443,1
_lpclip00220_zoom50.png,314,93,1
_lpclip00221.png,257,169,1
_lpclip00222.png,288,226,1
_lpclip00223.png,165,125,1
_lpclip00224.png,25,25,1
_lpclip00225.png,345,182,1
_lpclip00226.png,88,148,1
_lpclip00227.png,87,167,1
_lpclip00228.png,159,485,1
_lpclip00229.png,820,143,1
_lpclip0023.png,913,485,1
_lpclip00230.png,335,639,1
_lpclip00231.png,536,614,1
_lpclip00232.png,387,500,1
_lpclip00233.png,813,695,1
_lpclip00234.png,521,101,1
_lpclip00235.png,509,137,1
_lpclip00236.png,509,94,1
_lpclip00237.png,546,306,1
_lpclip00238.png,815,325,1
_lpclip00239.png,816,289,1
_lpclip0024.png,918,754,1
_lpclip00240.png,306,459,1
_lpclip00241.png,317,108,1
_lpclip00242.png,813,695,1
_lpclip00243.png,532,206,1
_lpclip00244.png,510,110,1
_lpclip00245.png,813,695,1
_lpclip00246.png,252,464,1
_lpclip00247.png,252,588,1
_lpclip00248.png,249,304,1
_lpclip00249.png,280,493,1
_lpclip0025.png,733,343,1
_lpclip00250.png,726,486,1
_lpclip00251.png,223,387,1
_lpclip00252.png,762,676,1
_lpclip00253.png,513,91,1
_lpclip00254.png,510,270,1
_lpclip00255.png,511,72,1
_lpclip00256.png,509,125,1
_lpclip00257.png,510,84,1
_lpclip00258.png,501,200,1
_lpclip00259.png,501,200,1
_lpclip00260_zoom50.png,518,334,1
_lpclip00261_zoom50.png,519,334,1
_lpclip00262_zoom50.png,519,332,1
_lpclip00263.png,354,296,1
_lpclip00264.png,296,489,1
_lpclip00265.png,359,295,1
_lpclip00266.png,501,212,1
_lpclip0027.png,618,186,1
_lpclip0030.png,969,655,1
_lpclip0031.png,356,87,1
_lpclip0032_zoom50.png,522,254,1
_lpclip0034.png,1270,694,1
_lpclip0035.png,1068,500,1
_lpclip0036.png,822,385,1
_lpclip0037.png,1059,223,1
_lpclip0038.png,1059,223,1
_lpclip0039.png,663,421,1
_lpclip0040.png,823,366,1
_lpclip0041.png,820,333,1
_lpclip0042.png,820,333,1
_lpclip0043.png,1054,450,1
_lpclip0044.png,867,369,1
_lpclip0046_zoom50.png,441,224,1
_lpclip0049_zoom50.png,507,78,1
_lpclip0052_zoom50.png,284,105,1
_lpclip0053_zoom50.png,476,186,1
_lpclip0054_zoom50.png,284,105,1
_lpclip0056_zoom50.png,545,98,1
_lpclip0057.png,559,204,1
_lpclip0059_zoom50.png,424,129,1
_lpclip0060_zoom50.png,424,86,1
_lpclip0061_zoom50.png,342,118,1
_lpclip0062_zoom50.png,482,170,1
_lpclip0063_zoom50.png,464,170,1
_lpclip0064_zoom50.png,324,140,1
_lpclip0066.png,436,85,1
_lpclip0067.png,257,49,1
_lpclip0068.png,195,47,1
_lpclip0069.png,927,329,1
_lpclip0070.png,755,226,1
_lpclip0071.png,846,270,1
_lpclip0072.png,838,270,1
_lpclip0073.png,507,269,1
_lpclip0074.png,849,272,1
_lpclip0075.png,847,270,1
_lpclip0076.png,841,270,1
_lpclip0077.png,821,270,2
_lpclip0078.png,835,319,2
_lpclip0079.png,838,269,2
_lpclip0080.png,835,269,2
_lpclip0090_zoom50.png,294,156,1
_lpclip0091_zoom50.png,294,188,1
_lpclip0092_zoom50.png,294,130,2
_lpclip0093.png,376,137,1
_lpclip0095_zoom50.png,528,240,1
_lpclip0096_zoom50.png,236,185,1
_lpclip0097_zoom50.png,407,145,1
_lpclip0098_zoom50.png,457,106,1
_lpclip0099.png,538,84,1
_lpclip0101.png,469,294,1
_lpclip0102.png,469,294,1
_lpclip0103.png,469,294,1
_lpclip0104.png,597,418,1
_lpclip0105.png,1181,547,1
_lpclip0106.png,597,418,1
_lpclip0107.png,746,455,1
_lpclip0108.png,994,382,1
_lpclip0109.png,990,378,1
_lpclip0110.png,447,603,1
_lpclip0111.png,479,365,1
_lpclip0112.png,332,263,1
_lpclip0113.png,471,369,1
_lpclip0116.png,408,291,1
_lpclip0117.png,408,291,1
_lpclip0118.png,332,422,1
_lpclip0119.png,497,332,1
_lpclip0123.png,610,434,1
_lpclip0124.png,415,328,1
_lpclip0125.png,291,476,1
_lpclip0126.png,392,476,1
_lpclip0127.png,1063,525,1
_lpclip0128.png,379,360,1
_lpclip0129.png,688,476,1
_lpclip0130.png,688,476,1
_lpclip0131.png,1139,630,1
_lpclip0132.png,553,488,1
_lpclip0133.png,946,601,1
_lpclip0134.png,485,235,1
_lpclip0135.png,483,361,1
_lpclip0137.png,947,616,1
_lpclip0138.png,1005,641,1
_lpclip0139.png,898,317,1
_lpclip0140.png,898,259,1
_lpclip0141_zoom50.png,364,174,1
_lpclip0142_zoom50.png,432,126,1
_lpclip0143_zoom50.png,271,360,1
_lpclip0144_zoom50.png,439,190,1
_lpclip0145.png,579,170,1
_lpclip0146.png,854,562,1
_lpclip0147.png,736,333,1
_lpclip0150.png,725,478,1
_lpclip0151.png,447,210,1
_lpclip0152.png,725,531,1
_mceaclip0005.png,588,224,1
_mceaclip0011.png,552,411,1
_mceaclip0012.png,552,411,1
_mceaclip0015.png,271,134,1
_mceaclip0016.png,610,549,1
_mceaclip0020.png,658,509,1
_mceaclip0021.png,589,548,1
_mceaclip0022.png,696,541,1
_mceaclip0024.png,595,452,1
_mceaclip0026.png,1153,556,1
_mceaclip0027.png,564,478,1
_mceaclip0028.png,564,478,1
_mceaclip0029.png,564,478,1
_mceaclip0030.png,564,478,1
_mceaclip0031.png,271,134,1
_mceaclip0032.png,376,137,1
_mceaclip0033.png,564,590,1
_mceaclip0038.png,675,541,1
_mceaclip0039.png,675,541,1
_mceaclip0041.png,570,520,1
_mceaclip0042.png,611,451,1
_mceaclip0043.png,612,452,1
_mceaclip0044_zoom50.png,656,395,1
_mceaclip0045.png,692,184,1
_mceaclip0046.png,352,98,1
_mceaclip0047.png,289,68,1
_mceaclip0048.png,983,589,1
_mceaclip0049.png,860,298,1
_mceaclip0050.png,335,199,1
_mceaclip0052.png,642,189,1
_mceaclip0055.png,1100,140,1
_mceaclip0056.png,646,236,1
_mceaclip0057.png,675,541,1
_mceaclip0058.png,553,215,1
_mceaclip0059.png,702,426,1
_mceaclip0061.png,747,245,1
_mceaclip0062.png,747,507,1
_mceaclip0063.png,294,71,1
_mceaclip0065.png,913,502,1
_mceaclip0066.png,1005,606,1
_mceaclip0067.png,1177,452,1
_mceaclip0070.png,644,541,1
_mceaclip0071.png,340,456,1
_mceaclip0072.png,365,167,1
_mceaclip0073.png,644,541,1
_mceaclip0074.png,645,209,1
_mceaclip0075.png,645,386,1
_mceaclip0076.png,645,129,1
_mceaclip0077.png,644,573,1
_mceaclip0078.png,466,289,1
_mceaclip0079.png,613,298,1
_mceaclip0080.png,465,385,1
_mceaclip0081.png,700,663,2
_mlclip0001.png,483,438,1
_mlrclip0001.png,759,403,1
_mlrclip0002.png,744,264,1
_mlrclip0003.png,700,819,1
_mlrclip0004.png,700,452,1
_mlrclip0005.png,697,298,1
_mlrclip0006.png,700,819,1
_mlrclip0007_zoom50.png,607,430,1
_mlrclip0008.png,739,538,1
_mlrclip0009.png,633,505,1
_mwclip0002.png,1035,1020,1
_mwclip0003.png,824,588,1
_mwclip0004.png,923,435,1
_mwclip0005.png,800,1318,1
_mwclip0006.png,376,137,1
_mwclip0007.png,376,137,1
_mwclip0009.png,919,481,1
_mwclip0010.png,847,260,1
_mwclip00100_zoom50.png,499,227,1
_mwclip00101_zoom50.png,499,227,1
_mwclip00104_zoom50.png,525,300,1
_mwclip00105_zoom50.png,499,227,1
_mwclip00106.png,256,499,1
_mwclip00107.png,551,484,1
_mwclip0011.png,998,916,1
_mwclip00110_zoom50.png,359,229,1
_mwclip00111_zoom50.png,359,229,1
_mwclip00112_zoom50.png,359,229,1
_mwclip00113_zoom50.png,358,229,1
_mwclip00114_zoom50.png,412,229,1
_mwclip00115_zoom50.png,507,229,1
_mwclip00116_zoom50.png,359,229,1
_mwclip00118_zoom50.png,359,229,1
_mwclip00119_zoom50.png,354,246,1
_mwclip00120_zoom50.png,424,278,1
_mwclip00122.png,28,25,1
_mwclip00123.png,25,21,1
_mwclip00126.png,661,489,1
_mwclip00127.png,710,370,1
_mwclip00128.png,559,148,1
_mwclip00129.png,901,528,1
_mwclip00130.png,576,234,1
_mwclip00131.png,744,326,1
_mwclip00132.png,744,326,1
_mwclip00134.png,870,349,1
_mwclip00135.png,753,348,1
_mwclip00136.png,987,369,1
_mwclip00137.png,862,348,1
_mwclip00138.png,747,348,1
_mwclip00139.png,705,389,1
_mwclip0013_zoom50.png,438,326,1
_mwclip00140.png,997,386,1
_mwclip00141.png,993,382,1
_mwclip00142.png,835,369,1
_mwclip00145.png,810,218,1
_mwclip00146.png,810,218,1
_mwclip00147.png,810,218,1
_mwclip00148.png,810,218,1
_mwclip00149.png,810,218,1
_mwclip0014_zoom50.png,435,221,1
_mwclip0015.png,877,226,1
_mwclip00150.png,810,218,1
_mwclip00151.png,818,246,1
_mwclip00153.png,818,246,1
_mwclip00154.png,935,390,1
_mwclip00155.png,818,218,1
_mwclip00156.png,850,226,1
_mwclip00157.png,850,241,1
_mwclip00158.png,850,242,1
_mwclip00159.png,850,241,1
_mwclip0016.png,374,463,1
_mwclip00161.png,833,562,1
_mwclip00162.png,834,339,1
_mwclip00163.png,833,562,1
_mwclip00164.png,831,539,1
_mwclip00165.png,660,252,1
_mwclip00166.png,459,497,1
_mwclip0017.png,374,105,1
_mwclip00170.png,836,286,1
_mwclip00171.png,831,474,1
_mwclip00172.png,730,411,1
_mwclip00173.png,780,426,1
_mwclip00174.png,788,494,1
_mwclip00175.png,699,520,1
_mwclip00177.png,374,417,1
_mwclip00178.png,407,494,1
_mwclip00179.png,688,494,2
_mwclip0018.png,157,117,1
_mwclip00180.png,688,494,1
_mwclip00181.png,629,157,1
_mwclip00182.png,629,157,1
_mwclip00183.png,628,168,1
_mwclip00184.png,812,469,1
_mwclip00185_zoom50.png,555,366,1
_mwclip00186.png,418,36,1
_mwclip00187.png,663,153,1
_mwclip00188.png,323,62,1
_mwclip00189.png,583,93,1
_mwclip0019.png,747,352,1
_mwclip00191_zoom50.png,406,234,1
_mwclip00192_zoom50.png,398,220,1
_mwclip00193_zoom50.png,398,220,1
_mwclip00194.png,453,329,1
_mwclip00195.png,295,81,1
_mwclip00196.png,262,159,1
_mwclip00197.png,172,280,1
_mwclip00198.png,143,233,1
_mwclip00199.png,573,87,1
_mwclip0020.png,670,362,1
_mwclip00200.png,621,179,1
_mwclip00201.png,452,494,1
_mwclip00202.png,789,757,1
_mwclip00203.png,1067,520,1
_mwclip00204.png,1264,236,1
_mwclip00205.png,650,828,1
_mwclip00206.png,899,450,1
_mwclip00207.png,655,272,1
_mwclip00208.png,235,22,1
_mwclip00209.png,748,343,1
_mwclip0021.png,985,197,1
_mwclip00210.png,734,466,1
_mwclip00211.png,1171,594,1
_mwclip00212.png,910,557,1
_mwclip00213.png,910,557,1
_mwclip00214.png,789,346,1
_mwclip00215.png,647,519,1
_mwclip00216.png,681,217,1
_mwclip00217.png,1042,485,2
_mwclip00218.png,850,241,1
_mwclip00219.png,1029,640,1
_mwclip0022.png,986,195,1
_mwclip00220.png,661,147,1
_mwclip00221.png,658,150,1
_mwclip00222.png,660,334,1
_mwclip00223.png,258,171,1
_mwclip00224.png,229,25,1
_mwclip00225.png,231,21,1
_mwclip00226.png,233,21,1
_mwclip00227.png,233,21,1
_mwclip00228.png,770,614,1
_mwclip00229.png,850,260,1
_mwclip0023.png,856,608,1
_mwclip00230.png,850,241,1
_mwclip00231.png,374,613,1
_mwclip00232.png,525,438,1
_mwclip00233.png,490,351,1
_mwclip00234.png,526,165,1
_mwclip00235.png,525,161,1
_mwclip00236.png,392,172,1
_mwclip00237.png,412,152,1
_mwclip00238.png,492,250,1
_mwclip00239.png,375,614,1
_mwclip0024.png,753,502,1
_mwclip00240.png,656,579,1
_mwclip00241.png,660,132,1
_mwclip00242.png,655,293,1
_mwclip00243.png,655,254,1
_mwclip00244.png,657,333,1
_mwclip00245.png,476,137,1
_mwclip00246.png,634,264,1
_mwclip00247.png,658,228,1
_mwclip00248.png,657,226,1
_mwclip00249.png,656,256,1
_mwclip0025.png,844,346,1
_mwclip00250.png,358,152,1
_mwclip00251.png,655,276,1
_mwclip00252.png,656,247,1
_mwclip00253.png,656,253,1
_mwclip00254.png,655,289,1
_mwclip00255.png,177,198,1
_mwclip00256.png,373,611,1
_mwclip00257.png,778,508,1
_mwclip00258.png,607,298,1
_mwclip00259.png,413,172,1
_mwclip0026.png,779,379,1
_mwclip00260.png,779,380,1
_mwclip00261.png,779,240,1
_mwclip00262.png,777,255,1
_mwclip00263.png,778,286,1
_mwclip00264.png,656,306,1
_mwclip00265.png,672,374,1
_mwclip00266.png,331,152,1
_mwclip00267.png,995,131,1
_mwclip00268.png,1048,432,1
_mwclip00269.png,373,362,1
_mwclip0027.png,645,906,1
_mwclip00270.png,285,346,1
_mwclip00271.png,857,576,1
_mwclip00272.png,187,137,1
_mwclip00273.png,667,436,1
_mwclip00274.png,422,224,1
_mwclip00275.png,262,121,1
_mwclip00276.png,863,170,1
_mwclip00277.png,705,375,1
_mwclip00278.png,1040,407,1
_mwclip00279.png,728,213,1
_mwclip00280.png,902,362,1
_mwclip00281.png,886,362,1
_mwclip00282.png,866,604,1
_mwclip00283.png,867,210,1
_mwclip00284_zoom50.png,680,364,1
_mwclip00285_zoom50.png,521,108,1
_mwclip00286.png,286,50,1
_mwclip00287.png,1186,488,1
_mwclip00288.png,126,134,1
_mwclip0029.png,532,294,1
_mwclip0030.png,797,484,1
_mwclip0031.png,1017,505,1
_mwclip0032.png,865,483,1
_mwclip0033.png,739,214,1
_mwclip0034.png,376,242,1
_mwclip0035.png,866,537,1
_mwclip0036.png,748,343,1
_mwclip0038.png,699,492,1
_mwclip0039.png,1132,343,1
_mwclip0044_zoom50.png,318,190,1
_mwclip0045_zoom50.png,421,288,1
_mwclip0046.png,33,31,2
_mwclip0048_zoom50.png,480,210,1
_mwclip0052.png,996,400,1
_mwclip0053_zoom50.png,524,275,1
_mwclip0054_zoom50.png,524,104,1
_mwclip0055_zoom50.png,348,200,1
_mwclip0056_zoom50.png,348,200,1
_mwclip0057_zoom50.png,392,212,1
_mwclip0058_zoom50.png,208,203,1
_mwclip0059_zoom50.png,354,246,1
_mwclip0060_zoom50.png,354,246,1
_mwclip0061.png,805,593,1
_mwclip0062_zoom50.png,499,230,1
_mwclip0065.png,998,402,1
_mwclip0066.png,1194,451,1
_mwclip0067.png,791,599,1
_mwclip0068.png,998,410,1
_mwclip0070.png,1091,399,1
_mwclip0071.png,1316,426,1
_mwclip0072.png,1007,402,1
_mwclip0074.png,376,167,1
_mwclip0075_zoom50.png,525,314,1
_mwclip0076_zoom50.png,525,116,1
_mwclip0077_zoom50.png,525,273,1
_mwclip0079_zoom50.png,525,300,1
_mwclip0080.png,841,140,1
_mwclip0081.png,277,140,1
_mwclip0082_zoom50.png,524,124,1
_mwclip0083_zoom50.png,524,294,1
_mwclip0085.png,600,436,1
_mwclip0086.png,866,436,1
_mwclip0087.png,600,436,1
_mwclip0088.png,1048,451,1
_mwclip0089.png,1048,434,1
_mwclip0090.png,1048,427,1
_mwclip0091.png,1049,452,1
_mwclip0092.png,1049,439,1
_mwclip0093.png,590,744,1
_mwclip0094.png,590,744,1
_mwclip0095_zoom50.png,562,309,1
_mwclip0096_zoom50.png,499,227,1
_mwclip0097_zoom50.png,499,227,1
_mwclip0098_zoom50.png,499,227,1
_mwclip0099_zoom50.png,499,227,1
_nmrclip0002_zoom50.png,372,269,1
_nmrclip0005_zoom50.png,445,329,1
_nmrclip0006_zoom50.png,492,347,1
_nmriclip0002.png,614,679,1
_nmriclip0003.png,835,484,1
_nmriclip0006.png,737,173,1
_nmriclip0007.png,738,175,1
_nmriclip0008.png,738,175,1
_nmriclip0009.png,737,185,1
_nmriclip0010.png,751,214,1
_nmriclip0011.png,737,175,1
_nmriclip0012.png,957,198,1
_nmriclip0015.png,643,515,1
_nmriclip0016.png,752,708,1
_nmriclip0017.png,752,708,1
_nmriclip0018.png,709,350,1
_nmriclip0019.png,933,623,1
_nmriclip0020.png,712,349,1
_nmriclip0025.png,595,183,2
_nmriclip0026.png,942,518,1
_nmriclip0027.png,942,518,1
_nmriclip0029.png,728,564,1
_nmriclip0030.png,450,327,1
_nmriclip0031.png,451,382,1
_nmriclip0032.png,892,678,1
_nmriclip0033.png,615,683,1
_nmriclip0036_zoom50.png,516,361,1
_nmriclip0037.png,671,732,1
_nmriclip0038.png,208,135,1
_nmriclip0040.png,371,70,1
_nmriclip0041.png,727,562,1
_nmriclip0042.png,738,175,1
_nmriclip0043.png,737,176,1
_nmriclip0044.png,739,175,1
_nmriclip0045.png,672,188,2
_nmriclip0046.png,1109,634,1
_nmriclip0047.png,744,680,1
_nmriclip0048.png,744,679,1
_nmriclip0049.png,745,215,1
_nmriclip0050.png,863,176,1
_nmriclip0051.png,672,679,1
_nmriclip0052.png,672,679,1
_nmriclip0053.png,635,506,2
_nmriclip0054.png,888,175,1
_nmriclip0055.png,673,184,1
_nmriclip0056.png,790,566,1
_nmriclip0057.png,752,708,1
_nmriclip0058.png,672,216,1
_nmriclip0059.png,628,170,1
_nmriclip0060.png,629,173,1
_nmriclip0061.png,727,562,1
_nmriclip0062.png,828,600,1
_nmriclip0063_zoom50.png,361,424,1
_nmriclip0064.png,820,136,1
_nmriclip0065.png,335,791,1
_nmriclip0066.png,188,353,1
_nmriclip0067.png,543,48,1
_nmriclip0068.png,543,533,1
_nmriclip0069.png,206,27,1
_nmriclip0070.png,218,292,1
_nmriclip0071.png,545,126,1
_nmriclip0072.png,545,150,1
_nmriclip0073_zoom50.png,548,266,1
_nmriclip0074.png,436,456,1
_nnclip0001.png,742,234,1
_nnclip00012_zoom50.png,606,430,1
_nnclip00014.png,1096,433,1
_nnclip00015.png,698,235,1
_nnclip00016.png,696,208,1
_nnclip00017.png,700,472,1
_nnclip00018.png,696,590,1
_nnclip00019.png,700,399,1
_nnclip0002.png,741,391,1
_nnclip00020.png,696,221,1
_nnclip00021.png,697,181,1
_nnclip00022.png,697,181,1
_nnclip00023.png,700,399,1
_nnclip00024.png,795,344,1
_nnclip0006.png,600,517,1
_parsclip0015.png,797,174,1
_parsclip0016.png,592,194,1
_parsclip0017.png,602,135,1
_parsclip0018.png,195,133,1
_parsclip0020.png,1193,915,1
_parsclip0021.png,737,507,1
_pawsclip0007.png,790,685,1
_pawsclip0009.png,588,229,1
_pawsclip0011.png,389,323,1
_pawsclip0012.png,600,242,1
_pawsclip0013.png,286,230,1
_pawsclip0014.png,293,236,1
_pawsclip0015.png,302,172,1
_pawsclip0018.png,603,769,1
_pawsclip0021.png,1030,412,1
_pawsclip0023.png,663,210,1
_pawsclip0024.png,1309,704,1
_pawsclip0026.png,907,610,2
_pawsclip0027.png,739,563,1
_pawsclip0028.png,829,507,1
_pawsclip0036.png,663,309,1
_pawsclip0037.png,878,433,1
_pawsclip0038.png,635,505,1
_pawsclip0039.png,878,433,1
_pawsclip0040.png,1217,315,1
_pawsclip0041.png,721,319,1
_pawsclip0042.png,692,348,1
_pawsclip0044.png,937,316,1
_pawsclip0045.png,937,316,1
_pawsclip0046.png,942,378,1
_pawsclip0047.png,987,316,1
_pawsclip0048.png,937,316,1
_pawsclip0049.png,615,399,1
_pawsclip0050.png,616,357,1
_pawsclip0051.png,716,319,1
_pawsclip0052.png,830,299,1
_pawsclip0053.png,1217,315,1
_pawsclip0054.png,791,316,1
_pawsclip0055.png,791,316,1
_pawsclip0059.png,1232,551,1
_pawsclip0060.png,546,539,1
_pawsclip0061.png,467,556,1
_pawsclip0063.png,1113,551,1
_pawsclip0064.png,769,255,1
_pawsclip0066.png,1056,629,1
_pawsclip0067.png,913,303,1
_pawsclip0068.png,918,255,1
_pawsclip0069.png,918,255,1
_pawsclip0070.png,668,409,1
_pawsclip0071.png,671,265,1
_pawsclip0072.png,371,278,1
_pawsclip0073.png,727,563,1
_pawsclip0074.png,729,563,1
_pawsclip0075.png,400,277,1
_pawsclip0077.png,25,22,1
_pawsclip0078.png,20,20,1
_pawsclip0080.png,907,442,1
_pawsclip0084.png,1035,620,1
_pawsclip0085.png,654,617,1
_pawsclip0086.png,1027,443,1
_pawsclip0087.png,663,358,1
_pawsclip0088.png,652,180,1
_pawsclip0089.png,652,179,1
_pawsclip0091.png,1314,597,2
_pawsclip0093.png,381,437,1
_pawsclip0094.png,1283,507,2
_pawsclip0095.png,303,324,1
_pawsclip0096.png,280,328,1
_pawsclip0097.png,118,328,1
_pawsclip0098.png,634,506,2
_pawsclip0099.png,126,319,1
_pawsclip0101.png,723,316,1
_pawsclip0102.png,1059,307,1
_pawsclip0103.png,1293,304,1
_pawsclip0104.png,1059,307,1
_pawsclip0105.png,105,287,1
_pawsclip0106.png,107,288,1
_pawsclip0107.png,489,393,1
_pawsclip0108.png,81,304,1
_pawsclip0109.png,591,230,1
_pawsclip0110.png,280,54,1
_pawsclip0111.png,289,51,1
_pawsclip0112.png,299,51,1
_pawsclip0113.png,254,35,1
_pawsclip0114.png,290,33,1
_pawsclip0115.png,211,48,1
_pawsclip0116.png,217,49,1
_pawsclip0117.png,653,302,1
_pawsclip0118.png,655,175,1
_pawsclip0119.png,204,35,1
_pawsclip0120.png,43,27,1
_pawsclip0121.png,552,176,1
_pawsclip0122.png,635,508,1
_pawsclip0125.png,558,381,1
_pawsclip0126.png,347,379,1
_pawsclip0127.png,490,301,1
_pawsclip0128.png,490,299,1
_pawsclip0129.png,653,177,1
_pawsclip0130.png,655,295,1
_pawsclip0131.png,663,210,1
_pawsclip0132.png,664,374,1
_pawsclip0133.png,942,321,1
_pawsclip0134.png,524,59,1
_pawsclip0135.png,293,51,1
_pawsclip0136.png,297,55,1
_pawsclip0137.png,624,66,1
_pawsclip0138.png,748,64,1
_pawsclip0139.png,653,76,1
_pawsclip0140.png,652,574,1
_pawsclip0141.png,888,354,1
_pawsclip0142_zoom75.png,701,589,1
_pawsclip0143_zoom80.png,365,129,1
_pawsclip0144.png,726,561,1
_pawsclip0145.png,828,562,1
_pawsclip0146.png,727,562,1
_pawsclip0147.png,727,562,1
_pawsclip0148.png,229,51,1
_pawsclip0149.png,672,72,1
_pawsclip0150.png,575,74,1
_pawsclip0151.png,634,506,1
_pawsclip0152.png,1282,507,1
_pcaclip0001.png,797,387,1
_pcaclip0002.png,820,238,1
_pcaclip0003.png,694,801,1
_pcaclip0004.png,905,567,1
_pcaclip0005.png,693,278,1
_pcaclip0006.png,694,557,1
_pcaclip0007.png,358,327,1
_pcaclip0008_zoom50.png,614,430,1
_pcaclip0009.png,636,506,1
_pcaclip0010.png,282,29,1
_pcaclip0011.png,233,28,1
_pcaclip0012.png,703,688,1
_pcaclip0013.png,834,688,1
_pcclip0001.png,337,523,1
_pcclip0002.png,622,436,1
_pcclip0003.png,804,141,1
_pcclip0004.png,658,541,1
_pcclip0005.png,261,252,1
_pcclip0006.png,320,77,1
_pcclip0007.png,151,231,1
_pcclip0008.png,451,405,1
_pcclip0009.png,266,383,1
_pcclip0010_zoom80.png,925,567,1
_pcclip0011.png,821,598,1
_pcclip0012.png,814,649,1
_pcclip0013.png,887,337,1
_pcclip0014.png,889,693,1
_pcclip0015.png,839,605,1
_pcclip0016.png,189,217,1
_pcclip0017.png,403,469,1
_pcclip0018_zoom79.png,816,802,1
_pcclip0019_zoom79.png,819,779,1
_pcclip0020_zoom92.png,816,901,1
_pcclip0021_zoom81.png,827,800,1
_pcclip0022.png,192,218,1
_pcclip0023_zoom71.png,830,687,1
_pcclip0024_zoom82.png,802,706,1
_pcclip0025.png,488,683,1
_pcclip0026.png,199,222,1
_pcclip0027.png,782,89,1
_pcclip0028_zoom62.png,808,648,1
_pcclip0029_zoom70.png,802,447,1
_pcclip0030.png,199,224,1
_pcclip0031.png,587,1228,1
_pcclip0032_zoom77.png,800,656,1
_pcclip0033.png,927,146,1
_pcclip0034.png,198,224,1
_pcclip0035.png,436,348,1
_pcclip0036.png,957,600,1
_pcclip0037.png,640,495,1
_pcclip0038.png,648,644,1
_pcclip0039.png,433,348,1
_pcclip0040.png,282,160,1
_pcpclip0001.png,681,219,1
_pcpclip0002.png,897,302,1
_pcpclip0003.png,897,512,1
_pcpclip0004.png,663,358,1
_pcpclip0005.png,904,549,1
_pcpclip0006.png,366,706,1
_pcpclip0007.png,348,237,1
_phclip0001.png,337,591,1
_phclip0002.png,291,199,1
_phclip0003.png,669,217,1
_phclip0004.png,415,171,1
_phclip0005.png,304,251,1
_phclip0006.png,864,800,1
_phclip0007.png,867,338,1
_phclip0008.png,866,592,1
_phclip0009.png,242,214,1
_phclip0010.png,243,217,1
_phclip0011.png,247,219,1
_phclip0012.png,245,219,1
_phclip0013.png,494,171,1
_pieclip0001.png,693,575,1
_pieclip0002.png,337,395,1
_pieclip0003.png,536,614,1
_pieclip0004.png,536,614,1
_pieclip0005.png,536,614,1
_pieclip0006.png,536,614,1
_pieclip0006a.png,536,614,1
_pieclip0007.png,536,614,1
_pieclip0008.png,26,25,1
_pieclip0009.png,484,576,1
_plclip00001.png,1000,686,1
_plclip00002.png,290,535,1
_plclip00003.png,962,665,1
_plclip00004.png,123,30,1
_plclip00005.png,118,28,1
_plclip00006.png,121,30,1
_plclip00007.png,114,27,1
_plclip00008.png,122,31,1
_plclip00009.png,122,29,1
_plclip00010.png,122,31,1
_plclip00011.png,123,32,1
_plclip00012.png,128,29,1
_plclip00013.png,122,30,1
_plclip00014.png,122,31,1
_plclip00015.png,120,28,1
_plclip00016.png,120,31,1
_plclip00017.png,121,30,1
_plclip00018.png,123,29,1
_plclip00019.png,123,29,1
_plclip00020.png,122,31,1
_plclip00021.png,120,29,1
_plclip00022.png,121,29,1
_plclip00023.png,293,354,1
_plclip00024.png,700,422,1
_plclip00025.png,632,496,1
_plclip00026.png,632,496,1
_plclip00027.png,632,496,1
_plclip00031.png,223,375,1
_plclip00032.png,632,496,1
_plclip00033.png,632,496,1
_plclip00034.png,216,178,1
_plclip00035.png,632,496,1
_plclip00036.png,632,496,1
_plclip00037.png,774,640,1
_plclip00038.png,632,496,1
_plclip00044.png,632,496,2
_plclip00045.png,632,496,1
_plclip00046.png,913,470,1
_plclip00047.png,851,705,1
_plclip00048.png,851,313,1
_plclip00049.png,851,321,1
_plclip00050.png,476,354,1
_plclip00051.png,23,23,1
_plclip00052.png,347,233,1
_plclip00053.png,23,23,3
_plclip00054.png,23,23,5
_plclip00055.png,347,233,1
_plclip00056.png,347,233,1
_plclip00057.png,791,609,1
_plclip00058.png,791,609,1
_plclip00059.png,791,609,1
_plclip00060.png,23,23,1
_plclip00061.png,435,226,1
_plclip00062.png,23,23,1
_plclip00063.png,23,23,2
_plclip00064.png,792,610,1
_plclip00065.png,273,335,1
_plclip00066.png,791,609,1
_plclip00067.png,371,228,1
_plclip00068.png,23,23,1
_plclip00069.png,791,609,1
_plclip00070.png,791,609,1
_plclip00071.png,791,609,1
_plclip00072.png,245,41,1
_plclip00073.png,791,609,1
_plclip00080.png,333,468,1
_plclip00081.png,398,223,1
_plclip00082.png,398,442,1
_plclip00087.png,398,442,1
_plclip00088.png,398,442,1
_plclip00089.png,773,599,1
_plclip00090.png,511,442,1
_plclip00091.png,366,129,1
_plclip00092.png,366,129,1
_plclip00093.png,366,129,1
_plclip00094.png,511,442,1
_plclip00095.png,376,202,1
_plclip00096.png,406,442,1
_plclip00097.png,19,23,1
_plclip00098.png,406,442,1
_plclip00099.png,763,516,1
_plclip00100.png,763,515,1
_plclip00101.png,763,515,1
_plclip00103.png,763,515,1
_plclip00104.png,763,515,1
_plclip00105.png,763,515,1
_plclip00116.png,532,455,1
_plclip00117.png,532,455,1
_plclip00118.png,532,471,1
_plclip00119.png,532,471,1
_plclip00120.png,532,486,1
_plclip00121.png,532,482,1
_plclip00122.png,536,692,1
_plclip00123.png,831,611,1
_plclip00124.png,532,455,1
_plclip00125.png,532,515,1
_plclip00126.png,532,475,1
_plclip00127.png,532,631,1
_plclip00128.png,600,544,1
_plclip00129.png,600,674,1
_plclip00130.png,600,674,1
_plclip00131.png,600,674,1
_plclip00132.png,303,449,1
_plclip00133.png,663,509,1
_plclip00134.png,673,414,1
_plclip00135.png,673,414,1
_plclip00136.png,673,414,1
_plclip00137.png,683,424,1
_plclip00138.png,673,414,1
_plclip00139.png,673,414,1
_plclip00140.png,673,414,1
_plclip00141.png,673,414,1
_plclip00142.png,683,424,1
_plclip00143.png,673,414,1
_plclip00144.png,673,414,1
_plclip00145.png,577,482,1
_plclip00146.png,577,482,1
_plclip00147.png,577,482,1
_plclip00148.png,577,482,1
_plclip00149.png,577,482,1
_plclip00150.png,577,482,1
_plclip00151.png,577,482,1
_plclip00152.png,593,482,1
_plclip00153.png,593,482,1
_plclip00154.png,593,482,1
_plclip00155.png,593,482,1
_plclip00156.png,593,482,1
_plclip00157.png,522,511,1
_plclip00158.png,522,511,1
_plclip00159.png,522,511,1
_plclip00160.png,522,511,1
_plclip00161.png,522,511,1
_plclip00162.png,520,533,1
_plclip00163.png,522,511,1
_plclip00164.png,522,511,1
_plclip00165.png,879,573,1
_plclip00166.png,405,457,1
_plclip00167.png,263,275,1
_plclip00168.png,263,324,1
_plclip00169.png,263,275,1
_plclip00170.png,263,324,1
_plclip00171.png,276,440,1
_plclip00172.png,391,425,1
_plclip00173.png,469,385,1
_plclip00174.png,293,387,1
_plclip00175.png,478,579,1
_plclip00196.png,831,611,1
_plclip00197.png,122,178,1
_plclip00198.png,60,17,1
_plclip00199.png,353,298,1
_plclip00200.png,425,215,1
_plclip00201.png,425,215,1
_plclip00204.png,645,481,1
_plclip00205.png,933,640,1
_plclip00210.png,23,23,1
_plclip00211.png,648,461,1
_plclip00212.png,648,461,1
_plclip00213.png,20,20,1
_plclip00214.png,20,20,1
_plclip00218.png,507,193,1
_plclip00219.png,23,23,1
_plclip00220.png,20,23,1
_plclip00221.png,366,129,1
_plclip00222.png,23,23,1
_plclip00223.png,500,508,1
_plclip00224.png,19,23,2
_plclip00225.png,500,508,1
_plclip00226.png,500,508,1
_plclip00227.png,584,857,1
_plclip00228.png,116,384,1
_plclip00229.png,115,384,1
_plclip00230.png,114,383,1
_plclip00231.png,116,385,1
_plclip00232.png,115,384,1
_plclip00233.png,113,357,1
_plclip00278.png,488,435,1
_plclip00279.png,101,28,1
_plclip00280.png,110,30,1
_plclip00281.png,133,29,1
_plclip00282.png,1244,600,1
_plclip00283.png,322,372,1
_plclip00284.png,852,504,1
_plclip00285.png,1078,632,1
_plclip00286.png,472,236,1
_plclip00287.png,470,328,1
_plclip00288.png,480,358,1
_plclip00289.png,917,438,1
_plclip00290.png,855,571,1
_plclip00291.png,493,266,1
_plclip00292.png,267,136,1
_plclip00293.png,795,606,1
_plclip00294.png,843,607,1
_plclip00295.png,852,504,1
_plclip00296.png,1105,632,1
_plclip00297.png,521,533,1
_plclip00298.png,700,422,1
_plclip00299.png,700,422,1
_plclip00300.png,700,422,1
_plclip00301.png,632,496,1
_plclip00302.png,713,482,1
_plclip00303.png,151,256,1
_plclip00304.png,726,277,1
_plclip00305.png,296,150,1
_plclip00306.png,551,800,1
_plclip00307.png,351,189,1
_plclip00308.png,587,843,1
_plclip00309.png,383,711,1
_plclip00310.png,384,711,1
_plclip00311.png,348,655,1
_plclip00312.png,584,458,1
_plclip00315.png,348,506,1
_plclip00316.png,810,581,1
_plclip00317.png,760,775,1
_plclip00318.png,742,430,1
_plclip00319.png,524,190,1
_plclip00320.png,727,734,1
_plclip00321.png,744,387,1
_plclip00322.png,744,232,1
_plclip00323.png,548,332,1
_plclip00324.png,846,703,1
_plclip00325.png,666,698,1
_plclip00326.png,753,584,1
_plclip00327.png,632,496,1
_plclip00328.png,639,629,1
_plclip00329.png,1250,825,1
_plclip00330.png,638,630,1
_plclip00331.png,637,629,1
_plclip00332.png,468,201,1
_plclip00333.png,651,645,1
_plclip00334.png,656,579,1
_plclip00335.png,1250,826,1
_plclip00336.png,1288,925,1
_plclip00337.png,652,518,1
_pppclip0001.png,512,638,1
_pppclip0002.png,205,80,1
_pppclip0003.png,512,638,1
_pppclip0004.png,592,665,1
_pppclip0005.png,594,388,1
_pppclip0006.png,592,665,1
_pppclip0007.png,592,665,1
_pppclip0008.png,592,665,1
_pppclip0009.png,592,665,1
_pppclip0010.png,594,207,1
_pppclip0011.png,792,665,1
_pppclip0012.png,592,665,1
_pppclip0013.png,592,665,1
_pppclip0015.png,594,322,1
_pppclip0016.png,592,665,1
_pppclip0020.png,403,439,1
_pppclip0022.png,813,665,1
_pppclip0023.png,593,314,1
_pppclip0024.png,593,302,1
_pppclip0025.png,395,555,1
_pppclip0026.png,595,290,1
_pppclip0029.png,592,665,1
_pppclip0030.png,592,665,1
_pppclip0031.png,670,361,1
_pppclip0032.png,187,372,1
_pppclip0033.png,651,491,1
_pppclip0034.png,185,577,1
_pppclip0037.png,289,689,1
_pppclip0038.png,593,665,1
_pppclip0039.png,550,700,1
_pppclip0040.png,593,667,1
_pppclip0041.png,1244,823,1
_pppclip0042.png,596,668,1
_pppclip0043.png,595,668,1
_pppclip0044.png,465,584,1
_pppclip0045.png,601,404,1
_psclip00011.png,1031,839,1
_psclip00012.png,931,622,1
_psclip00013.png,733,113,1
_psclip00014.png,733,509,1
_psclip00015.png,949,512,1
_psclip00016.png,892,512,1
_psclip00017.png,736,511,1
_psclip00018.png,734,510,1
_psclip00019.png,769,839,1
_psclip00020.png,1123,839,1
_psclip00021.png,265,235,1
_psclip00023.png,668,348,1
_psclip00024.png,282,213,1
_psclip00025.png,212,271,1
_psclip00026.png,286,210,1
_psclip00027.png,288,213,1
_psclip00028.png,440,166,1
_psclip00029.png,438,195,1
_psclip00030.png,439,333,1
_psclip0004.png,375,839,1
_rpclip0003.png,531,257,1
_rpclip0004.png,520,255,1
_rpclip0005.png,517,297,1
_rpclip0006.png,518,81,1
_rpclip0007.png,643,516,1
_rpclip0009.png,514,459,1
_rpclip0011.png,526,103,1
_rpclip0012.png,529,129,1
_rpclip0013.png,529,101,1
_rpclip0014.png,527,67,1
_rpclip0015.png,530,162,1
_rpclip0016.png,588,609,1
_rpclip0017.png,588,609,1
_rpclip0018.png,682,599,1
_rpclip0019.png,578,348,1
_rpclip0021.png,589,612,1
_rpclip0022.png,610,524,1
_rpclip0025.png,829,504,1
_rpclip0026.png,829,546,1
_rpclip0027.png,809,134,1
_rpclip0028.png,809,144,1
_rpclip0029.png,808,141,1
_rpclip0030.png,809,234,1
_rpclip0032.png,829,237,1
_rpclip0033.png,829,623,1
_rpclip0034.png,829,623,1
_rpclip0035.png,829,623,1
_rpclip0036.png,829,623,1
_rpclip0037.png,830,156,1
_rpclip0038.png,847,156,1
_rpclip0040.png,580,246,1
_rpclip0041.png,580,312,1
_rpclip0042.png,758,367,1
_rpclip0043.png,580,312,1
_rpclip0044.png,591,129,1
_rpclip0045.png,590,214,1
_rpclip0046.png,591,94,1
_rpclip0048.png,560,525,1
_rpclip0049.png,487,405,1
_rpclip0050.png,585,234,1
_rpclip0051.png,587,443,1
_rpclip0052.png,587,443,1
_rpclip0053.png,587,443,1
_rpclip0054.png,587,443,1
_rpclip0055.png,587,443,1
_rpclip0056_zoom50.png,294,262,1
_rpclip0057_zoom50.png,294,378,1
_rpclip0058_zoom50.png,294,378,1
_rpclip0059.png,586,373,1
_rpclip0060.png,564,230,1
_rpclip0061.png,567,231,1
_rpclip0062.png,571,235,1
_rpclip0063.png,565,233,1
_rpclip0064.png,574,235,1
_rpclip0065.png,588,240,1
_rpclip0066.png,395,326,1
_rpclip0067.png,525,312,1
_rpclip0068.png,587,523,1
_rpclip0069_zoom50.png,294,294,1
_rpclip0070.png,586,373,1
_rpclip0071_zoom50.png,278,464,1
_rpclip0072.png,25,25,2
_rpclip0073.png,279,95,1
_rpclip0074.png,224,53,1
_rpclip0117.png,634,221,2
_rpclip0118.png,963,670,1
_rpclip0119.png,963,195,1
_rpclip0121.png,963,670,1
_rpclip0122.png,963,670,1
_rpclip0123.png,874,610,1
_rpclip0124.png,963,670,1
_rpclip0126.png,1367,788,2
_rpclip0127.png,1029,221,1
_rpclip0128.png,1271,540,1
_rpclip0129.png,1667,777,1
_rpclip0130.png,935,670,1
_rpclip0131.png,935,670,1
_rpclip0132.png,935,670,1
_rpclip0134.png,935,670,1
_rpclip0135.png,746,427,1
_rpclip0136.png,854,421,1
_rpclip0137.png,1201,421,1
_rpclip0138.png,633,623,1
_rpclip0139.png,633,623,1
_rpclip0140.png,909,310,1
_rpclip0143.png,951,314,1
_rpclip0144.png,952,399,1
_rpclip0145.png,917,708,1
_rpclip0146.png,703,605,1
_rpclip0147.png,827,614,1
_rpclip0148.png,816,550,1
_rpclip0149.png,932,606,1
_rpclip0150.png,947,380,2
_rpclip0151.png,950,542,1
_rpclip0152.png,898,441,1
_rpclip0153.png,967,569,1
_rpclip0154.png,973,599,1
_rpclip0156.png,1088,695,1
_rpclip0157.png,715,499,2
_rpclip0158.png,1094,472,3
_rpclip0159.png,870,459,1
_sctclip0001.png,657,293,1
_sctclip0002.png,643,535,1
_sctclip0003.png,717,488,1
_sctclip0004.png,717,490,1
_sctclip0005.png,174,71,1
_sctclip0006.png,174,71,1
_sctclip0007.png,701,157,1
_sctclip0008.png,117,28,1
_sctclip0009.png,701,157,1
_sctclip0010.png,553,355,1
_sctclip0011.png,713,538,1
_shmclip0001.png,931,442,1
_shmclip0002.png,1032,212,1
_shmclip0003.png,941,451,1
_shmclip0004.png,18,14,4
_shmclip0005.png,18,17,4
_shmclip0007.png,959,553,1
_shmclip0008.png,1090,587,1
_shmclip0009.png,771,337,1
_shmclip0010.png,749,235,1
_shmclip0011.png,288,237,1
_shmclip0014.png,1237,589,1
_shmclip0015.png,440,417,1
_shmclip0016.png,771,230,1
_shmclip0017.png,591,183,1
_shmclip0018.png,591,183,1
_shmclip0019.png,591,183,1
_shmclip0021.png,1235,589,1
_shmclip0023.png,748,174,1
_shmclip0024.png,386,139,1
_shmclip0025.png,386,140,1
_shmclip0026.png,782,718,1
_shmclip0028.png,749,378,1
_shmclip0029.png,750,246,1
_shmclip0030.png,749,189,1
_shmclip0031.png,750,190,1
_shmclip0032.png,750,195,1
_shmclip0033.png,750,195,1
_shmclip0034.png,749,191,1
_shmclip0035.png,409,347,1
_shmclip0036.png,729,486,1
_shmclip0037.png,808,131,1
_shmclip0038.png,735,436,1
_shmclip0039.png,961,448,1
_shmclip0040.png,519,581,1
_shmclip0041.png,746,140,1
_shmclip0042.png,749,767,1
_shmclip0043.png,710,216,1
_shmclip0044.png,910,420,1
_shmclip0045.png,717,207,1
_shmclip0046.png,713,241,1
_shmclip0047.png,881,613,1
_shmclip0048.png,519,627,1
_shmclip0049.png,677,311,1
_shmclip0050.png,722,267,1
_shmclip0051.png,447,392,1
_shmclip0052.png,659,388,1
_shmclip0053.png,450,390,1
_shmclip0054.png,446,389,1
_shmclip0055.png,740,650,1
_shmclip0057.png,744,552,1
_shmclip0058_zoom50.png,615,482,1
_shmclip0059.png,1166,285,1
_shmclip0060.png,1166,718,1
_shmclip0061.png,591,372,1
_shmclip0062.png,1003,260,1
_shmclip0063.png,538,416,1
_shmclip0064.png,1003,260,1
_shmclip0065.png,547,375,1
_shmclip0066.png,1002,281,1
_shmclip0067.png,978,642,1
_shmclip0068.png,819,505,1
_shmclip0069.png,820,317,1
_shmclip0070.png,387,142,1
_shmclip0071.png,388,141,1
_shmclip0072.png,1050,609,1
_shmclip0073.png,429,363,1
_shmclip0074.png,438,422,1
_shmclip0075.png,1203,523,1
_shmclip0076.png,822,234,1
_shmclip0077.png,761,482,1
_shmclip0078.png,421,386,1
_shmclip0079.png,819,668,1
_shmclip0080.png,829,1468,1
_shmclip0081.png,816,543,1
_shmclip0082.png,1035,1146,1
_shmclip0083.png,930,570,1
_shmclip0084.png,1009,209,1
_shmclip0086.png,859,663,2
_shmclip0087.png,864,664,2
_shmclip0088.png,1017,817,1
_shmclip0089.png,597,370,2
_shmclip0090.png,676,222,1
_shmclip0092.png,694,204,1
_shmclip0093.png,727,316,1
_shmclip0094.png,226,37,1
_shmclip0095.png,550,35,1
_shmclip0096.png,762,795,1
_shmclip0097.png,683,175,1
_shmclip0098.png,743,74,1
_shmclip0099.png,445,262,1
_shmclip0100.png,449,250,1
_shmclip0101.png,437,250,1
_shmclip0102.png,772,250,1
_shmclip0103.png,508,336,1
_shmclip0104.png,265,41,1
_shmclip0105.png,943,780,1
_shmclip0106.png,1019,167,1
_shmclip0109.png,753,660,1
_shmclip0110.png,753,660,1
_shmclip0111.png,753,660,1
_shmclip0112.png,736,66,1
_shmclip0113.png,101,70,1
_shmclip0114.png,618,183,1
_shmclip0115.png,90,55,1
_shmclip0116.png,1183,141,1
_shmclip0117.png,1182,142,1
_shmclip0118.png,380,200,1
_shmclip0119.png,350,180,2
_shmclip0120.png,244,137,1
_shmclip0121.png,597,182,1
_shmclip0122.png,637,509,1
_shmclip0123.png,637,509,1
_shmclip0124.png,637,509,1
_shmclip0125.png,351,207,1
_shmclip0126_zoom80.png,1022,127,1
_shmclip0127_zoom82.png,853,106,1
_shmclip0128.png,332,114,1
_shmclip0129.png,165,252,1
_shmclip0130.png,332,81,1
_shmclip0131.png,438,377,1
_shmclip0132.png,58,24,1
_shmclip0133.png,452,389,1
_shmclip0134.png,606,434,1
_shmclip0135.png,606,423,1
_shmclip0136.png,58,24,1
_shmclip0137_zoom81.png,554,532,1
_shmclip0138.png,171,145,1
_shmclip0139.png,328,77,1
_shmclip0140.png,328,110,1
_shmclip0141.png,747,101,1
_shmclip0142.png,746,711,1
_shmclip0143.png,300,190,1
_shmclip0144.png,970,170,2
_shmclip0145.png,251,185,1
_shmclip0146.png,173,32,2
_shmclip0147.png,224,122,1
_shmclip0148.png,258,43,2
_shmclip0149.png,262,96,2
_shmclip0150.png,250,154,2
_shmclip0151.png,573,77,1
_shmclip0152.png,802,119,1
_shmclip0153.png,802,660,1
_shmclip0154.png,306,198,1
_shmclip0155.png,258,186,1
_shmclip0156.png,228,87,1
_shmclip0157.png,725,89,1
_shmclip0158.png,1259,789,1
_shmclip0159.png,746,364,1
_shmclip0160.png,600,188,1
_shmclip0161.png,296,381,1
_shmclip0162.png,635,506,1
_shmclip0163.png,634,379,1
_shmclip0164.png,634,379,1
_shmclip0165.png,634,379,1
_shmclip0166.png,634,379,1
_shmclip0167.png,1092,250,1
_shmclip0168.png,774,231,1
_shmclip0169.png,572,145,1
_shmclip0170.png,745,69,1
_shmclip0171.png,732,487,1
_shmclip0172.png,732,549,1
_shmclip0173.png,378,106,1
_shmclip0174.png,535,407,1
_shmclip0175.png,117,51,1
_shmclip0176.png,206,153,1
_shmclip0177.png,633,505,1
_shmclip0178.png,744,612,1
_shmclip0179.png,197,39,1
_shmclip0180.png,230,136,1
_shmclip0181.png,342,24,1
_shmclip0182.png,654,169,1
_shmclip0183.png,633,505,1
_shmclip0184.png,633,505,1
_shmclip0185.png,449,617,1
_spclip0001.png,337,330,1
_spclip0002.png,473,525,1
_spclip0003.png,473,525,1
_spclip0004.png,1136,471,1
_spclip0005.png,1136,470,1
_spclip0006.png,1135,469,1
_spclip0007.png,1135,469,1
_spclip0008.png,473,525,1
_spclip0009.png,522,525,1
_spclip0010.png,405,491,1
_spclip0011.png,408,218,1
_spclip0012.png,1150,741,1
_spclip0013.png,178,116,1
_spclip0014.png,1136,470,1
_ssmclip0046.png,462,306,1
_ssmclip0047.png,316,698,1
_ssmclip0048_zoom76.png,532,423,1
_ssmclip0049_zoom70.png,671,315,1
_ssmclip0050_zoom70.png,379,294,1
_ssmclip0051_zoom70.png,380,295,1
_ssmclip0052_zoom70.png,179,108,1
_ssmclip0053_zoom70.png,392,295,1
_ssmclip0054_zoom70.png,405,299,1
_ssmclip0055.png,440,649,1
_ssmclip0056.png,279,40,1
_ssmclip0057.png,284,40,1
_ssmclip0058.png,221,20,1
_ssmclip0059.png,571,46,1
_ssmclip0060_zoom20.png,563,322,1
_ssmclip0061.png,374,422,1
_ssmclip0062.png,107,45,1
_ssmclip0063.png,293,96,1
_ssmclip0064.png,248,96,1
_ssmclip0065.png,235,47,1
_ssmclip0066.png,81,45,1
_ssmclip0067.png,115,41,1
_ssmclip0068.png,181,41,1
_ssmclip0069.png,723,399,1
_ssmclip0070.png,287,20,1
_ssmclip0071.png,265,40,1
_tclip0003.png,524,345,1
_tclip0004.png,867,546,2
_tclip0005.png,525,353,1
_tclip0006.png,526,347,1
_tclip0007.png,523,346,2
_tclip0008.png,524,348,1
_tclip0009.png,522,352,1
_tclip0010.png,525,351,1
_tclip0011.png,523,346,1
_tclip0012.png,922,345,1
_tclip0013.png,376,137,1
_tclip0014.png,376,137,1
_tclip0015.png,742,357,1
_tclip0016.png,563,375,1
_tclip0017.png,376,152,1
_tclip0018.png,472,459,1
_tclip0019.png,711,414,1
_tclip0020.png,588,591,1
_tclip0021.png,389,575,1
_tclip0022.png,491,575,1
_tclip0023.png,390,211,1
_tclip0024.png,1026,526,1
_tclip0025.png,264,365,1
_tclip0026.png,711,749,1
_tclip0058.png,202,37,1
_tclip0059.png,607,403,1
_tclip0060.png,776,598,1
_tclip0082.png,931,395,1
_tclip0083.png,740,503,1
_tclip0086.png,1082,588,1
_tclip0087.png,960,731,1
_tclip0088.png,1695,754,1
_tclip0089.png,652,472,1
_tclip0090.png,793,411,1
_tclip0091.png,719,310,1
_tclip0093_zoom50.png,775,284,1
_tclip0094.png,920,485,1
_tclip0095.png,920,220,1
_tclip0098.png,709,118,1
_tclip0099.png,365,225,1
_tclip0102.png,113,25,1
_tclip0105.png,1257,488,1
_tclip0106.png,886,673,1
_tclip0107.png,338,213,1
_tclip0108.png,656,188,1
_tclip0109.png,667,533,1
_tclip0110.png,514,208,1
_tclip0111.png,506,227,1
_tclip0112.png,659,161,1
_tclip0113.png,663,565,1
_tclip0114.png,662,530,1
_tclip0115.png,625,258,1
_tclip0116.png,658,567,1
_tclip0117.png,847,612,1
_tclip0118.png,470,519,1
_tclip0119.png,656,557,1
_tclip0120.png,896,557,1
_tclip0121.png,658,560,1
_tclip0122.png,658,561,1
_tclip0123.png,483,197,1
_tclip0124.png,660,558,1
_tclip0125.png,483,197,1
_tclip0126.png,793,279,1
_tclip0127.png,185,145,1
_tclip0128.png,658,480,1
_tclip0129.png,650,365,1
_tclip0130.png,647,67,1
_tclip0131.png,646,47,1
_tclip0132.png,653,95,1
_tclip0133.png,663,227,1
_tclip0134.png,663,226,1
_tclip0135.png,657,77,1
_tclip0136.png,902,135,1
_tclip0137.png,580,126,1
_tclip0138.png,873,481,1
_tclip0139.png,663,226,1
_tclip0140.png,266,310,1
_tclip0141.png,672,608,1
_tclip0142.png,665,168,1
_tclip0143.png,269,496,1
_tclip0144.png,737,495,1
_tclip0145.png,265,296,1
_tclip0146.png,703,495,1
_tclip0147.png,606,800,1
_tclip0148.png,849,418,1
_tern001.png,339,54,1
_tern009.png,457,577,1
_tern010.png,832,489,1
_tern011.png,16,16,1
_tern012.png,16,16,1
_tern013.png,16,16,1
_tern014.png,16,16,1
_tern015.png,16,16,1
_tern016.png,16,16,1
_tern017.png,16,16,1
_tern018.png,1074,522,1
_tern019.png,21,21,1
_tern020.png,22,20,2
_tern021.png,20,20,2
_tern022.png,21,20,1
_tern024.png,404,146,1
_tern025.png,408,62,1
_tern026.png,457,577,1
_tern027.png,25,24,2
_tern028.png,457,577,1
_tern029_zoom60.png,997,236,1
_tern030.png,23,21,1
_tern031.png,19,19,1
_tern032.png,20,21,1
_tern033.png,44,17,1
_tern035.png,457,577,1
_tern036.png,400,87,1
_tern037.png,23,22,1
_tern038.png,21,20,1
_tern039.png,22,20,1
_tern040.png,19,19,1
_tern041.png,20,22,1
_tern042.png,20,18,1
_tern043.png,43,19,1
_tern044.png,29,21,1
_tern045.png,27,19,1
_tern046.png,30,21,1
_tern047_zoom75.png,640,586,1
_tern048.png,457,577,1
_tfclip0001.png,668,701,1
_tfclip0002.png,668,701,1
_tfclip0003.png,668,701,1
_tfclip0006_zoom50.png,584,371,1
_tfclip0007.png,640,697,1
_tfclip0008.png,640,697,1
_todclip0076.png,897,702,1
_todclip0077.png,557,133,1
_todclip0078.png,752,192,1
_todclip0079.png,554,254,1
_todclip0080.png,409,41,1
_todclip0081.png,634,201,1
_todclip0082.png,376,129,1
_todclip0083.png,320,118,1
_todclip0084.png,425,38,1
_todclip0085.png,417,36,1
_todclip0086.png,427,36,1
_todclip0087.png,897,27,1
_todclip0088.png,431,136,1
_todclip0089.png,420,34,1
_todclip0090.png,898,47,1
_todclip0091.png,506,32,1
_todclip0092.png,508,226,1
_todclip0093.png,508,226,1
_todclip0094.png,508,226,1
_todclip0095.png,248,341,1
_todclip0096.png,364,248,2
_todclip0097.png,495,330,1
_todclip0098.png,490,411,1
_todclip0099.png,376,129,1
_todclip0100.png,775,728,1
_todclip0101.png,553,135,1
_todclip0102.png,550,206,1
_todclip0103.png,222,187,1
_todclip0104.png,807,195,1
_todclip0105.png,559,94,1
_todclip0106.png,213,79,1
_todclip0107.png,431,161,1
_todclip0108.png,358,161,1
_todclip0109.png,694,358,1
_todclip0110.png,396,297,1
_todclip0111.png,553,554,1
_todclip0112.png,970,333,1
_todclip0113.png,960,335,1
_todclip0114.png,680,188,1
_todclip0115.png,729,428,1
_todclip0116.png,620,185,1
_todclip0117.png,746,280,1
_todclip0119.png,622,233,1
_todclip0120.png,758,321,1
_todclip0121.png,921,58,1
_todclip0122.png,289,241,1
_todclip0123.png,758,321,1
_todclip0124.png,336,241,1
_todclip0125.png,331,240,1
_todclip0126.png,240,326,1
_todclip0127.png,268,274,1
_todclip0128.png,612,458,1
_todclip0129.png,585,335,1
_todclip0130.png,387,175,1
_txcclip0001.png,604,158,1
_txcclip0002.png,261,253,1
_txcclip0004.png,262,254,1
_txcclip0005.png,504,291,1
_txcclip0006.png,128,144,1
_txcclip0007.png,331,371,1
_txcclip0008.png,173,212,1
_txcclip0009.png,375,188,1
_txcclip0010.png,606,45,1
_txcclip0011.png,594,104,1
_txcclip0012.png,390,249,1
_txcclip0014.png,186,248,1
_txcclip0015.png,606,88,1
_txcclip0016.png,231,170,1
_txcclip0017.png,601,78,1
_txcclip0018.png,225,193,1
_txcclip0019.png,598,47,1
_txcclip0020.png,228,222,1
_txcclip0021.png,200,210,1
_ucrclip0001.png,320,576,1
_ucrclip0002.png,602,115,1
_ucrclip0003.png,606,581,1
_ucrclip0004.png,416,138,1
_ucrclip0005.png,416,138,1
_ucrclip0006.png,570,234,1
_ucrclip0007.png,749,467,1
_ucrclip0008.png,605,432,1
_ucrclip0009.png,598,75,1
_ucrclip0010.png,605,314,1
_ucrclip0011.png,605,314,1
_ucrclip0015.png,628,430,1
_ucrclip0016.png,597,239,1
_ucrclip0017.png,605,333,1
_ucrclip0018.png,598,76,1
_ucrclip0019.png,605,289,1
_ucrclip0020.png,605,334,1
_ucrclip0021.png,590,523,1
_ucrclip0023.png,585,235,1
_ucrclip0024.png,598,330,1
_ucrclip0025.png,598,329,1
_ucrclip0026.png,598,75,1
_ucrclip0027.png,598,329,1
_ucrclip0028.png,598,329,1
_ucrclip0029.png,596,328,1
_ucrclip0030.png,590,523,1
_ucrclip0031.png,578,231,1
_ucrclip0032.png,604,513,1
_ucrclip0033.png,598,346,1
_ucrclip0034.png,598,75,1
_ucrclip0035.png,598,346,1
_ucrclip0036.png,598,257,1
_ucrclip0037.png,595,350,1
_ucrclip0038.png,590,523,1
_ucrclip0041.png,561,223,1
_ucrclip0042.png,611,487,1
_ucrclip0043.png,606,337,1
_ucrclip0044.png,598,76,1
_ucrclip0045.png,591,313,1
_ucrclip0046.png,591,312,1
_ucrclip0047.png,591,312,1
_ucrclip0048.png,596,315,1
_ucrclip0049.png,597,186,1
_ucrclip0050.png,605,341,1
_ucrclip0051.png,520,208,1
_ucrclip0052.png,598,341,1
_ucrclip0053.png,599,77,1
_ucrclip0054.png,599,291,1
_ucrclip0055.png,598,345,1
_ucrclip0056.png,595,344,1
_ucrclip0057.png,590,523,1
_ucrclip0058.png,591,241,1
_ucrclip0059.png,602,582,1
_ucrclip0060.png,598,298,1
_ucrclip0061.png,599,77,1
_ucrclip0062.png,593,138,1
_ucrclip0063.png,598,177,1
_ucrclip0064.png,595,324,1
_ucrclip0065.png,554,219,1
_ucrclip0066.png,600,373,1
_ucrclip0067.png,218,29,1
_ucrclip0068.png,88,29,1
_ucrclip0069.png,24,23,1
_ucrclip0070.png,345,258,1
_ucrclip0071.png,392,206,1
_ucrclip0072.png,24,23,1
_ucrclip0073.png,319,364,1
_ucrclip0074.png,392,346,1
_ucrclip0075.png,22,22,1
_ucrclip0076.png,22,23,1
_ucrclip0077.png,606,284,1
_ucrclip0078.png,35,29,1
_ucrclip0079.png,606,223,1
_ucrclip0200.png,606,397,1
_ucrclip0201.png,606,275,1
_ucrclip0202.png,220,165,1
_uiclip0001_zoom60.png,1072,613,1
_uiclip0002.png,94,54,1
_uiclip0003.png,91,59,1
_uiclip0004.png,89,56,1
_uiclip0005.png,90,60,1
_uiclip0006.png,90,54,1
_uiclip0007.png,89,59,1
_uiclip0008.png,82,55,1
_uiclip0009.png,82,55,1
_uiclip0010.png,90,57,1
_uiclip0011.png,90,55,1
_uiclip0012.png,89,58,1
_uiclip0013.png,79,53,1
_uiclip0014.png,91,57,1
_uiclip0015.png,90,59,1
_uiclip0016.png,90,59,1
_uiclip0017.png,89,59,1
_uiclip0018.png,90,58,1
_uiclip0019.png,93,54,1
_uiclip0020.png,361,466,1
_uiclip0021.png,143,59,1
_uiclip0022.png,99,54,1
_uiclip0023.png,220,57,1
_uiclip0024.png,90,58,1
_uiclip0025.png,232,58,1
_uiclip0026.png,189,57,1
_uiclip0027.png,106,57,1
_uiclip0028.png,320,205,1
_uiclip0029.png,289,50,1
_uiclip0030.png,339,293,1
_uiclip0031.png,44,56,1
_uiclip0032.png,76,54,1
_upclip0002.png,442,355,1
_upclip0005.png,750,516,1
_upclip0012.png,750,494,1
_upclip0014.png,750,494,1
_upclip0016.png,750,494,1
_upclip0017.png,750,494,1
_upclip0018.png,687,350,1
_upclip0019.png,687,350,1
_upclip0021.png,570,245,1
_upclip0022.png,750,494,1
_upclip0023.png,750,494,1
_upclip0024.png,750,494,1
_upclip0025.png,750,494,1
_upclip0026.png,570,223,1
_upclip0027.png,889,606,1
_upclip0028.png,889,606,1
_upclip0029.png,666,391,1
_upclip0030.png,666,391,1
_upclip0031.png,764,438,1
_upclip0032.png,851,417,1
_upclip0033.png,666,454,1
_upclip0034.png,711,495,1
_upclip0035.png,948,521,1
_upclip0036.png,1096,881,1
_upclip0038.png,981,468,1
_upclip0039.png,637,320,1
_upclip0040.png,487,184,1
_upclip0041.png,494,171,1
_upclip0042.png,490,171,1
_upclip0043.png,496,171,1
_upclip0044.png,322,171,1
_upclip0045.png,938,320,1
_upclip0046.png,820,484,1
_upclip0048.png,848,486,1
_upclip0049.png,1238,486,1
_upclip0050.png,802,486,1
_upclip0051.png,803,487,1
_upclip0052.png,805,488,1
_upclip0053.png,800,488,1
_upclip0054.png,801,488,1
_upclip0055.png,814,488,1
_upclip0056.png,803,559,1
_upclip0057.png,1301,561,1
_upclip0058.png,1055,550,1
_upclip0059.png,1052,588,1
_upclip0060.png,362,570,1
_upclip0061.png,813,487,1
_upclip0062.png,750,516,1
_upclip0063.png,750,570,1
_upclip0064.png,750,494,1
_upclip0065.png,750,494,1
_upclip0066.png,750,494,1
_upclip0067.png,800,484,1
_upclip0068.png,813,485,1
_upclip0069.png,889,692,1
_upclip0070.png,656,405,1
_upclip0071.png,656,405,1
_upclip0072.png,656,405,1
_upclip0073.png,656,405,1
_upclip0074.png,698,228,1
_upclip0075.png,752,341,1
_upclip0076.png,756,672,1
_upclip0077_zoom75.png,765,658,1
_upclip0078.png,454,217,2
_upclip0079.png,382,100,2
_upclip0080.png,366,223,1
_upclip0081_zoom75.png,664,262,1
_upclip0082_zoom75.png,921,337,1
_upclip0083_zoom75.png,836,494,1
_upclip0084_zoom75.png,602,819,1
_upclip0085_zoom75.png,596,686,1
_upclip0086_zoom75.png,765,800,1
_upclip0087.png,694,100,1
_upclip0088.png,486,248,1
_upclip0089.png,298,159,1
_upclip0090.png,750,164,1
_upclip0091.png,700,381,1
_upclip0092.png,224,143,1
_upclip0093.png,224,143,1
_wdmclip0001.png,339,234,1
_wdmclip0002.png,1032,827,1
_wdmclip0003.png,928,726,1
_wdmclip0004.png,929,728,1
_wdmclip0005.png,927,727,1
_wdmclip0006.png,928,726,1
_wdmclip0007.png,914,727,1
_wdmclip0008.png,927,728,1
_wdmclip0009.png,1238,796,1
_wdmclip0010.png,344,679,2
_wdmclip0011.png,338,234,1
_wdmclip0012.png,791,738,1
_wdmclip0013.png,1046,583,1
_wdmclip0014.png,1119,718,1
_wdmclip0015.png,537,584,1
_wdmclip0016.png,1166,1004,1
_wdmclip0017.png,1100,846,1
_wdmclip0018.png,143,406,1
_wdmclip0019_zoom71.png,1060,378,1
_wdmclip0020.png,266,468,1
_wdmclip0021.png,356,262,1
_wdmclip0022.png,163,78,1
_wdmclip0023.png,355,299,1
_wdmclip0024.png,465,245,1
_wdmclip0025.png,828,264,1
_wdmclip0026.png,395,45,1
_wdmclip0027.png,537,583,1
_wdmclip0028.png,927,726,1
_wdmclip0029.png,347,440,1
_wmclip0001.png,1160,539,2
_wmclip0002.png,552,415,2
_wmclip0003.png,769,716,2
_wmclip0005.png,694,454,1
_wmclip0007.png,408,309,1
_wmclip0008.png,349,226,1
_wmclip0011.png,946,424,1
_wmclip0016.png,585,491,1
_wmclip0018.png,1169,564,1
_wmclip0019.png,694,491,1
_wmclip0021.png,511,89,1
_wmclip0022.png,1095,567,1
_wmclip0023.png,880,599,1
_wmclip0024.png,880,567,1
_wmclip0025.png,880,567,1
_wmclip0026.png,850,259,1
_wmclip0028.png,880,567,1
_wmclip0029.png,644,575,1
_wmclip0030.png,880,567,1
_wmclip0033.png,1051,392,1
_wmclip0041.png,765,423,1
_wmclip0044.png,690,453,1
_wmclip0045.png,724,627,1
_wmclip0046.png,613,595,1
_wmclip0049.png,738,427,1
_wmclip0050.png,693,547,1
_wmclip0051.png,1042,485,1
_wmclip0052.png,601,439,1
_wmclip0053.png,851,485,1
_wmclip0054_zoom50.png,624,350,1
_wmclip0056.png,29,31,1
_wmclip0057.png,29,31,1
_wmclip0058.png,29,31,1
_wmclip0059.png,29,31,1
_wmclip0060.png,29,31,1
_wmclip0061.png,29,31,1
_wmclip0062.png,29,31,1
_wmclip0063.png,29,31,1
_wmclip0064.png,29,31,1
_wmclip0065.png,29,31,1
_wmclip0066.png,29,31,1
_wmclip0067.png,29,31,1
_wmclip0068.png,29,31,1
_wmclip0069.png,29,31,1
_wmclip0070.png,29,31,1
_wmclip0071.png,29,31,1
_wmclip0072.png,29,31,1
_wmclip0073.png,653,212,1
_wmclip0074.png,245,568,1
_wmclip0075.png,254,304,1
_wmclip0076.png,831,118,1
_wmclip0077.png,652,212,1
_wmclip0078.png,1061,485,1
_wmclip0079.png,1073,502,1
_wmclip0080.png,306,443,1
_wmclip0081.png,880,599,1
_wmclip0082.png,350,362,1
_ztclip0028.png,926,451,2
_ztclip0029.png,956,471,1
_ztclip0033.png,950,839,2
_ztclip0034.png,1233,445,1
_ztclip0035.png,1530,427,1
_ztclip0037.png,996,566,1
_ztclip0038.png,643,308,1
_ztclip0039.png,1256,427,1
_ztclip0041.png,1258,427,1
_ztclip0044.png,1253,427,1
_ztclip0045.png,658,427,1
_ztclip0046.png,568,415,1
_ztclip0047.png,1300,427,1
_ztclip0048.png,1309,427,1
_ztclip0049.png,263,117,1
_ztclip0052.png,1267,483,1
_ztclip0053.png,1021,839,1
_ztclip0054.png,772,367,1
_ztclip0055.png,1003,599,1
_ztclip0056.png,914,668,1
_ztclip0057.png,687,317,1
_ztclip0058.png,637,312,1
_ztclip0059.png,411,286,2
_ztclip0064.png,375,620,2
_ztclip0065.png,926,521,1
_ztclip0066.png,742,378,1
_ztclip0066a.png,730,418,1
_ztclip0067.png,1002,435,1
_ztclip0068.png,28,19,2
_ztclip0069.png,895,427,2
_ztclip0070.png,1155,486,1
_ztclip0072.png,658,427,1
_ztclip0073.png,566,367,1
_ztclip0074.png,651,432,1
_ztclip0075.png,753,239,1
_ztclip0076_zoom50.png,590,423,1
_ztclip0080.png,510,302,1
_ztclip0081.png,510,302,1
_ztclip0082.png,566,403,1
_ztclip0083.png,676,173,1
_ztclip0084.png,682,520,1
_ztclip0085.png,911,547,2
_ztclip0086.png,857,493,1
_ztclip0087.png,566,369,1
_ztclip0088.png,566,374,1
_ztclip0089.png,566,370,1
_ztclip0090.png,566,369,1
_ztclip0091.png,299,127,1
clip0001.png,371,344,1
clip0005.png,555,300,1
clip0006.png,555,309,1
clip0007.png,864,659,1
clip0010.png,818,615,1
clip0013.png,1024,792,2
clip0015.png,1023,770,1
clip0016.png,555,300,1
clip0017.png,370,295,1
clip0018.png,331,326,1
clip0020.png,645,269,1
clip0021.png,1023,770,1
clip0322_zoom80.png,877,286,1
clip1003.png,164,53,1
clip1004.png,24,26,1
clip1005.png,492,57,1
clip1006.png,531,57,1
clip1007.png,509,57,1
clip1008.png,514,57,1
clip1009.png,99,24,1
clip1010.png,75,37,1
clip1011.png,17,15,1
clip1012.png,25,27,1
clip1013.png,162,53,1
clip1014.png,16,41,1
clip1015.png,28,40,1
clip1016.png,24,38,1
clip1017.png,24,38,1
clip1018.png,17,41,1
clip1019.png,66,24,1
clip1020.png,18,18,1
clip1021.png,24,38,1
clip1022.png,17,23,1
clip1023.png,18,18,1
clip1181.png,344,70,1
clip1605.png,100,23,1
clip1606.png,586,312,1
clip1607.png,729,652,1
clip1699.png,982,379,1
clip1777.png,542,536,1
cm_clip0001.png,780,839,1
cm_clip0007.png,332,294,1
cm_clip0008.png,332,294,1
denew_clip0001.png,684,271,1
denew_clip0002.png,684,332,1
denew_clip0003.png,679,334,1
denew_clip0004.png,142,31,1
denew_clip0005.png,152,51,1
denew_clip0006.png,239,56,1
denew_clip0007.png,349,72,1
denew_clip0008.png,617,37,1
denew_clip0009.png,600,600,1
denew_clip0010.png,515,249,1
denew_clip0011.png,677,194,1
denew_clip0012.png,306,217,1
denew_clip0013.png,662,365,1
denew_clip0014.png,370,29,1
denew_clip0015.png,310,33,1
denew_clip0016.png,535,30,1
denew_clip0017.png,600,600,1
denew_clip0018.png,199,26,1
denew_clip0019.png,367,576,1
denew_clip0020.png,475,394,1
denew_clip0021.png,383,514,1
denew_clip0022.png,106,60,1
denew_clip0023.png,137,32,1
denew_clip0024.png,164,56,1
denew_clip0025.png,495,141,1
denew_clip0026.png,600,662,1
denew_clip0027.png,600,662,1
dtaclip00010.png,721,219,1
dtaclip00011.png,721,219,1
dtaclip00012.png,715,142,1
dtaclip00013.png,716,138,1
dtaclip00014.png,1277,486,1
dtaclip00015.png,715,145,2
dtaclip00016.png,720,351,1
dtaclip00018.png,1153,376,1
dtaclip0001_zoom50.png,614,430,1
dtaclip0002.png,745,248,1
dtaclip0003.png,703,202,1
dtaclip0004.png,745,234,1
dtaclip0005.png,738,516,1
dtaclip0006.png,1096,433,1
dtaclip0007.png,812,501,1
dtaclip0008.png,809,306,1
dtaclip0009.png,718,187,2
embim1.png,17,26,1
embim10.png,614,90,1
embim100.png,374,48,1
embim101.png,370,48,1
embim102.png,374,48,1
embim103.png,206,88,1
embim104.png,270,94,1
embim105.png,346,46,1
embim106.png,238,94,1
embim107.png,278,94,1
embim108.png,266,90,1
embim109.png,360,88,1
embim11.png,274,98,1
embim110.png,458,94,1
embim111.png,514,112,1
embim112.png,408,106,1
embim113.png,594,96,1
embim114.png,606,154,1
embim115.png,520,198,1
embim116.png,474,94,1
embim117.png,200,82,1
embim118.png,512,96,1
embim119.png,568,170,1
embim12.png,658,98,1
embim120.png,218,90,1
embim121.png,274,46,1
embim122.png,232,82,1
embim123.png,336,86,1
embim124.png,848,110,1
embim125.png,624,48,1
embim126.png,126,46,1
embim127.png,126,42,1
embim128.png,190,48,1
embim129.png,34,48,1
embim13.png,558,96,1
embim130.png,210,50,1
embim131.png,110,48,1
embim132.png,34,36,1
embim133.png,224,42,1
embim134.png,154,48,1
embim135.png,170,56,1
embim136.png,462,94,1
embim137.png,568,88,1
embim138.png,422,54,1
embim139.png,872,48,1
embim14.png,24,46,1
embim140.png,486,42,1
embim141.png,392,54,1
embim142.png,430,54,1
embim143.png,782,48,1
embim144.png,216,48,1
embim145.png,394,50,1
embim146.png,342,90,1
embim147.png,406,88,1
embim148.png,294,88,1
embim149.png,552,42,1
embim15.png,898,254,1
embim150.png,686,42,1
embim151.png,448,88,1
embim152.png,416,38,1
embim153.png,320,88,1
embim154.png,552,42,1
embim155.png,494,82,1
embim156.png,464,38,1
embim157.png,288,38,1
embim158.png,362,38,1
embim159.png,206,182,1
embim16.png,234,88,1
embim160.png,382,182,1
embim161.png,256,182,1
embim162.png,328,176,1
embim163.png,478,78,1
embim164.png,314,176,1
embim165.png,286,98,1
embim166.png,458,104,1
embim167.png,366,48,1
embim168.png,674,98,1
embim169.png,320,50,1
embim17.png,288,102,1
embim170.png,696,96,1
embim171.png,640,82,1
embim172.png,506,106,1
embim173.png,714,50,1
embim174.png,536,106,1
embim175.png,242,82,1
embim176.png,286,98,1
embim177.png,458,104,1
embim178.png,366,48,1
embim179.png,328,90,1
embim18.png,422,88,1
embim180.png,238,90,1
embim181.png,280,80,1
embim182.png,286,70,1
embim183.png,696,96,1
embim184.png,742,96,1
embim185.png,640,82,1
embim186.png,272,90,1
embim187.png,726,98,1
embim188.png,680,94,1
embim189.png,320,50,1
embim19.png,530,112,1
embim190.png,614,138,1
embim191.png,528,142,1
embim192.png,590,106,1
embim193.png,286,88,1
embim194.png,506,106,1
embim195.png,714,50,1
embim196.png,370,90,1
embim197.png,426,102,1
embim198.png,354,48,1
embim199.png,296,42,1
embim2.png,512,162,1
embim20.png,700,66,1
embim200.png,752,134,1
embim201.png,816,358,1
embim202.png,1024,90,1
embim203.png,296,42,1
embim204.png,768,88,1
embim205.png,1256,42,1
embim206.png,842,42,1
embim207.png,850,42,1
embim208.png,32,48,1
embim209.png,48,50,1
embim21.png,892,64,1
embim210.png,56,48,1
embim211.png,60,48,1
embim212.png,56,48,1
embim213.png,56,48,1
embim214.png,50,48,1
embim215.png,50,48,1
embim216.png,32,50,1
embim217.png,1138,54,1
embim218.png,704,48,1
embim219.png,584,86,1
embim22.png,368,88,1
embim220.png,680,56,1
embim221.png,24,46,1
embim222.png,730,90,1
embim223.png,568,86,1
embim224.png,960,46,1
embim225.png,874,40,1
embim226.png,784,192,1
embim227.png,838,54,1
embim228.png,234,86,1
embim229.png,414,58,1
embim23.png,482,48,1
embim230.png,272,58,1
embim231.png,270,58,1
embim232.png,390,42,1
embim233.png,218,122,1
embim234.png,306,54,1
embim235.png,354,54,1
embim236.png,702,54,1
embim237.png,576,184,1
embim238.png,946,256,1
embim239.png,434,104,1
embim24.png,386,34,1
embim240.png,570,50,1
embim241.png,546,106,1
embim242.png,710,56,1
embim243.png,366,42,1
embim244.png,616,54,1
embim245.png,770,150,1
embim246.png,738,144,1
embim247.png,494,150,1
embim248.png,346,94,1
embim249.png,618,50,1
embim25.png,424,62,1
embim250.png,470,48,1
embim251.png,770,150,1
embim252.png,298,50,1
embim253.png,594,90,1
embim254.png,598,90,1
embim255.png,512,102,1
embim256.png,552,102,1
embim257.png,518,208,1
embim258.png,518,214,1
embim259.png,512,208,1
embim26.png,302,88,1
embim260.png,502,106,1
embim261.png,512,106,1
embim262.png,250,86,1
embim263.png,288,106,1
embim264.png,326,82,1
embim265.png,414,90,1
embim266.png,470,110,1
embim267.png,408,106,1
embim268.png,594,96,1
embim269.png,606,154,1
embim27.png,322,48,1
embim270.png,520,198,1
embim271.png,498,98,1
embim272.png,184,78,1
embim273.png,488,90,1
embim274.png,568,170,1
embim275.png,208,86,1
embim276.png,294,48,1
embim277.png,246,136,1
embim278.png,366,82,1
embim279.png,266,42,1
embim28.png,370,48,1
embim280.png,126,38,1
embim281.png,98,42,1
embim282.png,96,50,1
embim283.png,142,48,1
embim284.png,160,48,1
embim285.png,142,90,1
embim286.png,270,86,1
embim287.png,538,86,1
embim288.png,402,80,1
embim289.png,88,34,1
embim29.png,366,88,1
embim290.png,130,38,1
embim291.png,122,38,1
embim292.png,514,96,1
embim293.png,102,46,1
embim294.png,102,46,1
embim295.png,360,48,1
embim296.png,248,48,1
embim297.png,152,48,1
embim298.png,242,48,1
embim299.png,360,48,1
embim3.png,42,58,1
embim30.png,486,104,1
embim300.png,302,48,1
embim301.png,360,48,1
embim302.png,110,48,1
embim303.png,98,38,1
embim304.png,290,82,1
embim305.png,122,48,1
embim306.png,106,48,1
embim307.png,138,56,1
embim308.png,322,58,1
embim309.png,162,56,1
embim31.png,400,98,1
embim310.png,128,88,1
embim311.png,162,56,1
embim312.png,170,54,1
embim313.png,168,56,1
embim314.png,168,56,1
embim315.png,134,90,1
embim316.png,162,56,1
embim317.png,98,48,1
embim318.png,152,48,1
embim319.png,174,56,1
embim32.png,408,54,1
embim320.png,174,56,1
embim321.png,152,50,1
embim322.png,152,50,1
embim323.png,462,54,1
embim324.png,160,48,1
embim325.png,106,48,1
embim326.png,146,56,1
embim327.png,122,48,1
embim328.png,352,48,1
embim329.png,138,50,1
embim33.png,374,88,1
embim330.png,110,42,1
embim331.png,138,50,1
embim332.png,110,42,1
embim333.png,146,56,1
embim334.png,122,48,1
embim335.png,750,64,1
embim336.png,86,56,1
embim337.png,72,48,1
embim338.png,130,50,1
embim339.png,160,48,1
embim34.png,1258,98,1
embim340.png,130,50,1
embim341.png,266,56,1
embim342.png,266,56,1
embim343.png,186,90,1
embim344.png,136,46,1
embim345.png,410,102,1
embim346.png,138,56,1
embim347.png,130,54,1
embim348.png,138,56,1
embim349.png,40,30,1
embim35.png,1240,98,1
embim350.png,40,30,1
embim351.png,328,90,1
embim352.png,270,54,1
embim353.png,330,102,1
embim354.png,266,58,1
embim355.png,138,58,1
embim356.png,328,90,1
embim357.png,642,48,1
embim358.png,266,54,1
embim359.png,270,54,1
embim36.png,1238,98,1
embim360.png,570,50,1
embim361.png,586,50,1
embim362.png,350,50,1
embim363.png,280,54,1
embim364.png,272,54,1
embim365.png,168,54,1
embim366.png,218,90,1
embim367.png,160,48,1
embim368.png,670,102,1
embim369.png,310,54,1
embim37.png,1318,98,1
embim370.png,302,54,1
embim371.png,306,54,1
embim372.png,306,54,1
embim373.png,306,54,1
embim374.png,298,54,1
embim375.png,306,54,1
embim376.png,306,54,1
embim377.png,310,54,1
embim378.png,302,54,1
embim379.png,306,54,1
embim38.png,630,90,1
embim380.png,310,54,1
embim381.png,310,54,1
embim382.png,302,54,1
embim383.png,306,54,1
embim384.png,310,54,1
embim385.png,352,48,1
embim386.png,106,46,1
embim387.png,66,54,1
embim388.png,106,48,1
embim389.png,106,46,1
embim39.png,558,54,1
embim390.png,234,54,1
embim391.png,86,54,1
embim392.png,296,96,1
embim393.png,178,50,1
embim394.png,570,48,1
embim395.png,576,48,1
embim396.png,318,48,1
embim397.png,128,128,1
embim398.png,318,98,1
embim399.png,318,98,1
embim4.png,478,82,1
embim40.png,904,62,1
embim400.png,314,98,1
embim401.png,130,42,1
embim402.png,342,48,1
embim403.png,560,96,1
embim404.png,44,38,1
embim405.png,274,20,1
embim406.png,410,20,1
embim407.png,398,20,1
embim408.png,462,28,1
embim409.png,176,42,1
embim41.png,218,80,1
embim410.png,178,42,1
embim411.png,182,42,1
embim412.png,156,42,1
embim413.png,250,30,1
embim414.png,250,24,1
embim415.png,362,80,1
embim416.png,462,28,1
embim417.png,302,28,1
embim418.png,142,20,1
embim419.png,284,70,1
embim42.png,448,64,1
embim420.png,294,70,1
embim421.png,502,78,1
embim422.png,456,76,1
embim423.png,838,80,1
embim424.png,370,68,1
embim425.png,472,80,1
embim426.png,464,74,1
embim427.png,176,42,1
embim428.png,182,42,1
embim429.png,186,42,1
embim43.png,534,98,1
embim430.png,250,30,1
embim431.png,264,24,1
embim432.png,264,34,1
embim433.png,278,20,1
embim434.png,142,20,1
embim435.png,462,28,1
embim436.png,284,70,1
embim437.png,294,70,1
embim438.png,502,78,1
embim439.png,456,76,1
embim44.png,62,48,1
embim440.png,838,80,1
embim441.png,370,68,1
embim442.png,472,80,1
embim443.png,464,74,1
embim444.png,176,42,1
embim445.png,182,42,1
embim446.png,156,42,1
embim447.png,188,42,1
embim448.png,196,42,1
embim449.png,190,42,1
embim45.png,42,48,1
embim450.png,194,42,1
embim451.png,188,42,1
embim452.png,196,42,1
embim453.png,190,42,1
embim454.png,194,42,1
embim455.png,246,42,1
embim456.png,272,42,1
embim457.png,268,38,1
embim458.png,364,80,1
embim459.png,396,28,1
embim46.png,50,48,1
embim460.png,278,20,1
embim461.png,142,20,1
embim462.png,284,70,1
embim463.png,502,78,1
embim464.png,456,76,1
embim465.png,838,80,1
embim466.png,370,68,1
embim467.png,472,80,1
embim468.png,464,74,1
embim469.png,44,28,1
embim47.png,50,50,1
embim470.png,56,28,1
embim471.png,46,24,1
embim472.png,474,22,1
embim473.png,552,28,1
embim474.png,552,28,1
embim475.png,520,28,1
embim476.png,332,28,1
embim477.png,310,28,1
embim478.png,106,20,1
embim479.png,106,20,1
embim48.png,88,50,1
embim480.png,192,20,1
embim481.png,348,34,1
embim482.png,238,28,1
embim483.png,504,106,1
embim484.png,562,106,1
embim485.png,542,106,1
embim486.png,510,106,1
embim487.png,463,426,1
embim488.png,218,38,1
embim489.png,74,56,1
embim49.png,738,110,1
embim490.png,74,56,1
embim491.png,317,337,1
embim492.png,473,351,1
embim493.png,726,448,1
embim494.png,496,78,1
embim495.png,58,48,1
embim496.png,58,48,1
embim497.png,58,48,1
embim498.png,58,48,1
embim499.png,504,106,1
embim5.png,298,96,1
embim50.png,702,246,1
embim500.png,562,106,1
embim501.png,506,106,1
embim502.png,408,126,1
embim503.png,472,48,1
embim504.png,48,48,1
embim505.png,560,48,1
embim506.png,310,48,1
embim507.png,522,112,1
embim508.png,224,96,1
embim509.png,168,50,1
embim51.png,50,42,1
embim510.png,38,48,1
embim511.png,298,50,1
embim512.png,680,112,1
embim513.png,322,90,1
embim514.png,112,48,1
embim515.png,470,50,1
embim516.png,122,50,1
embim517.png,594,54,1
embim518.png,130,50,1
embim519.png,74,48,1
embim52.png,630,98,1
embim520.png,594,96,1
embim521.png,328,48,1
embim522.png,458,94,1
embim523.png,254,94,1
embim524.png,142,48,1
embim525.png,258,96,1
embim526.png,46,50,1
embim527.png,296,94,1
embim528.png,48,50,1
embim529.png,318,102,1
embim53.png,888,358,1
embim530.png,450,50,1
embim531.png,122,50,1
embim532.png,66,48,1
embim533.png,498,94,1
embim534.png,130,50,1
embim535.png,74,48,1
embim536.png,354,50,1
embim537.png,170,56,1
embim538.png,600,104,1
embim539.png,230,102,1
embim54.png,698,88,1
embim540.png,176,48,1
embim541.png,238,96,1
embim542.png,214,82,1
embim543.png,470,50,1
embim544.png,390,50,1
embim545.png,384,50,1
embim546.png,378,50,1
embim547.png,62,50,1
embim548.png,26,42,1
embim549.png,78,48,1
embim55.png,480,94,1
embim550.png,64,48,1
embim551.png,72,48,1
embim552.png,64,48,1
embim553.png,680,112,1
embim554.png,710,54,1
embim555.png,160,50,1
embim556.png,104,48,1
embim557.png,158,94,1
embim558.png,560,50,1
embim559.png,114,38,1
embim56.png,546,94,1
embim560.png,574,50,1
embim561.png,472,112,1
embim562.png,290,94,1
embim563.png,202,102,1
embim564.png,214,102,1
embim565.png,208,102,1
embim566.png,550,190,1
embim567.png,552,190,1
embim568.png,440,106,1
embim569.png,578,94,1
embim57.png,506,94,1
embim570.png,592,90,1
embim571.png,546,190,1
embim572.png,446,106,1
embim573.png,270,48,1
embim574.png,270,48,1
embim575.png,206,48,1
embim576.png,386,106,1
embim577.png,194,50,1
embim578.png,192,48,1
embim579.png,302,102,1
embim58.png,486,90,1
embim580.png,408,48,1
embim581.png,758,62,1
embim582.png,382,58,1
embim583.png,366,58,1
embim584.png,318,102,1
embim585.png,382,62,1
embim586.png,400,42,1
embim587.png,506,48,1
embim588.png,282,102,1
embim589.png,392,98,1
embim59.png,48,42,1
embim590.png,600,50,1
embim591.png,606,50,1
embim592.png,610,94,1
embim593.png,742,50,1
embim594.png,586,50,1
embim595.png,264,94,1
embim596.png,314,106,1
embim597.png,622,200,1
embim598.png,702,198,1
embim599.png,330,106,1
embim6.png,472,48,1
embim60.png,50,42,1
embim600.png,386,50,1
embim601.png,162,50,1
embim602.png,402,50,1
embim603.png,402,50,1
embim604.png,634,98,1
embim605.png,358,102,1
embim606.png,366,56,1
embim607.png,590,230,1
embim608.png,666,190,1
embim609.png,610,190,1
embim61.png,46,42,1
embim610.png,318,54,1
embim611.png,488,58,1
embim612.png,130,48,1
embim613.png,38,48,1
embim614.png,24,38,1
embim615.png,190,48,1
embim616.png,398,70,1
embim617.png,190,90,1
embim618.png,920,138,1
embim619.png,176,160,1
embim62.png,48,42,1
embim620.png,176,160,1
embim621.png,38,54,1
embim622.png,146,98,1
embim623.png,126,98,1
embim624.png,178,70,1
embim625.png,262,58,1
embim626.png,272,58,1
embim627.png,674,88,1
embim628.png,32,34,1
embim629.png,32,30,1
embim63.png,38,48,1
embim630.png,502,80,1
embim631.png,30,34,1
embim632.png,30,30,1
embim633.png,512,90,1
embim634.png,350,90,1
embim64.png,30,42,1
embim65.png,216,54,1
embim66.png,314,50,1
embim67.png,34,48,1
embim68.png,70,50,1
embim69.png,134,48,1
embim7.png,338,90,1
embim70.png,62,42,1
embim71.png,962,78,1
embim72.png,112,42,1
embim73.png,374,104,1
embim74.png,90,50,1
embim75.png,90,48,1
embim76.png,46,48,1
embim77.png,64,48,1
embim78.png,206,50,1
embim79.png,168,90,1
embim8.png,368,198,1
embim80.png,34,48,1
embim81.png,38,48,1
embim82.png,40,48,1
embim83.png,94,50,1
embim84.png,70,48,1
embim85.png,70,48,1
embim86.png,70,48,1
embim87.png,850,98,1
embim88.png,474,50,1
embim89.png,488,50,1
embim9.png,288,472,1
embim90.png,558,50,1
embim91.png,226,48,1
embim92.png,600,50,1
embim93.png,614,50,1
embim94.png,702,50,1
embim95.png,288,48,1
embim96.png,104,46,1
embim97.png,712,48,1
embim98.png,174,48,1
embim99.png,368,48,1
equation10_zoom75.png,264,44,1
equation11_zoom75.png,245,38,1
equation12_zoom75.png,147,91,1
equation13_zoom75.png,100,40,1
equation14_zoom75.png,104,72,1
equation15_zoom75.png,188,72,1
equation16_zoom75.png,142,76,1
equation17_zoom75.png,153,34,1
equation18_zoom75.png,215,129,1
equation19_zoom75.png,140,68,1
equation1_zoom75.png,92,71,1
equation20_zoom75.png,93,77,1
equation21_zoom75.png,190,71,1
equation22_zoom75.png,155,38,1
equation23_zoom75.png,345,61,1
equation24_zoom75.png,154,76,1
equation25_zoom75.png,114,68,1
equation26_zoom75.png,364,72,1
equation27_zoom75.png,141,76,1
equation28_zoom75.png,146,66,1
equation29_zoom75.png,158,60,1
equation2_zoom75.png,252,85,1
equation30_zoom75.png,222,38,1
equation31_zoom75.png,206,36,1
equation32_zoom75.png,200,118,1
equation33_zoom75.png,393,88,1
equation34_zoom75.png,235,85,1
equation35_zoom75.png,99,35,1
equation36_zoom75.png,397,38,1
equation37_zoom75.png,38,36,1
equation38_zoom75.png,106,62,1
equation39_zoom75.png,112,65,1
equation3_zoom75.png,229,82,1
equation40_zoom75.png,207,34,1
equation41_zoom75.png,107,31,1
equation42_zoom75.png,115,35,1
equation43_zoom75.png,118,35,1
equation4_zoom75.png,145,50,1
equation5_zoom75.png,184,95,1
equation6_zoom75.png,117,69,1
equation7_zoom75.png,212,55,1
equation8_zoom75.png,262,47,1
equation9_zoom75.png,247,39,1
gasanalysis#1.png,,,1
gasanalysis#2.png,,,1
gasanalysis#3.png,,,1
geom_clip0001.png,256,50,1
geom_clip0002.png,122,39,1
geom_clip0004.png,129,59,1
geom_clip0005.png,133,26,1
geom_clip0006.png,156,47,1
geom_clip0007.png,305,30,1
geom_clip0008.png,151,27,1
geom_clip0009.png,825,646,1
geom_clip0010.png,830,651,1
geom_clip0011.png,831,653,1
history-module-1.png,857,346,1
history-module-2.png,857,346,1
history-module-3.png,857,346,1
history-module-4.png,1042,551,1
history-module-5.png,776,405,1
history-module-6.png,926,287,1
history-module-7.png,926,303,1
history-module-9.png,1045,377,1
hmfile_hash_03b88526.png,680,569,1
hmfile_hash_15932301.png,1103,690,1
hmfile_hash_1dd8d6d0.png,1177,592,1
hmfile_hash_24f3e6b3.png,969,425,1
hmfile_hash_297da483.png,655,420,1
hmfile_hash_313b03a8.png,556,364,1
hmfile_hash_3c7765bf.png,865,577,1
hmfile_hash_41a0e4dd.png,666,120,1
hmfile_hash_496d2108.png,738,755,1
hmfile_hash_499c7d67.png,530,345,1
hmfile_hash_4a3befc2.png,1068,345,1
hmfile_hash_5f73c0c6.png,2354,1208,1
hmfile_hash_603fa0bf.png,293,344,2
hmfile_hash_6cae86af.png,1120,668,1
hmfile_hash_741a20fb.png,655,378,1
hmfile_hash_8946ccab.png,1017,537,1
hmfile_hash_8c2f5cd7.png,338,357,1
hmfile_hash_8ec2b684.png,546,364,1
hmfile_hash_99ca843b.png,922,378,1
hmfile_hash_aa278c0b.png,556,364,1
hmfile_hash_c4d85f2e.png,898,781,1
hmfile_hash_cce88c39.png,530,345,1
hmfile_hash_cff7a6c4.png,680,764,1
hmfile_hash_d1ce0223.png,2049,505,1
hmfile_hash_d5710924.png,1176,741,1
hmfile_hash_d86e8da1.png,601,561,1
hmfile_hash_ef4c5a38.png,866,373,1
hmfile_hash_f3639d7d.png,556,364,1
hmfile_hash_f64593f7.png,848,762,1
ic2021.png,144,143,24
intro_clip0111.png,441,214,1
intro_clip0112.png,1139,580,1
intro_clip0113.png,513,398,1
intro_clip0114.png,513,398,1
intro_clip0115.png,578,300,1
ipcollapsearrow.png,35,19,7
ipcollapsearrow_zoom101.png,35,19,2
ipexpandarrow_zoom105.png,37,20,1
logplot_pinning.png,983,471,1
lrlclip0001.png,499,387,1
lrlclip0002.png,499,387,1
lrlclip0003.png,499,387,1
lrlclip0004.png,499,387,1
lrlclip0005.png,499,387,1
lrlclip0006.png,480,387,1
lrlclip0007.png,395,250,1
lrlclip0008.png,179,181,1
lrlclip0009.png,918,609,1
lrlclip0010.png,918,609,1
lrlclip0011.png,918,609,1
lrlclip0012.png,735,211,1
lrlclip0013.png,756,486,1
lrlclip0014.png,567,322,1
lrlclip0015.png,918,609,1
lrlclip0016.png,494,351,1
lrlclip0017.png,918,609,1
mudgasnormalization.png,975,721,1
petrelclip00022.png,916,433,1
petrelclip00023.png,349,384,1
petrelclip00024.png,977,429,1
petrelclip00025.png,271,134,1
petrelclip00026.png,537,114,1
petrelclip00027.png,509,498,1
petrelclip00028.png,508,497,1
petrelclip00029.png,274,388,1
petrelclip00030.png,963,668,1
petrelclip00031.png,448,236,1
petrelclip00032.png,702,620,1
petrelclip00033.png,686,617,1
petrelclip00034.png,693,616,1
petrelclip00035.png,218,466,1
petrelclip00036.png,912,493,1
petrelclip00037.png,979,662,1
petrelclip00038.png,726,420,1
petrelclip00039.png,459,293,1
petrelclip00040.png,984,732,1
petrelclip00041.png,420,575,1
petrelclip00043.png,740,278,1
petrelclip00044.png,963,660,1
petrelclip00045.png,863,529,1
ppfg_001.png,217,527,1
ppfg_002.png,880,599,1
ppfg_003.png,452,562,1
ppfg_004.png,624,395,1
ppfg_005.png,624,713,1
ppfg_006.png,691,514,1
ppfg_007.png,624,409,1
ppfg_008.png,624,464,1
ppfg_009.png,624,320,1
ppfg_010.png,624,305,1
ppfg_011.png,624,285,1
ppfg_012.png,624,309,1
ppfg_013.png,492,169,1
ppfg_014.png,490,169,1
ppfg_015.png,417,154,1
ppfg_016.png,624,320,1
ppfg_017.png,624,257,1
ppfg_018.png,612,762,1
ppfg_019.png,496,432,1
ppfg_020.png,691,613,1
ppfg_021.png,615,41,1
ppfg_022.png,624,701,1
ppfg_023.png,624,464,1
ppfg_024.png,526,71,1
ppfg_025.png,624,701,1
ppfg_026.png,624,516,1
ppfg_027.png,583,40,1
ppfg_028.png,462,32,1
ppfg_029.png,624,701,1
ppfg_030.png,624,379,1
ppfg_031.png,380,29,1
ppfg_032.png,624,438,1
ppfg_033.png,624,499,1
ppfg_034.png,624,500,1
ppfg_035.png,349,72,1
ppfg_036.png,617,37,2
ppfg_037.png,624,434,1
ppfg_038.png,624,701,1
ppfg_039.png,624,360,1
ppfg_040.png,199,26,1
ppfg_041.png,624,320,1
ppfg_042.png,624,320,1
ppfg_043.png,624,320,1
ppfg_044.png,624,320,1
ppfg_045.png,624,415,1
ppfg_046.png,576,173,1
ppfg_047.png,624,320,1
ppfg_048.png,624,339,1
ppfg_049.png,624,328,1
ppfg_050.png,624,328,1
ppfg_051.png,624,328,1
ppfg_052.png,586,770,1
ppfg_053.png,214,536,1
ppfg_054.png,493,40,1
ppfg_055.png,624,248,1
ppfg_056.png,624,248,1
ppfg_057.png,445,43,1
ppfg_058.png,624,332,1
ppfg_059.png,624,271,1
ppfg_060.png,624,258,1
ppfg_061.png,326,36,2
ppfg_062.png,624,284,1
ppfg_063.png,624,284,1
ppfg_064.png,624,265,1
ppfg_065.png,624,265,1
ppfg_066.png,576,758,1
ppfg_067.png,392,37,1
ppfg_068.png,268,37,1
ppfg_069.png,624,255,1
ppfg_070.png,624,691,1
ppfg_071.png,624,323,1
ppfg_072.png,624,406,1
ppfg_073.png,697,402,1
ppfg_074.png,624,287,1
ppfg_075.png,624,296,1
ppfg_076.png,624,707,1
ppfg_077.png,168,44,1
ppfg_078.png,624,385,1
ppfg_079.png,624,707,1
ppfg_080.png,228,40,1
ppfg_081.png,624,378,1
ppfg_082.png,460,41,1
ppfg_083.png,624,364,1
ppfg_084.png,535,42,1
ppfg_085.png,598,39,1
ppfg_086.png,179,34,1
ppfg_087.png,624,344,1
ppfg_088.png,487,47,1
ppfg_089.png,624,308,1
ppfg_090.png,189,510,1
ppfg_091.png,676,40,1
ppfg_092.png,624,464,1
ppfg_093.png,624,770,1
ppfg_094.png,624,320,1
ppfg_095.png,624,319,1
ppfg_096.png,624,770,1
ppfg_097.png,415,35,1
ppfg_098.png,624,320,1
ppfg_099.png,624,320,1
ppfg_100.png,624,770,2
ppfg_101.png,459,31,1
ppfg_102.png,404,36,1
ppfg_103.png,624,320,1
ppfg_104.png,624,320,1
ppfg_105.png,406,37,1
ppfg_106.png,771,362,1
ppfg_107.png,624,320,1
ppfg_108.png,624,659,1
ppfg_109.png,771,351,1
ppfg_110.png,1116,351,1
ppfg_111.png,755,310,1
ppfg_112.png,771,506,1
ppnew_clip0001.png,388,517,1
ppnew_clip0002.png,578,190,1
ppnew_clip0003_zoom62.png,694,421,1
ppnew_clip0004.png,572,791,1
ppnew_clip0005.png,565,770,1
ppnew_clip0006.png,857,188,1
ppnew_clip0007.png,531,761,1
ppnew_clip0008.png,530,527,1
ppnew_clip0009.png,349,395,1
ppnew_clip0011_zoom87.png,629,454,1
ppnew_clip0012_zoom76.png,657,640,1
ppnew_clip0013_zoom80.png,703,400,1
ppnew_clip0013_zoom85.png,748,426,1
ppnew_clip0014.png,400,631,1
ppnew_clip0015.png,488,74,1
ppnew_clip0016.png,471,41,1
ppnew_clip0017.png,431,103,1
ppnew_clip0018.png,382,64,1
ppnew_clip0019.png,755,115,1
ppnew_clip0020.png,631,85,1
ppnew_clip0022.png,221,62,1
ppnew_clip0023.png,866,643,1
ppnew_clip0024_zoom75.png,865,623,1
ppnew_clip0025.png,701,591,1
ppnew_clip0026.png,699,591,1
ppnew_clip0027.png,462,447,1
ppnew_clip0028.png,462,447,1
ppnew_clip0029.png,293,36,1
ppnew_clip0030.png,140,33,1
ppnew_clip0031.png,275,81,1
ppnew_clip0032.png,313,254,1
ppnew_clip0033.png,533,106,1
ppnew_clip0034_zoom65.png,829,645,1
ppnew_clip0035.png,218,154,1
ppnew_clip0036.png,349,221,1
rmnew_clip0001.png,606,380,1
rmnew_clip0002.png,508,228,1
rmnew_clip0003.png,465,369,1
rmnew_clip0004.png,1049,632,1
rmnew_clip0006.png,894,484,1
rmnew_clip0007.png,894,484,1
rmnew_clip0008.png,1308,632,1
rmnew_clip0009.png,1308,632,1
rmnew_clip0010.png,894,484,1
rmnew_clip0011.png,951,457,1
rmnew_clip0013.png,251,419,1
rmnew_clip0014.png,930,598,1
rmnew_clip0015.png,1136,679,1
rmnew_clip0016_zoom75.png,852,509,1
rmnew_clip0017_zoom85.png,1146,805,1
rmnew_clip0018.png,249,416,9
rmnew_clip0019_zoom65.png,500,412,1
rmnew_clip0019_zoom82.png,627,517,3
rmnew_clip0019_zoom86.png,658,542,1
rmnew_clip0020_zoom67.png,755,458,1
rmnew_clip0021_zoom65.png,728,441,1
rmnew_clip0021_zoom68.png,756,458,1
rmnew_clip0021_zoom70.png,782,474,1
rmnew_clip0022.png,469,512,1
rmnew_clip0023_zoom92.png,792,497,1
rmnew_clip0024.png,359,627,1
rmnew_clip0025.png,557,159,2
rmnew_clip0026.png,353,155,1
rmnew_clip0027_zoom68.png,805,521,1
rmnew_clip0028_zoom68.png,810,522,1
rmnew_clip0029.png,493,1210,1
rmnew_clip0030.png,462,627,1
rmnew_clip0031.png,600,156,2
rmnew_clip0032.png,480,741,1
rmnew_clip0033.png,489,524,1
rmnew_clip0034.png,298,510,1
rmnew_clip0035.png,876,539,1
rmnew_clip0036_zoom92.png,783,549,1
rmnew_clip0037.png,482,271,1
rmnew_clip0038_zoom70.png,831,543,1
rmnew_clip0039_zoom70.png,830,541,1
rmnew_clip0040_zoom70.png,831,540,1
rmnew_clip0041_zoom70.png,830,540,1
rmnew_clip0042_zoom70.png,831,540,1
rmnew_clip0043_zoom70.png,832,542,1
rmnew_clip0044_zoom70.png,831,541,1
rmnew_clip0045.png,292,45,1
rmnew_clip0046.png,264,37,1
rmnew_clip0047.png,279,39,1
rmnew_clip0048.png,298,42,1
rmnew_clip0049.png,295,41,1
rmnew_clip0050.png,236,41,1
rmnew_clip0051.png,308,44,1
rmnew_clip0052.png,344,38,1
rmnew_clip0053.png,259,42,1
rmnew_clip0054.png,257,43,1
rmnew_clip0055.png,240,44,1
rmnew_clip0056.png,238,41,1
rmnew_clip0057.png,244,38,1
rmnew_clip0058.png,257,40,1
rmnew_clip0059.png,234,46,1
rmnew_clip0060.png,132,35,1
rmnew_clip0061.png,130,44,1
rmnew_clip0062.png,228,37,1
rmnew_clip0063.png,238,37,1
rmnew_clip0064.png,125,39,1
rmnew_clip0065.png,186,37,1
rmnew_clip0066.png,102,29,1
rmnew_clip0067.png,612,54,1
rmnew_clip0068.png,434,87,1
rmnew_clip0069.png,438,53,1
rmnew_clip0070.png,173,64,1
rmnew_clip0071.png,954,647,1
rmnew_clip0072.png,181,58,1
rmnew_clip0073.png,179,57,1
rmnew_clip0074.png,305,62,1
rmnew_clip0075.png,163,85,1
rmnew_clip0076.png,184,39,1
rmnew_clip0077.png,275,28,1
rmnew_clip0078.png,155,28,1
rmnew_clip0079.png,138,32,1
rmnew_clip0080.png,170,57,1
rmnew_clip0081.png,206,54,1
rmnew_clip0082.png,360,63,1
rmnew_clip0083.png,109,50,1
rmnew_clip0084.png,158,62,1
rmnew_clip0085.png,193,56,1
rmnew_clip0086.png,325,59,1
rmnew_clip0087.png,869,621,1
rmnew_clip0088_zoom50.png,832,464,1
rmnew_clip0089_zoom55.png,831,437,1
rmnew_clip0090_zoom54.png,831,460,1
rmnew_clip0091_zoom54.png,831,464,1
rmnew_clip0092_zoom54.png,832,467,1
rmnew_clip0093_zoom62.png,694,421,1
rmnew_clip0094_zoom62.png,694,421,2
rmnew_clip0095.png,591,475,1
rmnew_clip0096_zoom80.png,788,466,1
rmnew_clip0097_zoom83.png,790,506,1
rmnew_clip0098.png,344,320,2
rmnew_clip0099.png,389,617,1
rmnew_clip0100.png,506,233,1
rmnew_clip0101.png,500,530,1
rmnew_clip0102.png,530,619,1
rmnew_clip0103.png,737,170,1
rmnew_clip0104.png,518,734,1
rmnew_clip0105.png,516,564,1
rmnew_clip0106.png,389,512,1
rmnew_clip0107_zoom85.png,738,463,1
rmnew_clip0108_zoom87.png,723,456,1
rmnew_clip0109.png,450,170,1
rmnew_clip0110_zoom76.png,825,666,1
rmnew_clip0111_zoom60.png,824,524,1
rmnew_clip0112_zoom94.png,831,601,1
rmnew_clip0113_zoom55.png,831,485,1
rmnew_clip0114_zoom51.png,830,489,1
rmnew_clip0115_zoom70.png,783,475,1
rmnew_clip0116.png,527,533,1
rmnew_clip0117_zoom82.png,802,773,1
rmnew_clip0118_zoom79.png,803,629,1
rmnew_clip0119.png,393,622,1
rmnew_clip0120.png,528,207,1
rmnew_clip0121.png,281,148,1
rmnew_clip0122.png,701,871,1
rmnew_clip0123.png,646,690,1
rmnew_clip0124.png,454,674,1
rmnew_clip0125.png,785,156,1
rmnew_clip0126.png,456,830,1
rmnew_clip0127.png,484,596,1
rmnew_clip0128.png,328,454,1
rmnew_clip0129_zoom93.png,801,410,1
rmnew_clip0130.png,872,531,1
rmnew_clip0131.png,422,494,1
rmnew_clip0132_zoom63.png,836,562,1
rmnew_clip0133_zoom63.png,829,619,1
rmnew_clip0134_zoom63.png,829,638,1
rmnew_clip0135.png,111,38,1
rmnew_clip0136.png,147,93,1
rmnew_clip0137.png,111,32,1
rmnew_clip0138.png,289,388,1
rmnew_clip0139.png,219,87,1
rmnew_clip0140.png,192,178,1
rmnew_clip0141.png,865,634,1
rmnew_clip0142_zoom62.png,816,554,1
rmnew_clip0143_zoom63.png,839,567,1
rmnew_clip0144_zoom62.png,813,548,1
rmnew_clip0145_zoom63.png,829,575,1
rmnew_clip0146_zoom64.png,830,594,1
rmnew_clip0147_zoom88.png,830,596,1
rmnew_clip0148_zoom72.png,829,599,1
rmnew_clip0149.png,238,32,1
rmnew_clip0150_zoom65.png,833,562,1
rmnew_clip0151_zoom53.png,830,498,1
rmnew_clip0152_zoom75.png,634,579,1
rmnew_clip0153_zoom75.png,635,580,1
rmnew_clip0154_zoom75.png,634,579,1
rmnew_clip0155_zoom75.png,634,579,1
rmnew_clip0156_zoom75.png,635,580,1
rmnew_clip0157_zoom75.png,635,580,1
rmnew_clip0158.png,789,587,1
rmnew_clip0159.png,625,841,1
rmnew_clip0160.png,502,445,1
rmnew_clip0161_zoom76.png,830,659,1
rmnew_clip0162.png,264,194,2
rmnew_clip0163_zoom67.png,753,457,1
rmnew_clip0164_zoom64.png,814,434,1
rmnew_clip0165.png,291,49,1
rmnew_clip0166.png,383,59,1
rmnew_clip0167.png,463,60,1
rmnew_clip0168.png,445,71,1
rmnew_clip0169.png,157,59,1
rmnew_clip0170.png,128,55,1
rmnew_clip0171.png,290,31,1
rmnew_clip0172.png,270,23,1
rmnew_clip0173.png,494,54,1
rmnew_clip0174.png,484,63,1
rmnew_clip0175.png,109,55,1
rmnew_clip0176.png,93,31,1
rmnew_clip0177_zoom80.png,631,593,1
rmnew_clip0178_zoom75.png,635,580,1
rmnew_clip0179_zoom75.png,635,580,1
rmnew_clip0180.png,380,57,1
rmnew_clip0181.png,534,59,1
rmnew_clip0182.png,266,35,1
rmnew_clip0183.png,444,378,1
rmnew_clip0184.png,485,372,1
rmnew_clip0185.png,331,343,1
rmnew_clip0186.png,423,477,1
rmnew_clip0187.png,1022,324,1
rmnew_clip0188.png,388,274,1
rmnew_clip0189.png,605,600,1
rmnew_clip0190.png,611,33,1
rmnew_clip0191.png,475,145,1
rmnew_clip0192.png,618,83,1
rmnew_clip0193.png,475,145,1
rmnew_clip0194.png,460,254,1
rmnew_clip0195.png,615,637,1
rmnew_clip0196.png,615,796,1
rmnew_clip0197_zoom75.png,634,577,1
rmnew_clip0198.png,833,999,1
rmnew_clip0199_zoom75.png,634,577,1
rmnew_clip0200_zoom75.png,634,577,1
rmnew_clip0201_zoom75.png,631,570,1
rmnew_clip0202.png,327,51,1
rmnew_clip0203.png,429,52,1
rmnew_clip0204_zoom65.png,738,441,1
rmnew_clip0205.png,465,381,1
rmnew_clip0206_zoom65.png,569,350,1
rmnew_clip0207_zoom65.png,448,413,1
rmnew_clip0208.png,364,666,1
rmnew_clip0209.png,494,566,1
rmnew_clip0210.png,411,701,1
rmnew_clip0211.png,489,526,1
rmnew_clip0212.png,306,322,1
rmnew_clip0213.png,876,456,1
rmnew_clip0214_zoom65.png,728,441,1
rmnew_clip0215.png,366,226,1
rmnew_clip0216_zoom65.png,692,390,2
rmnew_clip0217.png,859,635,1
rmnew_clip0218_zoom65.png,400,364,1
rmnew_clip0219_zoom65.png,519,408,1
rmnew_clip0220.png,285,339,1
rmnew_clip0221_zoom65.png,720,430,1
somclip0001.png,221,26,1
somclip0002.png,250,76,1
somclip0003.png,219,25,1
somclip0004.png,88,19,1
somclip0005.png,163,52,1
somclip0006.png,91,48,1
somclip0007.png,466,291,1
somclip0008.png,238,25,1
somclip0009.png,170,53,1
somclip0011.png,190,157,1
somclip0012.png,234,202,1
somclip0013.png,372,351,1
somclip0015.png,159,52,1
somclip0016.png,748,609,1
somclip0017.png,640,190,1
somclip0018.png,812,663,1
somclip0019.png,810,667,1
somclip0020.png,788,138,1
somclip0021_zoom25.png,350,204,1
somclip0022_zoom90.png,1099,705,1
somclip0023.png,354,149,1
somclip0024.png,253,70,1
somclip0025.png,855,858,1
somclip0026.png,801,233,1
somclip0027.png,735,405,1
somclip0028.png,781,596,1
somclip0029.png,443,413,2
somclip0030_zoom50.png,614,430,1
somclip0031.png,746,856,1
somclip0032.png,784,401,1
somclip0033.png,744,660,1
somclip0034_zoom78.png,997,702,1
somclip0035.png,745,663,1
somclip0036.png,758,560,1
somclip0037_zoom68.png,771,286,1
somclip0037_zoom77.png,879,326,1
somclip0038_zoom77.png,367,310,1
somclip0039.png,500,237,1
somclip0040.png,241,206,1
somclip0041.png,405,285,1
somclip0042.png,538,68,1
somclip0043.png,725,550,1
somclip0044_zoom50.png,651,433,1
somclip0045_zoom81.png,770,581,1
somclip0046_zoom42.png,222,164,1
somclip0047.png,353,353,1
