file,title,bytes,text_chars,n_imgs_total,n_imgs_content,content_imgs
3d-viewer.htm,3D Viewer,6152,112,8,0,
3d_petrophysics.htm,3D Petrophysics,123268,30277,82,60,_mwclip00175.png;_mwclip00217.png;_mwclip00126.png;_mwclip00127.png;_mwclip00128.png;_mwclip00129.png;_mwclip00131.png;_mwclip00132.png;_mwclip00130.png;_mwclip00228.png;_mwclip00134.png;_mwclip00135.png;_mwclip00136.png;_mwclip00137.png;_mwclip00138.png;_mwclip00139.png;_mwclip00140.png;_mwclip00141.png;_mwclip00282.png;_mwclip00161.png;_mwclip00162.png;_mwclip00163.png;_mwclip00283.png;_mwclip00210.png;_mwclip00211.png;_mwclip00216.png;_mwclip00212.png;_mwclip00213.png;_mwclip00214.png;_mwclip00215.png;_mwclip00277.png;ipcollapsearrow.png;_mwclip00142.png;_mwclip00145.png;_mwclip00146.png;_mwclip00147.png;_mwclip00148.png;_mwclip00149.png;_mwclip00150.png;_mwclip00151.png;_mwclip00153.png;_mwclip00154.png;_mwclip00155.png;_mwclip00156.png;_mwclip00157.png;_mwclip00218.png;_mwclip00158.png;_mwclip00159.png;_mwclip00229.png;_mwclip00230.png;_mwclip00278.png;_mwclip00279.png;_mwclip00164.png;_mwclip00165.png;_mwclip00166.png;_mwclip00170.png;_mwclip00171.png;_mwclip00172.png;_mwclip00173.png;_mwclip00174.png
3d_viewer.htm,3D Image Viewer,68547,11158,43,22,_iaclip00396.png;_iaclip00406.png;_iaclip00397_zoom90.png;_iaclip00404.png;_iaclip00399.png;_iaclip00400.png;_iaclip00401.png;_iaclip00402.png;_iaclip00403.png;_iaclip00404.png;_iaclip00405.png;_iaclip00407_zoom90.png;_iaclip00408.png;_iaclip00409.png;_iaclip00410.png;_iaclip00411.png;_iaclip00412.png;_iaclip00426.png;_iaclip00427.png;_iaclip00428.png;_iaclip00429.png;_iaclip00414.png
3dparview.htm,3D Parameter Viewer,40247,9526,37,21,_3dclip0002.png;_3dclip0001.png;_3dclip0003_zoom50.png;_3dclip0004.png;_3dclip0005.png;_3dclip0006.png;_3dclip0007.png;_3dclip0009.png;_3dclip0008_zoom50.png;_3dclip0012.png;_3dclip0013.png;_3dclip0014.png;_3dclip0016.png;_3dclip0017.png;_3dclip0018.png;_3dclip0019.png;_3dclip0020.png;_3dclip0026.png;_3dclip0027_zoom80.png;_3dclip0028.png;_3dclip0025_zoom80.png
abbreviations_and_definitions.htm,Abbreviations and Definitions,21498,2627,8,0,
aboutipdatabase.htm,About the IP Database,31061,8677,15,2,_diclip0002.png;_diclip0003.png
acoustic_to_pressure.htm,Acoustic to Pressure,49405,15316,32,18,ppfg_073.png;ppfg_074.png;ppfg_075.png;ppfg_076.png;ppfg_077.png;ppfg_036.png;ppfg_078.png;ppfg_079.png;ppfg_080.png;ppfg_081.png;ppfg_082.png;ppfg_083.png;ppfg_084.png;ppfg_085.png;ppfg_086.png;ppfg_087.png;ppfg_088.png;ppfg_089.png
acoustic_waveform_processing.htm,Acoustic Waveform Processing,240589,82888,103,68,_awpclip0004.png;_awpclip0005.png;_awpclip0003.png;_awpclip0066.png;_awpclip0006.png;_awpclip0007.png;_awpclip0008.png;_awpclip0009.png;_awpclip0070.png;_awpclip0010.png;_awpclip0011.png;_awpclip0020_zoom75.png;_awpclip0026.png;_awpclip0028.png;_awpclip0027.png;_awpclip0029.png;_awpclip0030_zoom78.png;_awpclip0032.png;_awpclip0031.png;_awpclip0012.png;_awpclip0013.png;_awpclip0014.png;_awpclip0015.png;_awpclip0016.png;_awpclip0071_zoom50.png;_awpclip0017.png;_awpclip0018.png;_awpclip0019.png;_awpclip0052.png;_awpclip0021.png;_awpclip0065.png;_awpclip0022.png;_awpclip0067.png;_awpclip0068.png;_awpclip0069.png;_awpclip0040.png;_awpclip0041.png;_awpclip0042.png;_awpclip0043.png;_awpclip0062.png;_awpclip0044.png;_awpclip0055.png;_awpclip0045.png;_awpclip0046.png;_awpclip0047.png;_awpclip0048.png;_awpclip0049.png;_awpclip0063.png;_awpclip0064.png;_awpclip0050.png;_awpclip0051.png;_awpclip0053.png;_awpclip0054.png;_awpclip0056.png;_awpclip0058.png;_awpclip0059.png;_awpclip0060.png;_awpclip0061.png;_awpclip0057.png;_awpclip0024.png;_awpclip0025.png;_awpclip0001.png;_awpclip0034.png;_awpclip0035.png;_awpclip0036.png;_awpclip0037.png;_awpclip0038.png;_awpclip0039.png
analysis-sticks.htm,Analysis Sticks,6198,124,8,0,
anisotropic-elastic.htm,Anisotropic Elastic,101722,20125,118,102,rmnew_clip0018.png;rmnew_clip0019_zoom65.png;rmnew_clip0204_zoom65.png;rmnew_clip0021_zoom65.png;rmnew_clip0205.png;rmnew_clip0206_zoom65.png;rmnew_clip0207_zoom65.png;rmnew_clip0025.png;rmnew_clip0208.png;rmnew_clip0209.png;rmnew_clip0031.png;rmnew_clip0210.png;rmnew_clip0211.png;rmnew_clip0212.png;rmnew_clip0213.png;rmnew_clip0214_zoom65.png;rmnew_clip0215.png;rmnew_clip0216_zoom65.png;rmnew_clip0217.png;rmnew_clip0216_zoom65.png;rmnew_clip0218_zoom65.png;rmnew_clip0221_zoom65.png;rmnew_clip0219_zoom65.png;rmnew_clip0220.png;embim405.png;embim406.png;embim407.png;embim408.png;embim409.png;embim410.png;embim411.png;embim412.png;embim413.png;embim414.png;embim415.png;embim416.png;embim417.png;embim418.png;embim419.png;embim420.png;embim421.png;embim422.png;embim423.png;embim424.png;embim425.png;embim426.png;embim427.png;embim428.png;embim429.png;embim430.png;embim431.png;embim432.png;embim433.png;embim434.png;embim435.png;embim436.png;embim437.png;embim438.png;embim439.png;embim440.png;embim441.png;embim442.png;embim443.png;embim444.png;embim445.png;embim446.png;embim447.png;embim448.png;embim449.png;embim450.png;embim451.png;embim452.png;embim453.png;embim454.png;embim455.png;embim456.png;embim457.png;embim458.png;embim459.png;embim460.png;embim461.png;embim462.png;embim463.png;embim464.png;embim465.png;embim466.png;embim467.png;embim468.png;embim469.png;embim470.png;embim471.png;embim472.png;embim473.png;embim474.png;embim475.png;embim476.png;embim477.png;embim478.png;embim479.png;embim480.png;embim481.png;embim482.png
arraydatacurves.htm,Curves and Array Image Data,30497,7607,23,11,_aidclip0745.png;_aidclip0746.png;_aidclip0747.png;_aidclip0372.png;_aidclip0373.png;_aidclip0752.png;_aidclip0748.png;_aidclip0750.png;_aidclip0749.png;_aidclip0751.png;_aidclip0740.png
autoplot.htm,Autoplot,21599,7374,19,11,_plclip00196.png;_plclip00197.png;_plclip00053.png;_plclip00054.png;_plclip00198.png;_plclip00199.png;_plclip00200.png;_plclip00201.png;_plclip00204.png;_plclip00063.png;_plclip00054.png
autoplot2.htm,Autoplot,8126,535,8,0,
basicloganalysis.htm,Basic Log Analysis,102198,22240,60,27,_blaclip0001_zoom75.png;_blaclip0002.png;_blaclip0003.png;_blaclip0004.png;_blaclip0005.png;_blaclip0006.png;_blaclip0007.png;_blaclip0008.png;_blaclip0009.png;_blaclip0010.png;_blaclip0011.png;_blaclip0012.png;_blaclip0013.png;_blaclip0014.png;_blaclip0015.png;_blaclip0016.png;_blaclip0017.png;_blaclip0018.png;embim11.png;embim12.png;embim13.png;embim14.png;embim15.png;embim16.png;embim17.png;embim18.png;embim19.png
basiclogcalculations.htm,Basic Log Functions,67215,16862,67,45,_ccclip1765.png;embim5.png;embim6.png;_ccclip1766.png;_ccclip1818.png;_ccclip1819.png;_ccclip1767.png;_ccclip1775.png;_ccclip1776.png;embim7.png;embim8.png;_ccclip1777.png;_ccclip1772.png;_ccclip1774.png;embim9.png;_ccclip1769.png;_ccclip1770.png;_ccclip1771.png;_ccclip1778.png;_ccclip1779.png;_ccclip1759.png;_ccclip1762.png;_ccclip1760.png;_ccclip1761.png;_ccclip1763.png;_ccclip1764.png;_ccclip1780.png;_ccclip1781.png;_ccclip1782.png;_ccclip1783.png;_ccclip1784.png;_ccclip1786.png;_ccclip1787.png;_ccclip1788.png;_ccclip1789.png;_ccclip1790.png;_ccclip1808.png;embim10.png;_ccclip1820.png;_ccclip1753.png;_ccclip1754.png;_ccclip1758.png;_ccclip1756.png;_ccclip1757.png;_ccclip1755.png
batch_ascii_loader.htm,ASCII Batch Load (Multi Wells & Files),27760,6794,27,14,_dlclip0150.png;_dlclip0137.png;_dlclip0138.png;_dlclip0139.png;_dlclip0140_zoom50.png;_dlclip0141.png;_dlclip0142.png;_dlclip0143.png;_dlclip0144.png;_dlclip0145.png;_dlclip0146.png;_dlclip0147.png;_dlclip0148.png;_dlclip0149.png
batch_loading_tvd_survey.htm,Batch Loading TVD Surveys Workflow,23245,3297,23,15,_mwclip00184.png;_mwclip00185_zoom50.png;_mwclip00186.png;_mwclip00187.png;_mwclip00188.png;_mwclip00189.png;_mwclip00191_zoom50.png;_mwclip00192_zoom50.png;_mwclip00193_zoom50.png;_mwclip00194.png;_mwclip00195.png;_mwclip00196.png;_mwclip00197.png;_mwclip00198.png;_mwclip00199.png
batchformula.htm,Multiple Well Batch Operation,44150,12283,23,11,_mwclip0013_zoom50.png;_mwclip0014_zoom50.png;_mwclip0015.png;_mwclip0016.png;_mwclip0017.png;_mwclip0018.png;_mwclip00123.png;_mwclip0019.png;_mwclip0020.png;_mwclip0021.png;_mwclip0022.png
batchmontecarlo.htm,Batch Monte Carlo,22294,4335,22,8,_mceaclip0026.png;_mceaclip0027.png;_mceaclip0028.png;_mceaclip0029.png;_mceaclip0030.png;_mceaclip0031.png;_mceaclip0032.png;_mceaclip0033.png
bla-load.htm,BLA Load,6571,162,9,1,_dlclip00240.png
box_plots.htm,Box Plots,24650,4871,31,18,_bpclip0001.png;_bpclip0002.png;_bpclip0003.png;_bpclip0004.png;_bpclip0005.png;_bpclip0006.png;_bpclip0007.png;_bpclip0008.png;_bpclip0009.png;_bpclip0010.png;_bpclip0011.png;_bpclip0012.png;_bpclip0013.png;_bpclip0014.png;_bpclip0015.png;_bpclip0016.png;_bpclip0017.png;_bpclip0018.png
bubble-analysis.htm,Bubble Analysis,6192,124,8,0,
calculationandcorrection.htm,Calculation and Correction,16637,3601,8,0,
caliper-qc.htm,Caliper QC,8052,950,13,5,_iaclip00503.png;_iaclip00504.png;_iaclip00505.png;_iaclip00506.png;_iaclip00507.png
capillarypressuredataloader.htm,Capillary Pressure Data Loader,47633,14582,27,16,_dlclip00063.png;_dlclip00064_zoom50.png;_dlclip00065_zoom50.png;_dlclip00066_zoom50.png;_dlclip00205.png;_dlclip00206.png;_dlclip00207.png;_dlclip00208.png;_dlclip00209.png;_dlclip00210.png;_dlclip00211.png;_dlclip00212.png;_dlclip00213.png;_dlclip00214.png;_dlclip00215.png;_dlclip00216.png
cappressurefunctions.htm,Capillary Pressure Functions,202461,52618,132,84,_shmclip0023.png;_shmclip0024.png;_shmclip0025.png;_shmclip0026.png;_shmclip0028.png;_shmclip0178.png;_shmclip0179.png;_shmclip0180.png;_shmclip0181.png;_shmclip0184.png;_shmclip0183.png;_shmclip0182.png;_shmclip0029.png;_shmclip0030.png;_shmclip0031.png;_shmclip0032.png;_shmclip0033.png;_shmclip0034.png;_shmclip0004.png;_shmclip0005.png;_shmclip0004.png;_shmclip0005.png;_shmclip0035.png;_shmclip0036.png;_shmclip0037.png;_shmclip0038.png;_shmclip0039.png;_shmclip0040.png;_shmclip0160.png;_shmclip0090.png;_shmclip0041.png;_shmclip0042.png;_shmclip0004.png;_shmclip0005.png;_shmclip0004.png;_shmclip0005.png;_shmclip0159.png;_shmclip0043.png;_shmclip0044.png;_shmclip0045.png;_shmclip0046.png;_shmclip0047.png;_shmclip0048.png;_shmclip0049.png;_shmclip0050.png;_shmclip0125.png;_shmclip0051.png;_shmclip0052.png;_shmclip0053.png;_shmclip0054.png;embim288.png;_shmclip0092.png;_shmclip0093.png;_shmclip0094.png;_shmclip0095.png;_shmclip0096.png;_shmclip0097.png;_shmclip0098.png;_shmclip0099.png;_shmclip0100.png;_shmclip0101.png;_shmclip0141.png;_shmclip0142.png;_shmclip0143.png;_shmclip0144.png;_shmclip0145.png;_shmclip0146.png;_shmclip0147.png;_shmclip0148.png;_shmclip0149.png;_shmclip0150.png;_shmclip0151.png;_shmclip0055.png;_shmclip0134.png;_shmclip0086.png;_shmclip0087.png;_shmclip0128.png;_shmclip0129.png;_shmclip0130.png;_shmclip0131.png;_shmclip0132.png;_shmclip0133.png;_shmclip0105.png;_shmclip0089.png
cappressuresetup.htm,Capillary Pressure Set-Up,212120,63470,94,56,_shmclip0001.png;_shmclip0002.png;_shmclip0116.png;_shmclip0117.png;_shmclip0007.png;_shmclip0175.png;_shmclip0008.png;_shmclip0009.png;_shmclip0084.png;_shmclip0010.png;_shmclip0161.png;_shmclip0011.png;_shmclip0176.png;_shmclip0106.png;clip1181.png;_shmclip0109.png;_shmclip0014.png;_shmclip0015.png;_shmclip0016.png;_shmclip0017.png;_shmclip0018.png;_shmclip0019.png;_shmclip0119.png;_shmclip0118.png;_shmclip0120.png;_shmclip0021.png;_shmclip0119.png;_shmclip0121.png;_shmclip0122.png;_shmclip0057.png;_shmclip0080.png;_shmclip0081.png;_shmclip0082.png;_shmclip0083.png;_shmclip0123.png;_shmclip0124.png;_shmclip0162.png;_shmclip0177.png;_shmclip0110.png;_shmclip0111.png;_shmclip0171.png;_shmclip0172.png;_shmclip0112.png;_shmclip0113.png;_shmclip0115.png;_shmclip0114.png;_shmclip0163.png;_shmclip0164.png;_shmclip0165.png;_shmclip0166.png;_shmclip0167.png;_shmclip0168.png;_shmclip0169.png;_shmclip0170.png;_shmclip0173.png;_shmclip0174.png
cased_hole.htm,Cased Hole,7727,1039,9,1,_chclip0001.png
casinginspection.htm,Casing Inspection,75672,24341,48,30,_ciclip0001.png;_ciclip0002.png;_ciclip0003.png;_ciclip0027.png;_ciclip0004.png;_ciclip0005.png;_ciclip0006.png;_ciclip0007.png;_ciclip0008.png;_ciclip0009.png;_ciclip0009.png;_ciclip0010.png;_ciclip0011.png;_ciclip0012.png;_ciclip0013.png;_ciclip0014.png;_ciclip0015.png;_ciclip0016.png;_ciclip0017.png;_ciclip0018.png;_ciclip0025.png;_ciclip0028.png;_ciclip0019.png;_ciclip0029.png;_ciclip0020.png;_ciclip0021.png;_ciclip0022.png;_ciclip0023.png;_ciclip0024.png;_ciclip0026.png
cat_rat_image.htm,CAT/RAT Image,14819,5605,10,2,_plclip00311.png;_plclip00312.png
cat_rat_normalise.htm,CAT/RAT Normalise,17579,6602,10,2,_plclip00309.png;_plclip00310.png
cementeval.htm,Cement Evaluation,172054,71012,95,74,_cemclip0001.png;_cemclip0002.png;_cemclip0003.png;_cemclip0004.png;_cemclip0005.png;_cemclip0007.png;_cemclip0006.png;_cemclip0008.png;_cemclip0009.png;_cemclip0010.png;_cemclip0011.png;_cemclip0012.png;_cemclip0013.png;_cemclip0014.png;_cemclip0072.png;_cemclip0015.png;_cemclip0016_zoom70.png;_cemclip0017_zoom70.png;_cemclip0018.png;_cemclip0019.png;_cemclip0020.png;_cemclip0021.png;_cemclip0052.png;_cemclip0064.png;_cemclip0022.png;_cemclip0023.png;_cemclip0024.png;_cemclip0025.png;_cemclip0026.png;_cemclip0027.png;_cemclip0028.png;_cemclip0029.png;_cemclip0053.png;_cemclip0073.png;_cemclip0074_zoom50.png;_cemclip0030.png;_cemclip0031.png;_cemclip0032.png;_cemclip0033.png;_cemclip0068.png;_cemclip0059.png;_cemclip0060.png;_cemclip0069.png;_cemclip0070.png;_cemclip0071.png;_cemclip0034.png;_cemclip0035.png;_cemclip0036.png;_cemclip0065.png;_cemclip0066.png;_cemclip0061.png;_cemclip0037.png;_cemclip0038.png;_cemclip0039.png;_cemclip0040.png;_cemclip0041.png;_cemclip0042.png;_cemclip0062.png;_cemclip0063.png;_cemclip0054.png;_cemclip0055.png;_cemclip0056.png;_cemclip0076.png;_cemclip0044.png;_cemclip0057.png;_cemclip0046.png;_cemclip0047.png;_cemclip0067.png;_cemclip0075.png;_cemclip0077.png;_cemclip0058_zoom50.png;_cemclip0049.png;_cemclip0050.png;_cemclip0051.png
chronolog_help.htm,Output Time Curves to Depth Well,70382,22202,72,55,_todclip0092.png;_todclip0093.png;_todclip0094.png;_todclip0095.png;_todclip0096.png;_todclip0097.png;_todclip0096.png;_todclip0098.png;_todclip0099.png;_todclip0076.png;_todclip0077.png;_todclip0078.png;_todclip0079.png;_todclip0080.png;_todclip0081.png;_todclip0082.png;_todclip0083.png;_todclip0084.png;_todclip0085.png;_todclip0086.png;_todclip0087.png;_todclip0088.png;_todclip0089.png;_todclip0090.png;_todclip0091.png;_todclip0100.png;_todclip0101.png;_todclip0102.png;_todclip0103.png;_todclip0104.png;_todclip0105.png;_todclip0106.png;_todclip0107.png;_todclip0108.png;_todclip0109.png;_todclip0110.png;_todclip0111.png;_todclip0112.png;_todclip0113.png;_todclip0114.png;_todclip0115.png;_todclip0116.png;_todclip0117.png;_todclip0119.png;_todclip0120.png;_todclip0121.png;_todclip0122.png;_todclip0123.png;_todclip0124.png;_todclip0125.png;_todclip0126.png;_todclip0127.png;_todclip0128.png;_todclip0129.png;_todclip0130.png
clayequationsandmethodology.htm,Clay Volume Equations and Methodology,42313,4848,42,19,embim22.png;embim23.png;embim24.png;embim25.png;embim26.png;embim27.png;embim28.png;_cvclip0008.png;embim29.png;embim30.png;embim31.png;embim32.png;embim33.png;_cvclip0009_zoom50.png;embim34.png;embim35.png;embim36.png;embim37.png;_cvclip0061.png
clayparameters.htm,Define Clay Volume Parameters,94038,20275,26,13,_cvclip0026.png;_cvclip0027.png;_cvclip0015.png;_cvclip0016.png;_cvclip0017.png;_cvclip0018.png;_cvclip0019.png;_cvclip0020.png;_cvclip0021.png;_cvclip0060.png;_cvclip0023.png;_cvclip0024.png;_cvclip0030.png
clayplot.htm,Clay Volume Interactive Plot,32159,7308,24,9,_cvclip0012.png;_cvclip0010.png;_cvclip0011.png;_cvclip0013.png;_cvclip0014.png;_cvclip0031.png;_cvclip0032.png;_cvclip0033.png;_cvclip0034.png
clayvolume.htm,Clay Volume Analysis,37434,10162,26,11,_cv1clip0001.png;_cv1clip0002.png;_cv1clip0003.png;_cv1clip0004.png;_cv1clip0005.png;_cvclip0002.png;_cvclip0003.png;_cvclip0004.png;_cvclip0005.png;_cvclip0029.png;_ztclip0059.png
cleandata.htm,Clean Data,8616,1208,9,1,_plclip00173.png
cluster_analysis.htm,Cluster Analysis for Rock Typing,104692,31905,54,34,_caclip0001_zoom50.png;_caclip0004.png;_caclip0002.png;_caclip0003.png;_caclip0005.png;_caclip0006.png;_caclip0023.png;_caclip0008.png;_caclip0017.png;_caclip0010.png;_caclip0009.png;_caclip0024.png;_caclip0025.png;_caclip0026.png;_caclip0041.png;_caclip0029.png;_caclip0030.png;_caclip0031.png;_caclip0032.png;_caclip0033.png;_caclip0034.png;_caclip0013.png;_caclip0014.png;_caclip0016.png;_caclip0035.png;_caclip0038.png;_caclip0039.png;_caclip0040.png;_caclip0036.png;_caclip0011.png;_caclip0019.png;_caclip0020.png;_caclip0021.png;_caclip0022.png
cm_copy_curves_from_well.htm,Copy Curves from Well,29868,13366,14,6,_cmclip0063.png;_cmclip0083.png;_cmclip0081.png;_cmclip0118.png;_cmclip0119.png;_cmclip0120.png
cm_curve_statistics.htm,Curve Statistics,25620,4735,15,3,_cmclip0109.png;_cmclip0110.png;_cmclip0111.png
cm_delete_curves.htm,Delete Curves,8816,671,10,2,_cmclip0095.png;_cmclip0065.png
cm_drag_and_drop_curves.htm,Drag and Drop Curves,9772,937,10,2,_cmclip0112.png;_cmclip0097.png
co2storagecapacity.htm,CO2 Storage Capacity,40295,7362,24,8,_co2clip0001.png;_co2clip0002.png;_co2clip0003.png;_co2clip0004.png;_co2clip0005.png;_co2clip0006_zoom50.png;embim20.png;embim21.png
co_sw_analysis.htm,CO Sw Analysis,89865,32657,33,20,_coclip0001_zoom75.png;_coclip0002.png;_coclip0003_zoom75.png;_coclip0013_zoom75.png;_coclip0004.png;_coclip0005.png;_coclip0006.png;_coclip0014.png;_coclip0015.png;_coclip0007.png;_coclip0016.png;_coclip0008.png;_coclip0017.png;_coclip0010.png;_coclip0009.png;_coclip0018.png;_coclip0011.png;_coclip0019.png;_coclip0012.png;_coclip0020_zoom75.png
compiler-information.htm,Compiler Information,63802,14169,34,20,_upclip0069.png;_upclip0070.png;_upclip0071.png;_upclip0072.png;_upclip0073.png;_upclip0074.png;_upclip0075.png;_upclip0076.png;_upclip0077_zoom75.png;_upclip0079.png;_upclip0078.png;_upclip0079.png;_upclip0078.png;_upclip0080.png;_upclip0081_zoom75.png;_upclip0082_zoom75.png;_upclip0083_zoom75.png;_upclip0084_zoom75.png;_upclip0085_zoom75.png;_upclip0086_zoom75.png
connecting-to-external-databas.htm,Connecting to External Databases,8000,607,8,0,
connectionprotocols.htm,External Database Connection Protocols,75049,16782,26,0,
create-and-edit-user-apps.htm,Create and Edit User Apps,7060,295,8,0,
create-new-user-app.htm,Create New User App,14113,2179,11,3,_upclip0036.png;_upclip0018.png;_upclip0019.png
create-user-app-help.htm,Create User App Help,8070,629,9,1,_upclip0055.png
createacrossplot.htm,Create a Crossplot,80703,20211,40,23,_cpclip00014.png;_cpclip0136.png;_cpclip0159.png;_cpclip0139.png;_cpclip0146.png;_cpclip0140.png;_cpclip0006.png;_cpclip0007.png;_cpclip0124.png;_cpclip0008.png;_cpclip0009_zoom50.png;_cpclip0138.png;_cpclip00010.png;_cpclip0141.png;_cpclip00011.png;_cpclip0150.png;_cpclip0157.png;_cppclip0004.png;_cppclip0001.png;_cpclip0147.png;_cpclip0148.png;_cpclip0149.png;_cpclip0066.png
createcurvearraycurve.htm,Create Curve/Array Curve,18774,3720,16,5,_declip0001.png;_declip0002.png;_declip0003.png;_declip0005.png;_declip0004.png
createeditlithologycurves.htm,Create/Edit Lithology Curves,30582,6841,22,10,_declip0006.png;_declip0007.png;_declip0008.png;_declip0115.png;_declip0010.png;_declip0011.png;_declip0081.png;_declip0080.png;_declip0012.png;_declip0013_zoom50.png
createeditpointcurve.htm,Create/Edit Point Curve,18641,2928,13,2,_declip0014.png;_declip0015.png
crossplot_functions.htm,Crossplot Functions,167782,37645,106,73,_cpclip0026.png;_cpclip0027.png;_cpclip42_0001.png;_cpclip42_0002.png;_cpclip42_0003.png;_cpclip42_0014.png;_cpclip42_0004.png;_cpclip42_0005.png;_cpclip0151.png;_cppclip0002.png;_cppclip0003.png;_cpclip42_0006.png;_cpclip42_0007.png;_cpclip0118.png;_cpclip0119.png;_cpclip0117.png;_cpclip0155.png;_cpclip42_0008.png;_cpclip0156.png;_cpclip0143.png;embim2.png;embim3.png;_cpclip0031.png;_cpclip0032.png;_cpclip0033.png;_cpclip0034.png;_cpclip0035.png;_cpclip0036.png;_cpclip42_0009.png;_cpclip0168.png;_cpclip0061.png;_cpclip0062.png;_cpclip0152.png;_cpclip0104.png;_cpclip0106.png;_cpclip0105.png;_cpclip0107.png;_cpclip0108.png;_cpclip0109.png;_cpclip0110.png;_cpclip0063.png;_cpclip0121.png;_cpclip0122.png;_cpclip0111.png;_cpclip0112.png;_cpclip0113.png;_cpclip0161.png;_cpclip0162.png;_cpclip0163.png;_cpclip0164.png;_cpclip42_0010.png;_cpclip0060.png;clip1607.png;_cpclip0038.png;_cpclip0039.png;_cpclip0040.png;_cpclip0041.png;_cpclip0042.png;_cpclip0043.png;_cpclip0044.png;_cpclip0045.png;_cpclip0046.png;_cpclip0047.png;_cpclip0048.png;_cpclip0055.png;_cpclip0050.png;_cpclip0051.png;_cpclip0052.png;_cpclip0054.png;_cpclip42_0016.png;_cpclip42_0017.png;_cpclip0153.png;_cpclip0154.png
crossplotsfeatures.htm,Crossplot Format,70763,18601,42,25,_cpclip0025.png;_cpclip0069.png;ipcollapsearrow.png;clip1606.png;_cpclip00018.png;_cpclip00019.png;_cpclip00020.png;_cpclip0165.png;_cpclip0166.png;_cpclip0167.png;_cpclip0124.png;_cpclip0123.png;_cpclip0125.png;_cpclip0126.png;_cpclip0127.png;_cpclip0129.png;_cpclip0131.png;_cpclip0133.png;_cpclip0132.png;ipcollapsearrow.png;_cpclip0130.png;_cpclip0069.png;_cpclip0070.png;_cpclip0071.png;_cpclip0160.png
crossplottypes.htm,Crossplot Types,77513,17067,50,29,_cpclip0056.png;_cpclip42_0010.png;_cpclip42_0013.png;_cpclip0064.png;_cpclip0067.png;_cpclip0068.png;_cpclip0065.png;_cpclip0083.png;_cpclip0001.png;_cpclip0084.png;_cpclip0134.png;_cpclip0135.png;_cpclip0087.png;_cpclip0088.png;_cpclip0092.png;_cpclip0089.png;_cpclip0114.png;_cpclip0090.png;_cpclip0091.png;_cpclip0093.png;_cpclip0094.png;_cpclip0095.png;_cpclip0096.png;_cpclip0101.png;_cpclip0102.png;_cpclip0103.png;_cpclip0085.png;_cpclip0086.png;_cpclip0145.png
curve-masks.htm,Example curve masks,11184,1794,14,6,_plclip00228.png;_plclip00229.png;_plclip00230.png;_plclip00231.png;_plclip00232.png;_plclip00233.png
curve_autoedit.htm,Curve AutoEdit,56173,18966,23,11,_declip0107.png;_declip0097.png;_declip0098.png;_declip0099.png;_declip0100.png;_declip0101.png;_declip0102.png;_declip0103.png;_declip0104.png;_declip0105.png;_declip0106.png
curve_average.htm,Curve Average,19150,2327,22,7,_declip0039.png;_declip0082.png;_declip0083.png;_declip0084.png;_declip0085.png;_declip0077.png;_declip0086.png
curve_despike.htm,Curve Despike,11889,2772,10,2,_declip0095.png;_declip0096.png
curve_filter.htm,Curve Filter,24475,2869,19,2,_declip0040.png;embim4.png
curve_rescale.htm,Curve Rescale,9463,1304,10,2,_declip0041.png;_declip0076.png
curvefromzonesparameters.htm,Curves from Zones / Parameters,17926,3380,13,2,_ccclip0205.png;_ccclip1800.png
curveintegration.htm,Curve Integration,16349,3818,13,5,_ccclip0209.png;_ccclip1821.png;_ccclip1822.png;_ccclip1823.png;_ccclip1824.png
curvelisting.htm,Curve Listing/Curve Edit,39482,9392,25,12,_cmclip0116.png;cm_clip0001.png;cm_clip0008.png;cm_clip0007.png;_cmclip0099.png;_cmclip0100.png;_cmclip0101.png;_cmclip0103.png;_cmclip0102.png;_cmclip0106.png;_cmclip0107.png;_cmclip0108.png
curvemanagement.htm,Other Curve & Curve Set Options,22728,5416,8,0,
curvepredictionusingdta.htm,Domain Transfer Analysis,66579,15217,34,19,dtaclip0001_zoom50.png;dtaclip0002.png;dtaclip0003.png;dtaclip0004.png;dtaclip0005.png;dtaclip0006.png;dtaclip0007.png;dtaclip0008.png;dtaclip0009.png;dtaclip00013.png;dtaclip00015.png;dtaclip0009.png;dtaclip00012.png;dtaclip00014.png;dtaclip00015.png;dtaclip00010.png;dtaclip00011.png;dtaclip00016.png;dtaclip00018.png
cut-off_sensitivity_results.htm,Cutoff Sensitivity and Results,45407,12055,23,9,_cscclip0008_zoom50.png;_cscclip0009_zoom50.png;_cscclip0010_zoom50.png;_cscclip0011_zoom50.png;_cscclip0012.png;_cscclip0013.png;_cscclip0014.png;_cscclip0015.png;_cscclip0017.png
cutoffsandsummation.htm,Cut-off and Summations,173600,45235,77,43,_candsclip0007.png;_candsclip0008.png;_candsclip0033.png;_candsclip0032.png;_candsclip0010.png;_candsclip0040.png;_candsclip0009.png;_candsclip0011.png;_candsclip0013.png;_candsclip0012.png;_candsclip0035.png;_candsclip0005.png;_candsclip0006.png;_candsclip0004.png;_candsclip0036.png;_candsclip0003.png;_candsclip0034_zoom50.png;_candsclip0038_zoom50.png;_candsclip0039_zoom50.png;_candsclip0026.png;_candsclip0027.png;_candsclip0029.png;_candsclip0014.png;_candsclip0015.png;_candsclip0016.png;_candsclip0017.png;_candsclip0018.png;_candsclip0019.png;_candsclip0019.png;_candsclip0020.png;_candsclip0021.png;_candsclip0022.png;_candsclip0023.png;_candsclip0024.png;_candsclip0025.png;_candsclip0037.png;_candsclip0030.png;embim159.png;embim160.png;embim161.png;embim162.png;embim163.png;embim164.png
dataediting.htm,Edit Options,22697,5974,8,0,
dataloading.htm,Import Data,24331,6158,9,1,_dlclip00188.png
datasaving.htm,Export Data,207730,52233,103,52,_dsaclip0001.png;_dsaclip0028.png;_dsaclip0003.png;_dsaclip0029.png;_dsaclip0033.png;_dsaclip0034.png;_dsaclip0030.png;_dsaclip0031.png;_dsaclip0005.png;_dsaclip0032.png;_dsaclip0036.png;_dsaclip0003.png;_dsaclip0037.png;_dsaclip0035.png;_dsaclip0034.png;_dsaclip0038.png;_dsaclip0039.png;_dsaclip0005.png;_dsaclip0040.png;_dsaclip0041.png;_dsaclip0003.png;_dsaclip0042.png;_dsaclip0046.png;_dsaclip0034.png;_dsaclip0043.png;_dsaclip0044.png;_dsaclip0005.png;_dsaclip0045.png;_dsaclip0048.png;_dsaclip0003.png;_dsaclip0057.png;_dsaclip0049.png;_dsaclip0047.png;_dsaclip0034.png;_dsaclip0050.png;_dsaclip0051.png;_dsaclip0005.png;_dsaclip0052.png;_dsaclip0026.png;_dsaclip0058.png;_dsaclip0059.png;_dsaclip0060.png;_dsaclip0061.png;_dsaclip0062.png;_dsaclip0063.png;_dsaclip0064.png;_dsaclip0053.png;_dsaclip0054.png;_dsaclip0056.png;_dsaclip0055.png;_dsaclip0065.png;_dsaclip0066.png
dataviewing.htm,View Options,17836,4504,8,0,
dbase_4_loader.htm,DBASE 4 Loader,15918,2613,9,1,_dlclip00042.png
default_settings.htm,Default Settings,51385,15948,34,14,_tclip0003.png;_tclip0004.png;_tclip0005.png;_tclip0004.png;_tclip0006.png;_tclip0007.png;_tclip0007.png;_tclip0008.png;_tclip0009.png;_tclip0010.png;_tclip0011.png;_tclip0093_zoom50.png;_tclip0094.png;_tclip0095.png
define_monte_carlo_parameters.htm,Monte Carlo Uncertainty Analysis,137246,37792,71,41,_mceaclip0055.png;_mceaclip0048.png;_mceaclip0049.png;_mceaclip0052.png;_mceaclip0005.png;_mceaclip0070.png;_mceaclip0057.png;_mceaclip0058.png;_mceaclip0024.png;_mceaclip0039.png;_mceaclip0038.png;_mceaclip0042.png;_mceaclip0043.png;_mceaclip0016.png;_mceaclip0020.png;_mceaclip0071.png;_mceaclip0072.png;_mceaclip0041.png;_mceaclip0012.png;_mceaclip0021.png;_mceaclip0059.png;_mceaclip0061.png;_mceaclip0062.png;_mceaclip0063.png;_mceaclip0011.png;_mceaclip0067.png;_mceaclip0022.png;_mceaclip0066.png;_mceaclip0065.png;_mceaclip0015.png;_mceaclip0050.png;_mceaclip0073.png;_mceaclip0056.png;_mceaclip0074.png;_mceaclip0075.png;_mceaclip0076.png;_mceaclip0077.png;_mceaclip0078.png;_mceaclip0079.png;_mceaclip0080.png;_mceaclip0081.png
delete_parameter_set.htm,Delete Parameter Set,12050,1591,11,3,_psclip00019.png;_psclip00020.png;_wmclip0049.png
density_estimation.htm,Density Estimation,15593,2972,18,10,denew_clip0001.png;denew_clip0002.png;denew_clip0003.png;denew_clip0004.png;denew_clip0018.png;denew_clip0005.png;denew_clip0006.png;denew_clip0007.png;denew_clip0008.png;denew_clip0009.png
densityestimation2.htm,Density Estimation,13959,2174,10,2,_rpclip0009.png;_rpclip0072.png
depth-based_pl_passes_-_ascii_.htm,Depth-Based PL Passes - ASCII Format,17637,7390,13,5,_plclip00284.png;_plclip00285.png;_plclip00286.png;_plclip00287.png;_plclip00288.png
depth-based_pl_passes_-_las_fo.htm,Depth-Based PL Passes - LAS Format,12820,4386,13,5,_plclip00046.png;_plclip00047.png;_plclip00048.png;_plclip00049.png;_plclip00050.png
depth_shift_other_curves.htm,Depth Shift Other Curves,8512,925,9,1,_declip0093.png
depthshifting.htm,Depth Shifting,7768,891,8,0,
differentiate.htm,Differentiate,65059,7063,20,3,_upclip0022.png;_upclip0023.png;_upclip0021.png
discrete_depth_analysis.htm,Discrete Depth Analysis,135510,32409,89,60,rmnew_clip0003.png;rmnew_clip0002.png;rmnew_clip0018.png;rmnew_clip0162.png;rmnew_clip0164_zoom64.png;rmnew_clip0004.png;_geoclip00100.png;_geoclip00103.png;rmnew_clip0008.png;rmnew_clip0009.png;embim493.png;_geoclip00102.png;_geoclip00104.png;_geoclip00100.png;_geoclip00105.png;_geoclip00106.png;_geoclip00107.png;_geoclip00108.png;_geoclip00109.png;_geoclip00110_zoom65.png;_geoclip00046.png;_geoclip00049.png;_geoclip00050.png;rmnew_clip0010.png;rmnew_clip0006.png;rmnew_clip0007.png;_geoclip00139.png;_geoclip00151.png;_geoclip00150.png;_geoclip00132.png;_geoclip00127.png;_geoclip00125.png;_geoclip00129.png;_geoclip00128.png;_geoclip00140.png;_geoclip00131.png;_geoclip00134.png;_geoclip00118.png;_geoclip00111.png;_geoclip00112.png;_geoclip00154.png;_geoclip00155.png;_geoclip00190.png;_geoclip00113.png;_geoclip00114.png;_geoclip00115.png;_geoclip00119.png;_geoclip00120.png;_geoclip00121.png;_geoclip00122.png;_geoclip00123.png;_geoclip00141.png;_geoclip00142.png;_geoclip00143.png;_geoclip00144.png;_geoclip00145.png;_geoclip00146.png;_geoclip00147.png;_geoclip00148.png;_geoclip00149.png
dlis_loader.htm,DLIS Load,77713,17219,38,22,_dlclip0173.png;_dlclip0099.png;_dlclip00048.png;_dlclip0119.png;_dlclip0121.png;_dlclip00049.png;_dlclip0175.png;_dlclip00050.png;_dlclip0004.png;_dlclip00057.png;_dlclip00058.png;_dlclip0174.png;_dlclip00052.png;_dlclip00053.png;_dlclip00055.png;_dlclip00056.png;_dlclip00059.png;_dlclip0167.png;_dlclip0168.png;_dlclip0169.png;_dlclip0170.png;_dlclip0172.png
drilling-data-in-the-well-head.htm,Drilling Data in the Well Header,10894,2674,9,1,_geoclip00157.png
dxc_to_pressure.htm,Dxc to Pressure,31076,8614,28,16,ppfg_090.png;ppfg_091.png;ppfg_092.png;ppfg_093.png;ppfg_094.png;ppfg_095.png;ppfg_096.png;ppfg_097.png;ppfg_098.png;ppfg_099.png;ppfg_100.png;ppfg_101.png;ppfg_102.png;ppfg_103.png;ppfg_104.png;ppfg_100.png
easteuroperescorrections.htm,Eastern European Resistivity Corrections,110286,41311,128,118,_eercclip0009.png;_eercclip0016.png;_eercclip0010.png;_eercclip0011.png;_eercclip0012.png;_eercclip0013.png;_eercclip0016.png;_eercclip0014.png;embim289.png;_eercclip0001.png;embim290.png;embim291.png;embim292.png;embim293.png;embim294.png;_eercclip0002.png;embim295.png;embim296.png;embim297.png;embim298.png;embim299.png;embim300.png;_eercclip0003.png;embim301.png;embim302.png;_eercclip0004.png;_eercclip0005.png;embim303.png;embim304.png;embim305.png;embim306.png;embim307.png;embim308.png;embim309.png;embim310.png;embim311.png;embim312.png;embim313.png;embim314.png;embim315.png;embim316.png;embim317.png;embim318.png;embim319.png;embim320.png;embim321.png;embim322.png;embim323.png;embim324.png;embim325.png;embim326.png;embim327.png;embim328.png;embim329.png;embim330.png;embim331.png;embim332.png;embim333.png;embim334.png;embim335.png;embim336.png;embim337.png;embim338.png;embim339.png;embim340.png;embim341.png;embim342.png;embim343.png;embim344.png;embim345.png;embim346.png;embim347.png;embim348.png;embim349.png;embim350.png;embim351.png;embim352.png;embim353.png;embim354.png;embim355.png;embim356.png;embim357.png;embim358.png;embim359.png;embim360.png;embim361.png;embim362.png;embim363.png;embim364.png;embim365.png;embim366.png;embim367.png;_eercclip0006.png;embim368.png;embim369.png;embim370.png;embim371.png;embim372.png;embim373.png;embim374.png;embim375.png;embim376.png;embim377.png;embim378.png;embim379.png;embim380.png;embim381.png;embim382.png;embim383.png;embim384.png;embim385.png;embim386.png;embim387.png;embim388.png;embim389.png;embim390.png;embim391.png;_eercclip0007.png
edit-plot-limits.htm,Edit Plot Limits,8667,993,11,3,_plclip00218.png;_plclip00219.png;_plclip00220.png
edit-user-app.htm,Edit User App,7413,258,9,1,_upclip0059.png
editplotannotationsandlogtitle.htm,Edit Plot Annotations and Log Title,32106,8572,13,5,_plclip00210.png;_plclip00211.png;_plclip00212.png;_plclip00213.png;_plclip00214.png
elastic_impedance.htm,Elastic Impedance,22712,3413,27,13,embim611.png;embim612.png;embim613.png;embim614.png;_rpclip0040.png;_rpclip0041.png;_rpclip0042.png;embim615.png;_rpclip0043.png;_rpclip0044.png;_rpclip0045.png;_rpclip0046.png;_rpclip0048.png
environmentalcorrections.htm,Environmental Corrections,123627,38403,64,41,_encclip0022.png;_encclip0001.png;_encclip0023.png;_encclip0024.png;_encclip0025.png;_encclip0026.png;_encclip0027.png;_encclip0028.png;_encclip0029.png;_encclip0030.png;_encclip0031.png;_encclip0032.png;_encclip0033.png;_encclip0021_zoom50.png;_encclip0005.png;_encclip0011.png;_encclip0021.png;_encclip0012.png;_encclip0006.png;_encclip0021.png;_encclip0007.png;_encclip0009.png;_encclip0021.png;_encclip0010.png;_encclip0013.png;_encclip0021.png;_encclip0014.png;_encclip0015.png;_encclip0021.png;_encclip0016.png;_encclip0018.png;_encclip0021.png;_encclip0017.png;_encclip0019.png;_encclip0021.png;_encclip0020.png;_encclip0034.png;_encclip0001.png;_encclip0002.png;_encclip0003.png;_encclip0004.png
example-user-apps.htm,Example User Apps,8435,601,8,0,
expanded_plot_mode.htm,Expanded Plot Mode,6816,652,8,0,
experiencedeye.htm,Experienced Eye,76800,23788,53,35,_eeimage1_zoom50.png;_eeimage2.png;_eeimage3.png;_eeimage4.png;_eeimage5.png;_eeimage6.png;_eeimage7.png;_eeimage8.png;_eeimage35.png;_eeimage9.png;_eeimage10.png;_eeimage11.png;_eeimage12_zoom50.png;_eeimage13.png;_eeimage14.png;_eeimage15.png;_eeimage16_zoom50.png;_eeimage17.png;_eeimage18.png;_eeimage19_zoom75.png;_eeimage20.png;_eeimage21.png;_eeimage22.png;_eeimage23.png;_eeimage24.png;_eeimage25.png;_eeimage26.png;_eeimage27.png;_eeimage28_zoom75.png;_eeimage29.png;_eeimage30.png;_eeimage31.png;_eeimage32.png;_eeimage33_zoom50.png;_eeimage34_zoom50.png
export.htm,Export,8176,1395,8,0,
fileoptions.htm,Database Options,74573,18794,59,34,_diclip0041.png;_diclip0044.png;_diclip0045.png;_diclip0042.png;_diclip0043.png;_diclip0001.png;_diclip00354.png;_diclip0035.png;_diclip00354.png;_diclip0022.png;_diclip0023.png;_diclip0004.png;_diclip0005.png;_diclip0006.png;_diclip0027.png;_diclip0025.png;_diclip0024.png;_diclip0007.png;_diclip0038.png;_diclip0037.png;_diclip0008.png;_diclip0009.png;_diclip0010.png;_diclip0011.png;_diclip0028.png;_diclip0012.png;_diclip0013.png;_diclip0036.png;_diclip0033.png;_diclip0034.png;_diclip0015.png;_diclip0031.png;_diclip0039.png;_diclip0040.png
fill_data_gaps.htm,Fill Data Gaps,12168,2275,9,1,_declip0042.png
flow_from_temperature.htm,Flow From Temperature,40149,14342,18,10,_plclip00157.png;_plclip00158.png;_plclip00159.png;_plclip00160.png;_plclip00161.png;_plclip00162.png;_plclip00163.png;_plclip00164.png;_plclip00165.png;_plclip00297.png
fluidsubstitution.htm,Fluid Substitution,93839,22108,99,79,_rpclip0011.png;_rpclip0012.png;_rpclip0013.png;_rpclip0014.png;_rpclip0015.png;_rpclip0016.png;_rpclip0017.png;_rpclip0018.png;_rpclip0019.png;_rpclip0021.png;_rpclip0072.png;_rpclip0022.png;_rpclip0071_zoom50.png;embim509.png;embim510.png;embim511.png;embim512.png;embim513.png;embim514.png;embim515.png;embim516.png;embim517.png;embim518.png;embim519.png;embim520.png;embim521.png;embim522.png;embim523.png;embim524.png;embim525.png;embim526.png;embim527.png;embim528.png;embim529.png;embim530.png;embim531.png;embim532.png;embim533.png;embim534.png;embim535.png;embim536.png;embim537.png;embim538.png;embim539.png;embim540.png;embim541.png;embim542.png;embim543.png;embim544.png;embim545.png;embim546.png;embim547.png;embim548.png;embim549.png;embim550.png;embim551.png;embim552.png;embim553.png;embim554.png;embim555.png;embim556.png;embim557.png;embim558.png;embim559.png;embim560.png;embim561.png;embim562.png;embim563.png;embim564.png;embim565.png;embim566.png;embim567.png;embim568.png;embim569.png;_rpclip0073.png;_rpclip0074.png;embim570.png;embim571.png;embim572.png
formation_test_analysis.htm,Formation Test Analysis,35071,8373,23,7,_ftaclip00105.png;_ftaclip00106.png;_ftaclip00107.png;_ftaclip00108.png;_ftaclip00101.png;_ftaclip00102.png;_cpclip0164.png
fracture_gradient.htm,Fracture Gradient,15911,3509,11,3,ppfg_105.png;ppfg_106.png;ppfg_107.png
fractures_and_fault_stress.htm,Fractures and Fault Stress,31627,10386,23,15,rmnew_clip0018.png;rmnew_clip0183.png;rmnew_clip0184.png;rmnew_clip0185.png;rmnew_clip0187.png;rmnew_clip0186.png;rmnew_clip0190.png;rmnew_clip0188.png;rmnew_clip0189.png;rmnew_clip0200_zoom75.png;rmnew_clip0202.png;rmnew_clip0203.png;rmnew_clip0201_zoom75.png;rmnew_clip0197_zoom75.png;rmnew_clip0199_zoom75.png
ft_create_and_analyse_a_formation.htm,Create and Analyse a Formation Test Project,43582,11851,49,34,_ftaclip0018.png;_ftaclip00056.png;_ftaclip00103.png;_ftaclip0020.png;_ftaclip00073.png;_ftaclip00074.png;_ftaclip00075.png;_ftaclip00076.png;_ftaclip0017.png;_ftaclip00059.png;_ftaclip00098.png;_ftaclip00094.png;_ftaclip00095.png;_ftaclip00096.png;_ftaclip00097.png;_ftaclip00099.png;_ftaclip00100.png;_ftaclip00078.png;_ftaclip00079.png;_ftaclip00080.png;_ftaclip00081.png;_ftaclip00082.png;_ftaclip00083.png;_ftaclip00084.png;_ftaclip00085.png;_ftaclip00081.png;_ftaclip00086.png;_ftaclip00087.png;_ftaclip00088.png;_ftaclip00089.png;_ftaclip00090.png;_ftaclip00091.png;_ftaclip00092.png;_ftaclip00093.png
ft_define_the_formation_testing_p.htm,Define the Formation Testing Parameters,61273,10802,36,12,_ftaclip00058.png;_ftaclip00063.png;_ftaclip00060.png;_ftaclip00064.png;_ftaclip00065.png;_ftaclip00067.png;_ftaclip00069.png;_ftaclip00070.png;_ftaclip00071.png;_ftaclip00072.png;_ftaclip00062.png;_ftaclip00061.png
ft_equations_and_methodology.htm,Formation Testing Equations and Methodology,24102,4595,30,18,_ftaclip0042.png;_ftaclip0043.png;_ftaclip0044.png;_ftaclip0045.png;_ftaclip00104.png;_ftaclip0046.png;_ftaclip0047.png;_ftaclip0048.png;_ftaclip0049.png;_ftaclip0050.png;_ftaclip00104.png;_ftaclip0051.png;_ftaclip0052.png;_ftaclip0053.png;_ftaclip0054.png;_ftaclip00104.png;_ftaclip00104.png;embim392.png
gas_analysis.htm,Gas Analysis,22016,5368,14,5,gasanalysis#1.png;gasanalysis#2.png;gasanalysis#3.png;_ccclip1805.png;_ccclip1806_zoom85.png
geoengineering.htm,Geomechanics,13070,2598,9,1,_geclip0001.png
geolog_ascii_loader.htm,Geolog ASCII Load,57518,12571,42,23,_dlclip0151.png;_dlclip0165.png;_dlclip0153.png;_dlclip0154.png;_dlclip0155.png;_dlclip00195.png;_dlclip0156.png;_dlclip0157.png;_dlclip0158.png;_dlclip0159.png;_dlclip00201.png;_dlclip0160.png;_dlclip00202.png;_dlclip0161.png;_dlclip00203.png;_dlclip0166.png;_dlclip0176.png;_dlclip00196.png;_dlclip00197.png;_dlclip00198.png;_dlclip00199.png;_dlclip00200.png;_dlclip0162.png
geosteering.htm,Geosteering,89484,17771,90,64,_gsclip0001.png;_gsclip0002.png;_gsclip0003.png;_gsclip0004.png;_gsclip0005.png;_gsclip0006.png;_gsclip0007_zoom83.png;_gsclip0008.png;_gsclip0009.png;_gsclip0010.png;_gsclip0011_zoom60.png;_gsclip0012.png;_gsclip0013.png;_gsclip0014.png;_gsclip0015.png;_gsclip0016_zoom86.png;_gsclip0017.png;_gsclip0018.png;_gsclip0019.png;_gsclip0021.png;_gsclip0022.png;_gsclip0023.png;_gsclip0024.png;_gsclip0025.png;_gsclip0026.png;_gsclip0020.png;_gsclip0027.png;_gsclip0028.png;_gsclip0029.png;_gsclip0030.png;_gsclip0031.png;_gsclip0032.png;_gsclip0033.png;_gsclip0034.png;_gsclip0035.png;_gsclip0036.png;_gsclip0037.png;_gsclip0038.png;_gsclip0039.png;_gsclip0040.png;_gsclip0041.png;_gsclip0042.png;_gsclip0043.png;_gsclip0044.png;_gsclip0045.png;_gsclip0046.png;_gsclip0047.png;_gsclip0048.png;_gsclip0049.png;_gsclip0050.png;_gsclip0051.png;_gsclip0052.png;_gsclip0053.png;_gsclip0054.png;_gsclip0055.png;_gsclip0056.png;_gsclip0057_zoom88.png;_gsclip0058.png;_gsclip0059.png;_gsclip0060.png;_gsclip0061.png;_gsclip0062.png;_gsclip0063.png;_gsclip0064.png
gettinghelpforip.htm,Getting Help for IP,37843,8664,23,8,_iarclip0011.png;_iarclip0012.png;_iarclip0013.png;_iarclip0014.png;_iarclip0106.png;_iarclip0082.png;_iarclip0108.png;_iarclip0017.png
global_parameters.htm,Global Parameters,58287,19763,49,36,_mwclip00231.png;_mwclip00232.png;_mwclip00238.png;_mwclip00237.png;_mwclip00236.png;_mwclip00233.png;_mwclip00234.png;_mwclip00235.png;_mwclip00256.png;_mwclip00257.png;_mwclip00258.png;_mwclip00259.png;_mwclip00260.png;_mwclip00261.png;_mwclip00262.png;_mwclip00263.png;_mwclip00264.png;_mwclip00265.png;_mwclip00266.png;_mwclip00239.png;_mwclip00240.png;_mwclip00241.png;_mwclip00242.png;_mwclip00243.png;_mwclip00244.png;_mwclip00245.png;_mwclip00246.png;_mwclip00247.png;_mwclip00248.png;_mwclip00249.png;_mwclip00250.png;_mwclip00251.png;_mwclip00252.png;_mwclip00253.png;_mwclip00254.png;_mwclip00255.png
graphical_workflow_manager.htm,Graphical Workflow Manager,29766,7938,18,8,_gwmclip0001.png;_gwmclip0002.png;_gwmclip0003.png;_gwmclip0004.png;_gwmclip0005.png;_gwmclip0006.png;_gwmclip0007.png;_gwmclip0008.png
hfu.htm,Hydraulic Flow Units,83877,35656,70,55,_hfuclip0001.png;_hfuclip0002.png;_hfuclip0003.png;_hfuclip0004.png;_hfuclip0005.png;_hfuclip0006.png;_hfuclip0007.png;_hfuclip0008.png;_hfuclip0009.png;_hfuclip0010.png;_hfuclip0011.png;_hfuclip0012.png;_hfuclip0013.png;_hfuclip0014.png;_hfuclip0015.png;_hfuclip0016.png;_hfuclip0017.png;_hfuclip0018.png;_hfuclip0019.png;_hfuclip0020.png;_hfuclip0021.png;_hfuclip0022.png;_hfuclip0023.png;_hfuclip0024.png;_hfuclip0025.png;_hfuclip0026.png;_hfuclip0027.png;_hfuclip0028.png;_hfuclip0029.png;_hfuclip0030.png;_hfuclip0031.png;_hfuclip0032.png;_hfuclip0033.png;_hfuclip0034.png;_hfuclip0035.png;_hfuclip0036.png;_hfuclip0037.png;_hfuclip0038.png;_hfuclip0039.png;_hfuclip0040.png;_hfuclip0041.png;_hfuclip0042.png;_hfuclip0043.png;_hfuclip0044.png;_hfuclip0045.png;_hfuclip0046.png;_hfuclip0047.png;_hfuclip0048.png;_hfuclip0049.png;_hfuclip0050.png;_hfuclip0051.png;_hfuclip0052.png;_hfuclip0053.png;_hfuclip0054.png;_hfuclip0055.png
histogram.htm,Histograms,165078,42140,105,79,_hsclip0001.png;_hsclip0058.png;_hsclip0059.png;_hsclip0008_zoom50.png;_hsclip0009.png;_hsclip0010_zoom50.png;_hsclip0091.png;_hsclip0012_zoom50.png;_hsclip0013_zoom50.png;_hsclip0042.png;_hsclip0043.png;_hsclip0045.png;_hsclip0048.png;_hsclip0044_zoom50.png;_hsclip0047_zoom50.png;_hsclip0049_zoom50.png;_hsclip0050_zoom50.png;_hsclip0052_zoom50.png;_hsclip0051_zoom50.png;_hsclip0046_zoom50.png;_hsclip0015.png;_hsclip0041.png;_hsclip0017.png;_hsclip0019_zoom50.png;_hsclip0020_zoom50.png;_hsclip0060_zoom50.png;_hsclip0021_zoom50.png;_hsclip0006_zoom50.png;_hsclip0023_zoom50.png;_hsclip0022_zoom50.png;_hsclip0024_zoom50.png;_hsclip0025_zoom50.png;_hsclip0027_zoom50.png;_hsclip0003.png;_hsclip0004_zoom50.png;_hsclip0005_zoom50.png;_hsclip0007_zoom50.png;_hsclip0090.png;_hsclip0061_zoom50.png;_hsclip0055_zoom50.png;_hsclip0056.png;_hsclip0057.png;_hsclip0028_zoom50.png;_hsclip0030_zoom50.png;_hsclip0031_zoom50.png;_hsclip0032.png;_hsclip0033.png;_hsclip0034.png;_hsclip0062.png;_hsclip0063.png;_hsclip0064.png;_hsclip0065.png;_hsclip0066.png;_hsclip0067.png;_hsclip0068.png;_hsclip0069.png;_hsclip0070.png;_hsclip0071.png;_hsclip0072.png;_hsclip0073.png;_hsclip0074_zoom75.png;_hsclip0075_zoom75.png;_hsclip0076.png;_hsclip0077_zoom75.png;_hsclip0078_zoom75.png;_hsclip0079_zoom75.png;_hsclip0080_zoom75.png;_hsclip0092.png;_hsclip0081.png;_hsclip0082.png;_hsclip0083.png;_hsclip0084.png;_hsclip0085.png;_hsclip0086_zoom75.png;_hsclip0087_zoom75.png;_hsclip0088_zoom75.png;_hsclip0089.png;ipcollapsearrow_zoom101.png;clip1777.png
historymodule.htm,Manage Well History,34299,6992,37,26,history-module-1.png;history-module-2.png;_wmclip0033.png;history-module-3.png;history-module-4.png;history-module-5.png;history-module-6.png;history-module-7.png;history-module-9.png;_wmclip0056.png;_wmclip0057.png;_wmclip0058.png;_wmclip0059.png;_wmclip0060.png;_wmclip0061.png;_wmclip0062.png;_wmclip0063.png;_wmclip0064.png;_wmclip0065.png;_wmclip0066.png;_wmclip0067.png;_wmclip0068.png;_wmclip0069.png;_wmclip0070.png;_wmclip0071.png;_wmclip0072.png
ic-mapping.htm,IC Mapping,7985,1792,8,0,
image-corrections-and-processi.htm,Image Corrections and Processing,75563,23026,29,17,_iaclip00322_zoom60.png;_iaclip00323_zoom50.png;_iaclip00324_zoom50.png;_iaclip00523.png;_iaclip00131_zoom50.png;_iaclip00130_zoom50.png;_iaclip00502.png;_iaclip00477.png;_iaclip00481.png;_iaclip00488.png;_iaclip00487.png;_iaclip00489.png;_iaclip00473.png;_iaclip00474.png;_iaclip00475.png;_iaclip00476.png;_iaclip00329.png
image_analysis.htm,Image Analysis,51259,13722,21,2,_iaclip00015_zoom50.png;_iaclip00045.png
image_toolkit.htm,Image Toolkit,25577,5946,17,9,_iaclip00490.png;_iaclip00491.png;_iaclip00492.png;_iaclip00500.png;_iaclip00499.png;_iaclip00520.png;_iaclip00521.png;_iaclip00501.png;_iaclip00522.png
imageanalysisandpicks.htm,Image Analysis and Picks,233451,51693,202,123,_iaclip00017.png;_iaclip00132.png;_iaclip00133.png;_iaclip00134.png;_iaclip00435.png;_iaclip00136.png;_iaclip00137.png;_iaclip00138.png;_iaclip00139.png;_iaclip00140.png;_iaclip00141.png;_iaclip00142.png;_iaclip00143.png;_iaclip00375.png;_iaclip00207_zoom71.png;_iaclip00145.png;_iaclip00376.png;_iaclip00335.png;_iaclip00336.png;_iaclip00337.png;_iaclip00338.png;_iaclip00339.png;_iaclip00217.png;_iaclip00180.png;_iaclip00181.png;_iaclip00183.png;_iaclip00383.png;_iaclip00382.png;_iaclip00480.png;_iaclip00146.png;_iaclip00379.png;_iaclip00380.png;_iaclip00381.png;_iaclip00192.png;_iaclip00189.png;_iaclip00190.png;_iaclip00446.png;_iaclip00358.png;_iaclip00359.png;_iaclip00361.png;_iaclip00362.png;_iaclip00207.png;_iaclip00377.png;_iaclip00378.png;_iaclip00373.png;_iaclip00374.png;_iaclip00369.png;_iaclip00370.png;_iaclip00363.png;_iaclip00364.png;_iaclip00365.png;_iaclip00366.png;_iaclip00367.png;_iaclip00368.png;_iaclip00447.png;ipcollapsearrow.png;_iaclip00448.png;_iaclip00311.png;_iaclip00312.png;_iaclip00316.png;_iaclip00313.png;_iaclip00314.png;_iaclip00315.png;_iaclip00128.png;_iaclip00129.png;_iaclip00119.png;_iaclip00124.png;_iaclip00125.png;_iaclip00070.png;_iaclip00071.png;_iaclip00072.png;_iaclip00436.png;_iaclip00058.png;_iaclip00194.png;_iaclip00046.png;_iaclip00467.png;_iaclip00195.png;_iaclip00047.png;_iaclip00196.png;_iaclip00048.png;_iaclip00436.png;_iaclip00074.png;_iaclip00075.png;_iaclip00076.png;_iaclip00317.png;_iaclip00197.png;_iaclip00049.png;_iaclip00198.png;_iaclip00050.png;_iaclip00318.png;_iaclip00199.png;_iaclip00051.png;_iaclip00320.png;_iaclip00321.png;_iaclip00319.png;_iaclip00078.png;_iaclip00079.png;_iaclip00080.png;_iaclip00513.png;_iaclip00060.png;_iaclip00200.png;_iaclip00052.png;_iaclip00201.png;_iaclip00053.png;_iaclip00202.png;_iaclip00054.png;_iaclip00513.png;_iaclip00514.png;_iaclip00082.png;_iaclip00061.png;_iaclip00203.png;_iaclip00055.png;_iaclip00084.png;_iaclip00062.png;_iaclip00204.png;_iaclip00056.png;_iaclip00086.png;_iaclip00063.png;_iaclip00205.png;_iaclip00057.png;_iaclip00330.png;_iaclip00331.png;_iaclip00332.png
imageanalysisoverview.htm,Image Analysis Overview,167698,39430,121,75,_iaclip0003.png;_iaclip0004.png;_iaclip0005_zoom50.png;_iaclip0006_zoom50.png;_iaclip0007_zoom50.png;_iaclip0008_zoom50.png;_iaclip00235_zoom50.png;_iaclip00010.png;_iaclip00011.png;_iaclip00012_zoom50.png;_iaclip00483.png;_iaclip00230_zoom50.png;_iaclip00017.png;_iaclip00018_zoom80.png;_iaclip00019.png;_iaclip00020_zoom90.png;_iaclip00021_zoom90.png;_iaclip00231_zoom50.png;_iaclip00023_zoom50.png;_iaclip00024.png;_iaclip00025.png;_iaclip00026_zoom85.png;_iaclip00027_zoom85.png;_iaclip00028_zoom85.png;_iaclip00029_zoom90.png;_iaclip00030.png;_iaclip00038.png;_iaclip00037.png;_iaclip00039_zoom90.png;_iaclip00040_zoom90.png;_iaclip00449.png;_iaclip00087.png;_iaclip00100_zoom80.png;_iaclip00088.png;_iaclip00098.png;_iaclip00099.png;_iaclip00358_zoom90.png;_iaclip00359_zoom90.png;_iaclip00374.png;_iaclip00361.png;_iaclip00110.png;_iaclip00111.png;_iaclip00128.png;_iaclip00119.png;_iaclip00120.png;_iaclip00121.png;_iaclip00017.png;_iaclip00132.png;_iaclip00133.png;_iaclip00134.png;_iaclip00135_zoom90.png;_iaclip00137.png;_iaclip00138.png;_iaclip00139.png;_iaclip00140.png;_iaclip00141.png;_iaclip00142.png;_iaclip00143.png;_iaclip00144.png;_iaclip00145.png;_iaclip00146.png;_iaclip00180.png;_iaclip00181_zoom90.png;_iaclip00433_zoom90.png;_iaclip00183.png;_iaclip00383.png;_iaclip00382.png;_iaclip00480.png;_iaclip00380.png;_iaclip00379.png;_iaclip00381.png;_iaclip00192.png;_iaclip00189.png;_iaclip00190.png;_iaclip00394.png
import-wells-from-zip-file.htm,Import Wells from ZIP file,9002,1842,11,3,_dlclip00238.png;_dlclip00237.png;_dlclip00239.png
import_oh.htm,Import OH,8288,1408,9,1,_plclip00283.png
import_pl.htm,Import PL,9585,2252,8,0,
import_pl_for_sondex_maps_tool.htm,Import PL for Sondex MAPS tools,9345,1740,12,4,_plclip00305.png;_plclip00306.png;_plclip00307.png;_plclip00308.png
importing_plwin_wells.htm,Importing PLWin Wells,7548,1017,9,1,_plclip00302.png
input___output.htm,Import / Export,20565,5874,8,0,
installandregisterip.htm,Install and Register IP,117038,25131,75,50,intro_clip0111.png;_iarclip0114.png;_iarclip0113.png;_iarclip0165.png;_iarclip0166.png;_iarclip0168.png;_iarclip0169.png;_iarclip0170.png;_iarclip0171.png;_iarclip0172.png;_iarclip0173.png;_iarclip0174.png;_iarclip0175.png;_iarclip0176.png;_iarclip0177.png;_iarclip0178.png;_iarclip0167.png;_iarclip0179.png;_iarclip0180.png;_iarclip0181.png;_iarclip0182.png;_iarclip0183.png;_iarclip0184.png;intro_clip0112.png;intro_clip0113.png;intro_clip0114.png;_iarclip0113.png;intro_clip0115.png;_iarclip0121.png;_iarclip0120.png;_iarclip0122.png;_iarclip0123.png;_iarclip0185.png;_iarclip0186.png;_iarclip0187.png;_iarclip0189.png;_iarclip0113.png;_iarclip0129.png;_iarclip0190.png;_iarclip0130.png;_iarclip0131.png;_iarclip0132.png;_iarclip0133.png;_iarclip0128.png;_iarclip0188.png;_iarclip0117.png;_iarclip0118.png;_iarclip0119.png;_iarclip0134.png;_iarclip0137.png
interactive_bulk_depth_shift.htm,Interactive Bulk Depth Shift,11279,1892,9,1,_declip0094.png
interactive_curves_edit.htm,Interactive Curve Edit,43905,13024,36,23,_declip0016.png;_declip0017.png;_declip0018.png;_declip0019.png;_declip0021.png;_declip0022.png;_declip0020.png;_declip0023.png;_declip0024.png;_declip0025.png;_declip0026.png;_declip0116.png;_declip0027.png;_declip0028.png;_declip0029.png;_declip0030.png;_declip0031.png;_declip0032.png;_declip0034.png;_declip0033.png;_declip0035.png;_declip0088.png;_declip0089.png
interactive_curves_splice.htm,Interactive Curve Splice,26083,4968,22,6,_declip0064.png;_declip0065.png;_declip0066.png;_declip0067.png;_declip0068.png;_declip0061.png
interactiveblockdepthshift.htm,Interactive Block Depth Shift,11731,2475,17,9,_plclip00060.png;_plclip00061.png;_plclip00062.png;_plclip00063.png;_plclip00053.png;_plclip00054.png;_plclip00064.png;_plclip00065.png;_plclip00066.png
interactivecurveedit.htm,Interactive Curve Edit,12326,2511,17,9,_plclip00051.png;_plclip00052.png;_plclip00053.png;_plclip00054.png;_plclip00055.png;_plclip00056.png;_plclip00057.png;_plclip00058.png;_plclip00059.png
interactivedepthshift.htm,Interactive Depth Shift,53633,19980,33,17,_declip0054.png;_declip0055.png;_declip0056.png;_declip0058.png;_declip0090.png;_declip0091.png;_declip0043.png;_declip0044.png;_declip0046.png;_declip0047.png;_declip0048.png;_declip0049.png;_declip0051.png;_declip0050.png;_declip0091.png;_declip0092.png;_declip0053.png
interactivefilter.htm,Interactive Filter,15737,5039,16,8,_plclip00068.png;_plclip00067.png;_plclip00054.png;_plclip00069.png;_plclip00070.png;_plclip00071.png;_plclip00072.png;_plclip00073.png
interp-demo.htm,Interp-Demo,1009164,72349,40,16,_upclip0005.png;_upclip0062.png;_upclip0063.png;_upclip0064.png;_upclip0012.png;_upclip0065.png;_upclip0014.png;_upclip0066.png;_upclip0016.png;_upclip0017.png;_upclip0029.png;_upclip0030.png;_upclip0031.png;_upclip0032.png;_upclip0033.png;_upclip0034.png
interpretation.htm,Interpretation,23663,6645,10,2,_intclip0001.png;_intclip0002.png
intervalloader.htm,Using the Interval Loader,56698,9827,20,9,_dlclip0081.png;_dlclip0082.png;_dlclip0083.png;_dlclip0177.png;_dlclip0084.png;_dlclip0178.png;_dlclip0085.png;_dlclip0086.png;_dlclip0087.png
intro_curves_and_curve_sets.htm,Curves and Curve Sets,24084,5347,19,8,_iarclip0008.png;_iarclip0091.png;_iarclip0009.png;_iarclip0095_zoom70.png;_iarclip0095_zoom70.png;_iarclip0147.png;_iarclip0097_zoom70.png;_iarclip0145.png
intro_database_browser.htm,Database Browser,75492,13849,39,17,_iarclip0031.png;_iarclip0032.png;_iarclip0049.png;_iarclip0162.png;_iarclip0163.png;_iarclip0080.png;_iarclip0079.png;_iarclip0164.png;_iarclip0040.png;_iarclip0139.png;_iarclip0075.png;_iarclip0140.png;_iarclip0078.png;_iarclip0033.png;_iarclip0034.png;_iarclip0148.png;_iarclip0037.png
intro_discalimer_of_warranty.htm,Disclaimer of Warranty,8334,1798,8,0,
intro_file_formats.htm,File Formats,56060,3811,10,0,
intro_getting_started_-_step_by_step.htm,Start to use IP,87641,24025,32,13,_diclip0001.png;_diclip00354.png;_diclip0035.png;_diclip00354.png;_diclip0022.png;_diclip0023.png;_diclip0004.png;_diclip0005.png;_diclip0006.png;_diclip0027.png;_wmclip0001.png;_wmclip0002.png;_wmclip0003.png
intro_new_modern_ui.htm,New Modern UI,36080,9983,40,32,_uiclip0001_zoom60.png;_uiclip0030.png;_uiclip0020.png;_uiclip0002.png;_uiclip0003.png;_uiclip0004.png;_uiclip0005.png;_uiclip0006.png;_uiclip0007.png;_uiclip0008.png;_uiclip0009.png;_uiclip0010.png;_uiclip0014.png;_uiclip0013.png;_uiclip0032.png;_uiclip0012.png;_uiclip0011.png;_uiclip0015.png;_uiclip0017.png;_uiclip0016.png;_uiclip0019.png;_uiclip0018.png;_uiclip0021.png;_uiclip0029.png;_uiclip0027.png;_uiclip0025.png;_uiclip0023.png;_uiclip0026.png;_uiclip0022.png;_uiclip0031.png;_uiclip0024.png;_uiclip0028.png
intro_short-cut-keys.htm,Short Cut Keys,8792,1653,8,0,
intro_text_boxes.htm,Text Boxes,25600,4865,18,7,_iarclip0090.png;_iarclip0092.png;_iarclip0093.png;_iarclip0094.png;_iarclip0008.png;_iarclip0091.png;_iarclip0009.png
intro_toolbars_and_menus.htm,Toolbars and Menus,18750,1890,15,2,_iarclip0087.png;_iarclip0089.png
intro_useful_links.htm,Useful Links,20791,2060,15,0,
intro_whats_new_in_ip.htm,What's New in IP,390110,59598,133,7,_iarclip0159.png;_iarclip0154.png;_iarclip0155.png;_iarclip0160_zoom75.png;_iarclip0156.png;_iarclip0157.png;_iarclip0158.png
ip_query.htm,IP Query,22500,3864,18,7,_ipqclip0001.png;_ipqclip0002.png;_ipqclip0003.png;_ipqclip0004.png;_ipqclip0005.png;_ipqclip0006.png;_ipqclip0007.png
kingdom_importer.htm,Kingdom Importer,31800,5703,23,8,_dlclip00217.png;_dlclip00218.png;_dlclip00219.png;_dlclip00220.png;_dlclip00221.png;_dlclip00222.png;_dlclip00223.png;_dlclip00224.png
laminated_sands_workflow.htm,Laminated Sands Workflow,21436,3756,18,10,_pawsclip0117.png;_pawsclip0118.png;_pawsclip0121.png;_pawsclip0122.png;_pawsclip0094.png;_pawsclip0098.png;_pawsclip0125.png;_pawsclip0126.png;_pawsclip0127.png;_pawsclip0128.png
laminatedfluidsubs.htm,Laminated Reservoir Fluid Substitution,129417,42188,105,74,_rpclip0159.png;_rpclip0025.png;_rpclip0026.png;_rpclip0027.png;_rpclip0028.png;_rpclip0029.png;_rpclip0030.png;_rpclip0032.png;_rpclip0033.png;_rpclip0035.png;_rpclip0034.png;_rpclip0036.png;embim573.png;embim574.png;embim575.png;embim576.png;embim577.png;embim578.png;embim579.png;embim580.png;embim581.png;embim582.png;embim583.png;embim584.png;embim585.png;_rpclip0037.png;_rpclip0038.png;embim586.png;embim587.png;embim588.png;embim589.png;embim590.png;embim591.png;_rpclip0049.png;embim592.png;embim593.png;embim594.png;embim595.png;embim596.png;embim597.png;embim598.png;embim599.png;_rpclip0050.png;embim600.png;embim601.png;embim602.png;embim603.png;embim604.png;_rpclip0051.png;embim605.png;_rpclip0052.png;embim606.png;_rpclip0053.png;embim607.png;embim608.png;embim609.png;_rpclip0054.png;_rpclip0055.png;_rpclip0056_zoom50.png;_rpclip0057_zoom50.png;_rpclip0058_zoom50.png;_rpclip0059.png;_rpclip0060.png;_rpclip0061.png;_rpclip0062.png;_rpclip0063.png;_rpclip0064.png;_rpclip0065.png;embim610.png;_rpclip0066.png;_rpclip0067.png;_rpclip0068.png;_rpclip0069_zoom50.png;_rpclip0070.png
las_batch_load.htm,LAS Batch Load (Multi Wells & Files),39629,9247,24,13,_dlclip0117.png;_dlclip0118.png;_dlclip0112.png;_dlclip00044.png;_dlclip00189.png;_dlclip00190.png;_dlclip00191.png;_dlclip00193.png;_dlclip00192.png;_dlclip00038.png;_dlclip00194.png;_dlclip0114.png;_dlclip0104.png
las_lbs_load.htm,LAS/LBS Load,38959,10224,23,12,_dlclip0109.png;_dlclip0115.png;_dlclip0116.png;_dlclip00024.png;_dlclip00025.png;_dlclip00019.png;_dlclip00018.png;_dlclip00020.png;_dlclip00021.png;_dlclip00022.png;_dlclip0111.png;_dlclip00204.png
link_zone_sets.htm,Link Zone Sets,21550,3462,18,4,_ztclip0053.png;_ztclip0054.png;_ztclip0055.png;_ztclip0056.png
load___save_parameter_set.htm,Load / Save Parameter Set,20109,2494,14,6,_psclip00012.png;_psclip00014.png;_psclip00015.png;_psclip00016.png;_psclip00017.png;_psclip00018.png
load_ascii_data.htm,ASCII Load,83899,18547,40,22,_dlclip0124_zoom25.png;_dlclip0003.png;_dlclip00027.png;_dlclip0004.png;_dlclip0005.png;_dlclip0125.png;_dlclip0007.png;_dlclip0127.png;_dlclip0129.png;_dlclip0009.png;_dlclip0128.png;_dlclip0130.png;_dlclip0132.png;_dlclip0126.png;_dlclip00011.png;_dlclip00012.png;_dlclip0009.png;_dlclip0133.png;_dlclip0134.png;_dlclip0135.png;_dlclip00013.png;_dlclip00014.png
load_las_data.htm,LAS Load,23383,5335,16,5,_dlclip00028.png;_dlclip00029.png;_dlclip00030.png;_dlclip00031.png;_dlclip00032.png
load_lis_data.htm,LIS Load,41328,9352,21,9,_dlclip0122.png;_dlclip0123.png;_dlclip00034.png;_dlclip00035.png;_dlclip00036.png;_dlclip00037.png;_dlclip00038.png;_dlclip0105_zoom50.png;_dlclip00033.png
loadwellattributes.htm,Load Well Attributes,31724,7528,22,10,_dlclip0100.png;_dlclip0103.png;_dlclip0075.png;_dlclip0101.png;_dlclip0071.png;_dlclip0072.png;_dlclip0073.png;_dlclip0074.png;_dlclip0076.png;_dlclip0102.png
log_plots.htm,Log Plots,8201,1585,10,2,_plclip00023.png;_plclip00282.png
log_qc.htm,Log QC,28496,5564,15,7,_declip0108.png;_declip0109.png;_declip0110.png;_declip0111.png;_declip0112.png;_declip0113_zoom77.png;_declip0114.png
logplot_edit_the_log_plot_format.htm,Create a Log Plot,144787,37342,80,43,_lpclip0031.png;_lpclip00182.png;_lpclip00174.png;_lpclip00175.png;_lpclip0009.png;_lpclip0034.png;_lpclip00186.png;_lpclip0035.png;_lpclip0036.png;_lpclip0037.png;_lpclip0038.png;_lpclip0039.png;_lpclip0040.png;_lpclip00266.png;_lpclip0043.png;_lpclip0147.png;_lpclip0041.png;_lpclip0042.png;_lpclip00183.png;_lpclip00188.png;_lpclip00203.png;_lpclip00204.png;_lpclip00205.png;_lpclip00206.png;_lpclip0044.png;_lpclip0138.png;_lpclip00223.png;_lpclip00224.png;_lpclip00225.png;_lpclip00226.png;_lpclip00227.png;_lpclip0139.png;_lpclip0140.png;_lpclip0134.png;_lpclip0133.png;_lpclip0135.png;_lpclip0137.png;_lpclip00169_zoom50.png;_lpclip00173_zoom50.png;_lpclip00170_zoom50.png;_lpclip00171_zoom50.png;_lpclip00172_zoom50.png;_lpclip00173_zoom50.png
logplot_log_plot_styles.htm,Log Plot Curve Styles,189579,63388,103,75,_lpclip0101.png;_lpclip0102.png;_lpclip0103.png;_lpclip0104.png;_lpclip00184.png;_lpclip0024.png;_lpclip0025.png;_lpclip0027.png;_lpclip0151.png;_lpclip0152.png;_lpclip00263.png;_lpclip0110.png;_lpclip0111.png;_lpclip0112.png;_lpclip0113.png;_lpclip00180.png;_lpclip00166.png;_lpclip00167.png;_lpclip00260_zoom50.png;_lpclip00261_zoom50.png;_lpclip00262_zoom50.png;_mceaclip0044_zoom50.png;_mceaclip0045.png;_mceaclip0046.png;_mceaclip0047.png;_lpclip00181.png;_lpclip0131.png;_lpclip0132.png;_lpclip0116.png;_lpclip0117.png;_lpclip0123.png;_lpclip0124.png;_lpclip0125.png;_lpclip0126.png;_lpclip0127.png;_lpclip0128.png;_lpclip0129.png;_lpclip0130.png;_lpclip0118.png;_lpclip0119.png;embim1.png;_lpclip00159.png;_lpclip00160.png;_lpclip00161.png;_lpclip00161.png;_lpclip00162.png;_lpclip00163.png;_lpclip00164.png;_lpclip00165.png;_lpclip00176.png;_lpclip00177.png;_lpclip00178.png;_lpclip00179.png;_lpclip00195.png;_lpclip00196.png;_lpclip00197.png;_lpclip00198.png;_lpclip00210.png;_lpclip00211.png;_lpclip00212.png;_lpclip00213.png;_lpclip00214.png;_lpclip00215.png;_lpclip00216.png;_lpclip00217.png;_lpclip00228.png;_lpclip00229.png;_lpclip00230.png;_lpclip00231.png;_lpclip00232.png;_lpclip00249.png;_lpclip00250.png;_iaclip00515.png;_lpclip00264.png;_lpclip00265.png
logplot_log_plot_track_management.htm,Edit the Log Plot Tracks,40670,9106,28,17,_lpclip0105.png;_lpclip0106.png;_lpclip0107.png;_lpclip0108.png;_lpclip0109.png;_lpclip0030.png;_lpclip0014.png;_lpclip00222.png;_lpclip0015.png;_lpclip0021.png;_lpclip0022.png;_lpclip0023.png;_lpclip0019.png;_lpclip0016.png;_lpclip0017.png;_lpclip0018.png;_lpclip0020.png
logplot_navigating_the_log_plot_window.htm,Navigate the Log Plot,45974,10768,49,35,_lpclip0004.png;_lpclip0005.png;_lpclip00218.png;_lpclip00158.png;_lpclip0150.png;_lpclip0006.png;_lpclip0007.png;_lpclip0010.png;_lpclip0011.png;_lpclip0012.png;_lpclip0013.png;_lpclip00190.png;_lpclip00191.png;_lpclip00192.png;_lpclip00193.png;_lpclip00200.png;_lpclip00201.png;_lpclip00202.png;_lpclip0077.png;_lpclip0078.png;_lpclip0079.png;_lpclip0080.png;_lpclip0069.png;_lpclip0070.png;_lpclip0071.png;_lpclip0073.png;_lpclip0072.png;_lpclip0074.png;_lpclip0075.png;_lpclip0076.png;_lpclip0077.png;_lpclip0078.png;_lpclip0079.png;_lpclip0080.png;_lpclip00187.png
logplot_pinning-a-logoplot.htm,'Pin' a Log Plot,7514,916,10,2,ipcollapsearrow_zoom101.png;logplot_pinning.png
logplot_save_default_plot_format.htm,Save Default Plot Format,36491,7373,19,4,_lpclip0145.png;_lpclip0146.png;_lpclip0002.png;_lpclip0003.png
logplot_track-templates.htm,Track Templates,10122,2287,10,2,_lpclip00251.png;_lpclip00252.png
logswversusheightfunctions.htm,Log Sw Vs Height Functions,86136,20276,62,35,_shmclip0003.png;_shmclip0068.png;_shmclip0069.png;_shmclip0070.png;_shmclip0071.png;_shmclip0072.png;_shmclip0073.png;_shmclip0074.png;_shmclip0075.png;_shmclip0076.png;_shmclip0077.png;_shmclip0078.png;_shmclip0152.png;_shmclip0153.png;_shmclip0154.png;_shmclip0144.png;_shmclip0155.png;_shmclip0146.png;_shmclip0156.png;_shmclip0148.png;_shmclip0149.png;_shmclip0150.png;_shmclip0157.png;_shmclip0079.png;_shmclip0135.png;_shmclip0086.png;_shmclip0087.png;_shmclip0140.png;_shmclip0138.png;_shmclip0139.png;_shmclip0137_zoom81.png;_shmclip0136.png;_shmclip0088.png;_shmclip0089.png;_shmclip0102.png
machinelearning.htm,Machine Learning,13816,2683,9,1,_mlclip0001.png
manage-multi-well-curve-header.htm,Manage Multi-Well Curve Headers,28134,9163,20,12,_mwclip0067.png;_mwclip0068.png;_mwclip0065.png;_mwclip0070.png;_mwclip0066.png;_mwclip0071.png;_mwclip0072.png;_mwclip00200.png;_mwclip0062_zoom50.png;_mwclip0074.png;_mwclip00280.png;_mwclip00281.png
manage-multi-well-curve-sets.htm,Manage Multi-Well Curve Sets,23444,6055,10,2,clip1699.png;_mwclip0048_zoom50.png
manage-multi-well-header-info.htm,Manage Multi-Well Header Info,16718,3184,13,5,_mwclip0036.png;_mwclip0061.png;_mwclip0038.png;_mwclip0039.png;_mwclip00209.png
manage-multi-well-working-sets.htm,Manage Multi-Well Working Sets,11762,2499,10,2,_mwclip00286.png;_mwclip00287.png
manage-multi-well-zone-set-lin.htm,Manage Multi-Well Zone Set Links,24768,5594,25,9,_mwclip00219.png;_mwclip00220.png;_mwclip00223.png;_mwclip00221.png;_mwclip00222.png;_mwclip00224.png;_mwclip00225.png;_mwclip00226.png;_mwclip00227.png
manage-multi-well-zones_picks.htm,Manage Multi-Well Zones/Picks,17208,3151,15,7,_mwclip0044_zoom50.png;_mwclip0045_zoom50.png;_mwclip0046.png;_mwclip0046.png;_mwclip0055_zoom50.png;_mwclip0056_zoom50.png;_mwclip0057_zoom50.png
manage_zones_and_picks.htm,Manage Zones/Picks,16739,2420,8,0,
managecurveheaders.htm,Manage Curve Headers,48363,15146,31,15,_cmclip0015.png;_cmclip0016.png;_cmclip0017.png;_cmclip0018.png;_cmclip0020.png;_cmclip0021.png;_cmclip0115.png;_cmclip0022.png;_cmclip0023.png;_cmclip0024.png;_cmclip0025.png;_cmclip0026.png;_cmclip0078.png;_cmclip0079.png;_cmclip0114.png
managecurvesets.htm,Manage Curve Sets,41549,10275,39,22,_cmclip0113.png;_cmclip0002.png;_cmclip0003.png;_cmclip0004.png;_cmclip0005.png;_cmclip0006.png;_cmclip0007.png;_cmclip0117.png;_cmclip0009.png;_cmclip0010.png;_cmclip0121.png;_cmclip0014.png;_cmclip0093.png;_cmclip0094.png;_cmclip0085.png;_cmclip0086.png;_cmclip0087.png;_cmclip0091.png;_cmclip0090.png;_cmclip0092.png;_cmclip0012.png;_cmclip0082.png
manageimagetools.htm,Image Analysis Tools,118163,26262,59,29,_iaclip0006.png;_iaclip0007.png;_iaclip00416.png;_iaclip00235.png;_iaclip00010.png;_iaclip00011.png;_iaclip00012.png;_iaclip00416.png;_iaclip00236.png;_iaclip00208.png;_iaclip00210.png;_iaclip00303.png;_iaclip00483.png;_iaclip00213.png;_iaclip00381.png;_iaclip00192.png;_iaclip00189.png;_iaclip00190.png;_iaclip00434.png;_iaclip00460.png;_iaclip00478.png;_iaclip00465.png;_iaclip00466.png;_iaclip00232_zoom70.png;_iaclip00233_zoom50.png;_iaclip00234_zoom50.png;_iaclip00423_zoom95.png;_iaclip00424.png;_iaclip00425.png
managepicks.htm,Manage Picks,53853,11720,40,21,_ztclip0068.png;_ztclip0033.png;_ztclip0066.png;_ztclip0028.png;_ztclip0029.png;_ztclip0064.png;_ztclip0028.png;_ztclip0072.png;_ztclip0069.png;_ztclip0073.png;_ztclip0089.png;_ztclip0090.png;_ztclip0074.png;_ztclip0091.png;_ztclip0080.png;_ztclip0081.png;_ztclip0082.png;_ztclip0083.png;_ztclip0084.png;_ztclip0075.png;_ztclip0076_zoom50.png
managewellheaderinfo.htm,Manage Well Header Info,36639,3047,12,2,_upclip0027.png;_upclip0028.png
managewells.htm,Manage Wells,97680,21988,64,32,_wmclip0001.png;_wmclip0002.png;_wmclip0003.png;_wmclip0005.png;_wmclip0052.png;_wmclip0007.png;_wmclip0008.png;_mwclip00217.png;_wmclip0050.png;_wmclip0051.png;_wmclip0053.png;_wmclip0078.png;_wmclip0079.png;_wmclip0080.png;_mwclip00201.png;_wmclip0082.png;_wmclip0011.png;_wmclip0016.png;_wmclip0018.png;_wmclip0019.png;_dsclip0001.png;_dsclip0003.png;_dsclip0004.png;_dsclip0005.png;_dsclip0014.png;_dsclip0007.png;_dsclip0008.png;_dsclip0009.png;_dsclip0012.png;_dsclip0011.png;_dsclip0010.png;_dsclip0013.png
managezones.htm,Manage Zones,91526,18777,53,29,_ztclip0066a.png;_ztclip0067.png;_ztclip0068.png;_ztclip0033.png;_ztclip0085.png;_ztclip0086.png;_ztclip0070.png;_ztclip0064.png;_ztclip0085.png;_ztclip0065.png;_ztclip0034.png;_ztclip0035.png;_ztclip0037.png;_ztclip0038.png;_ztclip0039.png;_ztclip0041.png;_ztclip0044.png;_ztclip0045.png;_ztclip0069.png;_ztclip0048.png;_ztclip0047.png;_ztclip0049.png;_ztclip0052.png;_ztclip0046.png;_ztclip0087.png;_ztclip0088.png;_ztclip0059.png;_ztclip0057.png;_ztclip0058.png
managing-user-apps.htm,Managing User Apps,17903,2607,15,4,_upclip0058.png;_upclip0060.png;_upclip0002.png;_upclip0035.png
mapping-resources.htm,Mapping Resources,6190,128,8,0,
mineral_solver.htm,Create the Mineral Solver Model,193687,50717,73,31,_imsclip0005.png;_imsclip0006.png;_imsclip0007.png;_imsclip0008.png;_imsclip0009.png;_imsclip0010.png;_imsclip0011.png;_imsclip0087.png;_imsclip0025.png;_imsclip0017.png;_imsclip0018.png;_imsclip0019.png;_imsclip0022.png;_imsclip0021.png;_imsclip0020.png;_imsclip0016.png;_imsclip0104.png;_imsclip0077.png;_imsclip0105.png;_imsclip0106.png;_imsclip0107.png;_imsclip0014.png;_imsclip0076.png;_imsclip0026.png;_imsclip0027.png;_imsclip0108.png;_imsclip0094.png;_imsclip0102.png;_imsclip0031.png;_imsclip0037.png;_imsclip0013.png
mineralsolver.htm,In‌teractive Mineral Solver,28853,6961,18,5,_imsclip0099.png;_imsclip0024.png;_imsclip0001.png;_imsclip0002.png;_imsclip0003.png
minsolvecalibrate.htm,Mineral Solver Calibration,29695,7614,17,4,_imsclip0045.png;_imsclip0046.png;_imsclip0047.png;_imsclip0048.png
minsolveeqandmeth.htm,Mineral Solver Equations and Methodology,217953,55662,182,122,_imsclip0049.png;_imsclip0122.png;embim217.png;embim218.png;embim219.png;embim220.png;embim221.png;_imsclip0088.png;_imsclip0089.png;_imsclip0090.png;embim222.png;_imsclip0111.png;_imsclip0112.png;_imsclip0113.png;_imsclip0114.png;_imsclip0115.png;embim223.png;embim224.png;embim225.png;embim226.png;embim227.png;embim228.png;embim229.png;_imsclip0050.png;_imsclip0092.png;_imsclip0093.png;embim230.png;embim231.png;embim232.png;embim233.png;embim234.png;embim235.png;embim236.png;_imsclip0052.png;_imsclip0053.png;_imsclip0097.png;_imsclip0055.png;_imsclip0056.png;_imsclip0097.png;_imsclip0057.png;_imsclip0058.png;embim237.png;_imsclip0059.png;embim238.png;_imsclip0060.png;_imsclip0061.png;_imsclip0062.png;embim239.png;embim240.png;embim241.png;embim242.png;_imsclip0064.png;embim243.png;_imsclip0065.png;_imsclip0066.png;embim244.png;embim245.png;_imsclip0067.png;embim246.png;_imsclip0118.png;embim247.png;embim248.png;embim249.png;embim250.png;_imsclip0068.png;_imsclip0080.png;embim251.png;_imsclip0070.png;embim252.png;_imsclip0081.png;embim253.png;embim254.png;_imsclip0063.png;embim255.png;_imsclip0082.png;_imsclip0083.png;embim256.png;_imsclip0084.png;_imsclip0085.png;_imsclip0119.png;_imsclip0120.png;_imsclip0121.png;_imsclip0098.png;embim257.png;embim258.png;embim259.png;_imsclip0073.png;embim260.png;embim261.png;embim262.png;embim263.png;embim264.png;embim265.png;embim266.png;embim267.png;embim268.png;embim269.png;embim270.png;embim271.png;embim272.png;embim273.png;embim274.png;_imsclip0091.png;_imsclip0110.png;embim275.png;embim276.png;embim277.png;embim278.png;_imsclip0074.png;embim279.png;embim280.png;_imsclip0078.png;_imsclip0123.png;_imsclip0124.png;_imsclip0079.png;embim281.png;embim282.png;embim283.png;embim284.png;embim285.png;embim286.png;embim287.png
montagebuilder.htm,Montage Builder,21892,4270,17,4,_dvclip0023.png;_dvclip0024.png;_dvclip0025.png;_dvclip0026.png
mud-gas-normalization.htm,Mud Gas Normalization,9271,2402,9,1,mudgasnormalization.png
multi-well_batch_plotting.htm,Multi-Well Batch Plotting,18987,4410,20,8,_mwclip00269.png;_mwclip00270.png;_mwclip00271.png;_mwclip00272.png;_mwclip00273.png;_mwclip00274.png;_mwclip00275.png;_mwclip00276.png
multi-well_notes.htm,View Multi-Well Notes,21238,2338,19,6,_mwclip00202.png;_mwclip00203.png;_mwclip00204.png;_mwclip00205.png;_mwclip00206.png;_mwclip00207.png
multi-wellcutoffsandsummati.htm,Multiple Well Cutoff and Summation,80854,19750,31,13,_mwclip0058_zoom50.png;_mwclip0059_zoom50.png;_mwclip00110_zoom50.png;_mwclip00111_zoom50.png;_mwclip00112_zoom50.png;_mwclip00113_zoom50.png;_mwclip00114_zoom50.png;_mwclip00115_zoom50.png;_mwclip00116_zoom50.png;_mwclip00118_zoom50.png;_mwclip00119_zoom50.png;_mwclip00120_zoom50.png;_mwclip0060_zoom50.png
multi_depth_analysis_workflow.htm,Multi Depth Analysis,88968,27304,49,30,rmnew_clip0018.png;rmnew_clip0162.png;rmnew_clip0163_zoom67.png;embim487.png;_geoclip00081.png;_geoclip00082.png;_geoclip00083.png;geom_clip0001.png;geom_clip0002.png;embim488.png;geom_clip0004.png;geom_clip0005.png;embim489.png;geom_clip0006.png;embim490.png;geom_clip0007.png;geom_clip0008.png;_geoclip00087.png;_geoclip00088.png;_geoclip00086.png;embim491.png;embim492.png;rmnew_clip0011.png;_geoclip00084.png;_geoclip00095.png;_geoclip00092.png;geom_clip0010.png;geom_clip0009.png;geom_clip0011.png;_geoclip00093.png
multi_line_user_formula.htm,Multi Line User Formula,66907,18704,42,27,_ccclip1039.png;_ccclip1040.png;_ccclip1797.png;_ccclip1798.png;_ccclip1082.png;_ccclip1809.png;_ccclip1382.png;_ccclip1416.png;_ccclip1417.png;_ccclip1418.png;_ccclip1419.png;_ccclip1519.png;_ccclip1041.png;_ccclip1792.png;_ccclip1065.png;_ccclip1045.png;_ccclip1042.png;_ccclip1083.png;_ccclip1420.png;_ccclip1810.png;_ccclip1811.png;_ccclip1812.png;_ccclip1813.png;_ccclip1814.png;_ccclip1815.png;_ccclip1816.png;_ccclip1817.png
multi_well_pore_pressure.htm,Pore Pressure,115366,37088,59,42,rmnew_clip0018.png;rmnew_clip0019_zoom82.png;ppnew_clip0003_zoom62.png;rmnew_clip0094_zoom62.png;ppnew_clip0001.png;ppnew_clip0013_zoom80.png;ppnew_clip0014.png;ppnew_clip0002.png;ppnew_clip0004.png;ppnew_clip0005.png;ppnew_clip0006.png;ppnew_clip0007.png;ppnew_clip0008.png;ppnew_clip0009.png;ppnew_clip0013_zoom85.png;ppnew_clip0011_zoom87.png;ppnew_clip0012_zoom76.png;embim483.png;embim484.png;embim485.png;embim486.png;ppnew_clip0015.png;ppnew_clip0016.png;ppnew_clip0017.png;ppnew_clip0019.png;ppnew_clip0018.png;ppnew_clip0020.png;ppnew_clip0029.png;ppnew_clip0030.png;ppnew_clip0031.png;ppnew_clip0022.png;ppnew_clip0023.png;ppnew_clip0027.png;ppnew_clip0028.png;ppnew_clip0024_zoom75.png;ppnew_clip0025.png;ppnew_clip0032.png;ppnew_clip0026.png;ppnew_clip0033.png;ppnew_clip0034_zoom65.png;ppnew_clip0035.png;ppnew_clip0036.png
multiphase_array_flow_calculat.htm,Multiphase Array Flow Calculations,41342,14809,27,11,_plclip00317.png;_plclip00318.png;_plclip00319.png;_plclip00320.png;_plclip00321.png;_plclip00322.png;_plclip00323.png;_plclip00324.png;_plclip00336.png;_plclip00325.png;_plclip00326.png
multiphaseflowcalculations.htm,Multiphase Flow Calculations,102109,37166,24,16,_plclip00116.png;_plclip00117.png;_plclip00118.png;_plclip00119.png;_plclip00120.png;_plclip00121.png;_plclip00122.png;_plclip00123.png;_plclip00124.png;_plclip00125.png;_plclip00126.png;_plclip00127.png;_plclip00128.png;_plclip00129.png;_plclip00130.png;_plclip00131.png
multiphaseinflowcurves.htm,Multiphase Inflow Curves,43861,4570,10,2,_plclip00132.png;_plclip00133.png
multiple_well_batch_tvd.htm,Multiple Well Batch TVD,20704,3438,20,8,_mwclip00177.png;_mwclip00178.png;_mwclip00179.png;_mwclip00179.png;_mwclip00180.png;_mwclip00181.png;_mwclip00182.png;_mwclip00183.png
multiplelinearregression.htm,Multiple Linear Regression,28655,6860,22,9,_mlrclip0007_zoom50.png;_mlrclip0003.png;_mlrclip0008.png;_mlrclip0002.png;_mlrclip0001.png;_mlrclip0004.png;_mlrclip0006.png;_mlrclip0005.png;_mlrclip0009.png
multiwell.htm,Multi Well Options,23674,6558,8,0,
multiwellcorrelationview.htm,Multiple Well Correlation Viewer,99345,21738,60,37,_mwclip0052.png;_mwclip00267.png;_mwclip0053_zoom50.png;_mwclip0054_zoom50.png;_mwclip00285_zoom50.png;_mwclip00288.png;_mwclip0075_zoom50.png;_mwclip0076_zoom50.png;_mwclip0077_zoom50.png;_mwclip0079_zoom50.png;_mwclip00104_zoom50.png;_mwclip0080.png;_mwclip0081.png;_mwclip0082_zoom50.png;_mwclip0083_zoom50.png;_mwclip0085.png;_mwclip0086.png;_mwclip0087.png;_mwclip0088.png;_mwclip0089.png;_mwclip0090.png;_mwclip0091.png;_mwclip0092.png;_mwclip00268.png;_mwclip00122.png;_mwclip0093.png;_mwclip0094.png;_mwclip0095_zoom50.png;_mwclip0096_zoom50.png;_mwclip0097_zoom50.png;_mwclip0098_zoom50.png;_mwclip00105_zoom50.png;_mwclip0099_zoom50.png;_mwclip00100_zoom50.png;_mwclip00101_zoom50.png;ipcollapsearrow.png;_mwclip00284_zoom50.png
multiwellcurvestats.htm,Multiple Well Curve Statistics,21636,4218,15,4,_mwclip0032.png;_mwclip0033.png;_mwclip0034.png;_mwclip0035.png
navigation_qc.htm,Navigation QC,31780,8438,17,3,_iaclip00430.png;_iaclip00432.png;_iaclip00470.png
navigationanddataentry.htm,Work Areas,22904,2259,19,6,_iarclip0110.png;_iarclip0002.png;_iarclip0003.png;_iarclip0083.png;_iarclip0141.png;_iarclip0142.png
neural_networks.htm,Neural Networks,72115,19240,35,15,_nnclip00012_zoom50.png;_nnclip00015.png;_nnclip00016.png;_nnclip0001.png;_nnclip0002.png;_nnclip00014.png;_nnclip00017.png;_nnclip00018.png;_nnclip0006.png;_nnclip00019.png;_nnclip00020.png;_nnclip00021.png;_nnclip00022.png;_nnclip00023.png;_nnclip00024.png
nmrinterpretation.htm,NMR Interpretation,414478,117696,154,95,_nmriclip0036_zoom50.png;_nmriclip0002.png;_nmriclip0003.png;_nmriclip0033.png;_nmriclip0037.png;_nmriclip0038.png;_nmriclip0006.png;_nmriclip0007.png;_nmriclip0042.png;_nmriclip0043.png;_nmriclip0044.png;_nmriclip0008.png;embim165.png;embim166.png;embim167.png;_nmriclip0009.png;embim168.png;embim169.png;embim170.png;_nmriclip0010.png;embim171.png;_nmriclip0011.png;_nmriclip0050.png;_nmriclip0012.png;embim172.png;embim173.png;_nmriclip0040.png;_nmriclip0047.png;_nmriclip0048.png;_nmriclip0015.png;_nmriclip0049.png;_nmriclip0051.png;_nmriclip0052.png;_nmriclip0053.png;_nmriclip0054.png;_nmriclip0057.png;embim174.png;_nmriclip0016.png;embim175.png;_nmriclip0017.png;_nmriclip0018.png;_nmriclip0020.png;_nmriclip0019.png;_nmriclip0059.png;_nmriclip0060.png;_nmriclip0058.png;_nmriclip0032.png;_nmriclip0026.png;_nmriclip0025.png;_nmriclip0046.png;_nmriclip0045.png;_nmriclip0062.png;_nmriclip0045.png;_nmriclip0027.png;_nmriclip0025.png;_nmriclip0029.png;_nmriclip0061.png;_nmriclip0041.png;_nmriclip0056.png;_nmriclip0055.png;_nmriclip0063_zoom50.png;_nmriclip0064.png;_nmriclip0065.png;_nmriclip0066.png;_nmriclip0067.png;_nmriclip0068.png;_nmriclip0069.png;_nmriclip0070.png;_nmriclip0071.png;_nmriclip0072.png;_nmriclip0073_zoom50.png;_nmriclip0074.png;embim176.png;embim177.png;embim178.png;embim179.png;embim180.png;embim181.png;embim182.png;embim183.png;embim184.png;embim185.png;embim186.png;embim187.png;embim188.png;_nmriclip0030.png;embim189.png;embim190.png;embim191.png;embim192.png;_nmriclip0031.png;embim193.png;_nmriclip0053.png;embim194.png;embim195.png
nmrnormalization.htm,NMR Normalization,20607,4875,15,3,_nmrclip0006_zoom50.png;_nmrclip0002_zoom50.png;_nmrclip0005_zoom50.png
normalizearray.htm,Normalize Array,114161,9903,20,3,_upclip0024.png;_upclip0025.png;_upclip0026.png
open.htm,Open,7542,466,12,4,_plclip00024.png;_plclip00299.png;_plclip00298.png;_plclip00300.png
options.htm,Options,102397,33140,52,39,_tclip0106.png;_tclip0107.png;_tclip0102.png;_tclip0108.png;_tclip0109.png;_tclip0110.png;_tclip0111.png;_tclip0112.png;_tclip0105.png;_tclip0113.png;_tclip0114.png;_tclip0115.png;_tclip0116.png;_tclip0117.png;_tclip0118.png;_tclip0119.png;_tclip0120.png;_tclip0121.png;_tclip0122.png;_tclip0123.png;_tclip0124.png;_tclip0125.png;_tclip0126.png;_tclip0127.png;_tclip0128.png;_tclip0129.png;_tclip0130.png;_tclip0131.png;_tclip0132.png;_tclip0133.png;_tclip0134.png;_tclip0135.png;_tclip0136.png;_tclip0137.png;_tclip0138.png;_tclip0139.png;_tclip0140.png;_tclip0141.png;_tclip0142.png
overburden_tools.htm,Overburden Tools,67123,27744,51,34,ppfg_019.png;ppfg_020.png;ppfg_021.png;ppfg_022.png;ppfg_023.png;ppfg_024.png;ppfg_025.png;ppfg_026.png;ppfg_027.png;ppfg_028.png;ppfg_029.png;ppfg_030.png;ppfg_031.png;ppfg_032.png;ppfg_033.png;ppfg_034.png;ppfg_035.png;ppfg_036.png;ppfg_037.png;ppfg_038.png;ppfg_039.png;ppfg_040.png;ppfg_041.png;ppfg_042.png;ppfg_043.png;ppfg_044.png;ppfg_045.png;ppfg_046.png;ppfg_047.png;ppfg_048.png;ppfg_049.png;ppfg_050.png;ppfg_051.png;ppfg_052.png
parameter-and-attribute-handli.htm,Parameter and Attribute Handling,76461,14953,15,0,
parametersets.htm,About Parameter Sets,42782,8781,26,10,_psclip00021.png;_psclip00023.png;ipcollapsearrow.png;_psclip00024.png;_psclip00025.png;_psclip00028.png;_psclip00029.png;_psclip00030.png;_psclip00026.png;_psclip00027.png
pc_configuration.htm,PC Configuration for External Databases,42352,8623,25,7,_c2db_clip0124.png;_c2db_clip0125.png;_c2db_clip0126.png;_c2db_clip0127.png;_c2db_clip0128.png;_c2db_clip0129.png;_c2db_clip0130.png
petrel_interface.htm,Petrel Link 2013 and older,66642,20397,32,12,clip0020.png;clip0005.png;clip0006.png;clip0016.png;clip0017.png;clip0018.png;clip0007.png;clip0021.png;clip0010.png;clip0013.png;clip0013.png;clip0015.png
petrel_link_2014_and_later.htm,Petrel Link 2014 and later,28133,7723,33,23,petrelclip00022.png;petrelclip00023.png;petrelclip00024.png;petrelclip00025.png;petrelclip00026.png;petrelclip00027.png;petrelclip00028.png;petrelclip00029.png;petrelclip00030.png;petrelclip00031.png;petrelclip00032.png;petrelclip00033.png;petrelclip00034.png;petrelclip00035.png;petrelclip00036.png;petrelclip00037.png;petrelclip00038.png;petrelclip00039.png;petrelclip00040.png;petrelclip00041.png;petrelclip00043.png;petrelclip00044.png;petrelclip00045.png
picturecorephotodata.htm,Picture Curves,30190,9903,18,8,_declip0073.png;_pcpclip0001.png;_pcpclip0002.png;_pcpclip0005.png;_pcpclip0007.png;_pcpclip0006.png;_pcpclip0003.png;_pcpclip0004.png
pie_charts.htm,Pie Charts,30490,6374,24,10,_pieclip0001.png;_pieclip0002.png;_pieclip0003.png;_pieclip0008.png;_pieclip0004.png;_pieclip0005.png;_pieclip0006.png;_pieclip0006a.png;_pieclip0007.png;_pieclip0009.png
pl_array_workflow.htm,PL Array Workflow,10105,1199,10,2,_plclip00303.png;_plclip00304.png
pllateralaverage.htm,PL Lateral Average,11361,3398,9,1,_plclip00080.png
plot_composer.htm,Plot Composer,51238,14607,58,40,_pcclip0001.png;_pcclip0002.png;_pcclip0003.png;_pcclip0004.png;_pcclip0005.png;_pcclip0006.png;_pcclip0007.png;_pcclip0008.png;_pcclip0009.png;_pcclip0010_zoom80.png;_pcclip0011.png;_pcclip0012.png;_pcclip0013.png;_pcclip0014.png;_pcclip0015.png;_pcclip0016.png;_pcclip0017.png;_pcclip0018_zoom79.png;_pcclip0019_zoom79.png;_pcclip0020_zoom92.png;_pcclip0021_zoom81.png;_pcclip0022.png;_pcclip0023_zoom71.png;_pcclip0024_zoom82.png;_pcclip0025.png;_pcclip0026.png;_pcclip0027.png;_pcclip0028_zoom62.png;_pcclip0029_zoom70.png;_pcclip0030.png;_pcclip0031.png;_pcclip0032_zoom77.png;_pcclip0033.png;_pcclip0034.png;_pcclip0035.png;_pcclip0036.png;_pcclip0037.png;_pcclip0038.png;_pcclip0039.png;_pcclip0040.png
plot_header_editor.htm,Plot Header Editor,19818,3775,26,13,_phclip0001.png;_phclip0002.png;_phclip0003.png;_phclip0004.png;_phclip0005.png;_phclip0006.png;_phclip0007.png;_phclip0008.png;_phclip0009.png;_phclip0010.png;_phclip0011.png;_phclip0012.png;_phclip0013.png
plot_the_mineral_solver_result.htm,Plot the Mineral Solver Results,66259,14165,40,15,_imsclip0116.png;_imsclip0032.png;_imsclip0117.png;_imsclip0033.png;_imsclip0034.png;_imsclip0109.png;_imsclip0100.png;_imsclip0101.png;_imsclip0038.png;_imsclip0039.png;_imsclip0095.png;_imsclip0096.png;_imsclip0042.png;_imsclip0043.png;_imsclip0044.png
plotaheader.htm,Plot a header,8879,1289,11,3,_plclip00225.png;_plclip00226.png;_plclip00227.png
plotdata.htm,Plotting Data,6892,305,8,0,
plotoutput.htm,Log Plot File Output,118818,23728,60,41,_lpclip0046_zoom50.png;_lpclip00153_zoom50.png;_lpclip00154_zoom50.png;_lpclip0049_zoom50.png;_lpclip00199_zoom50.png;_lpclip00156_zoom50.png;_lpclip0054_zoom50.png;_lpclip0052_zoom50.png;_lpclip0053_zoom50.png;_lpclip0056_zoom50.png;_lpclip0057.png;_lpclip0059_zoom50.png;_lpclip0060_zoom50.png;_lpclip0061_zoom50.png;_lpclip00219_zoom50.png;_lpclip0062_zoom50.png;_lpclip0063_zoom50.png;_lpclip00220_zoom50.png;_lpclip00221.png;_lpclip0064_zoom50.png;_lpclip0066.png;_lpclip0067.png;_lpclip0068.png;_lpclip0097_zoom50.png;_lpclip0098_zoom50.png;_lpclip0099.png;_lpclip0092_zoom50.png;_lpclip0093.png;_lpclip0095_zoom50.png;_lpclip0096_zoom50.png;_lpclip0092_zoom50.png;_lpclip00168_zoom50.png;_lpclip00189_zoom50.png;_lpclip0141_zoom50.png;_lpclip0142_zoom50.png;_lpclip0143_zoom50.png;_lpclip0090_zoom50.png;_lpclip0091_zoom50.png;_lpclip0144_zoom50.png;_lpclip0008_zoom50.png;_lpclip0032_zoom50.png
plotrangeeditor.htm,Plot Range Editor,32300,6240,21,8,_wmclip0041.png;_wmclip0074.png;_wmclip0075.png;_wmclip0076.png;_wmclip0044.png;_wmclip0045.png;_wmclip0073.png;_wmclip0077.png
plotting.htm,Log Plot,65859,23374,38,23,_lpclip00233.png;_lpclip00234.png;_lpclip00235.png;_lpclip00236.png;_lpclip00237.png;_lpclip00238.png;_lpclip00239.png;_lpclip00240.png;_lpclip00241.png;_lpclip00242.png;_lpclip00243.png;_lpclip00244.png;_lpclip00253.png;_lpclip00254.png;_lpclip00257.png;_lpclip00258.png;_lpclip00259.png;_lpclip00245.png;_lpclip00246.png;_lpclip00247.png;_lpclip00248.png;_lpclip00256.png;_lpclip00255.png
plotting_image_analysis_data.htm,Plotting Image Analysis Data,476491,90250,305,201,_iaclip00015.png;_iaclip00384.png;_iaclip00019.png;_iaclip00385.png;_iaclip00482.png;_iaclip00231.png;_iaclip00023.png;_iaclip00024.png;_iaclip00025.png;_iaclip00026.png;_iaclip00027.png;_iaclip00028.png;_iaclip00029.png;_iaclip00030.png;_iaclip00030.png;_iaclip00087.png;_iaclip00100.png;_iaclip00069.png;_iaclip00070.png;_iaclip00071.png;_iaclip00072.png;_iaclip00436.png;_iaclip00073.png;_iaclip00074.png;_iaclip00075.png;_iaclip00076.png;_iaclip00077.png;_iaclip00078.png;_iaclip00079.png;_iaclip00080.png;_iaclip00081.png;_iaclip00082.png;_iaclip00083.png;_iaclip00084.png;_iaclip00085.png;_iaclip00086.png;_iaclip00088.png;_iaclip00089.png;_iaclip00091.png;_iaclip00391_zoom80.png;_iaclip00392.png;_iaclip00393.png;_iaclip00030.png;_iaclip00386.png;_iaclip00333_zoom50.png;_iaclip00461.png;_iaclip00463.png;_iaclip00462.png;_iaclip00496.png;_iaclip00497.png;_iaclip00498.png;_iaclip00468.png;embim393.png;embim394.png;embim395.png;embim396.png;embim397.png;embim398.png;embim399.png;embim400.png;embim401.png;embim402.png;embim403.png;_iaclip00493.png;_iaclip00494.png;_iaclip00495.png;_iaclip0006.png;_iaclip00415.png;_iaclip00417.png;_iaclip00418_zoom80.png;_iaclip00419.png;_iaclip00420.png;_iaclip00421.png;_iaclip00422.png;_iaclip00515.png;_iaclip00516.png;_iaclip00517.png;_iaclip00519.png;_iaclip00518.png;_iaclip00120.png;_iaclip00122.png;_iaclip00229_zoom45.png;_iaclip00206_zoom70.png;_iaclip00207_zoom71.png;_iaclip00121.png;_iaclip00123.png;_iaclip00215.png;_iaclip00037.png;_iaclip00216.png;_iaclip00041.png;_iaclip00043.png;_iaclip00389.png;_iaclip00035_zoom95.png;_iaclip00044.png;_iaclip00093.png;_iaclip00094.png;_iaclip00095.png;_iaclip00096.png;_iaclip00097.png;_iaclip00450.png;_iaclip00449.png;_iaclip00451.png;_iaclip00454.png;_iaclip00453.png;_iaclip00455.png;_iaclip00456_zoom80.png;_iaclip00457_zoom80.png;_iaclip00458_zoom80.png;_iaclip00459_zoom80.png;_iaclip00149.png;_iaclip00148.png;_iaclip00150.png;_iaclip00388.png;_iaclip00151.png;_iaclip00486.png;_iaclip00508.png;_iaclip00484.png;_iaclip00485.png;_iaclip00165.png;_iaclip00154_zoom80.png;_iaclip00156_zoom80.png;_iaclip00437_zoom80.png;_iaclip00438_zoom80.png;_iaclip00387.png;_iaclip00157.png;_iaclip00158.png;_iaclip00509.png;_iaclip00439.png;_iaclip00160.png;_iaclip00161.png;_iaclip00159.png;_iaclip00162.png;_iaclip00443.png;_iaclip00166.png;_iaclip00167.png;_iaclip00168.png;_iaclip00169.png;_iaclip00510.png;_iaclip00440.png;_iaclip00441.png;_iaclip00170.png;_iaclip00172.png;_iaclip00442.png;_iaclip00174.png;_iaclip00173.png;_iaclip00175.png;_iaclip00176.png;_iaclip00177.png;_iaclip00511.png;_iaclip00444.png;_iaclip00178.png;_iaclip00179.png;_iaclip00445.png;_iaclip00244_zoom50.png;_iaclip00246_zoom50.png;_iaclip00245_zoom50.png;_iaclip00247_zoom50.png;_iaclip00243.png;_iaclip00248.png;_iaclip00512.png;_iaclip00252.png;_iaclip00253.png;_iaclip00254.png;_iaclip00255.png;_iaclip00256.png;_iaclip00390.png;_iaclip00286_zoom50.png;_iaclip00287.png;_iaclip00288_zoom50.png;_iaclip00289_zoom50.png;_iaclip00283_zoom50.png;_iaclip00304_zoom60.png;_iaclip00285_zoom50.png;_iaclip00305_zoom50.png;_iaclip00306.png;_iaclip00294_zoom50.png;_iaclip00308.png;_iaclip00309.png;_iaclip00310.png;_iaclip00290_zoom50.png;_iaclip00291_zoom50.png;_iaclip00292_zoom50.png;_iaclip00295_zoom50.png;_iaclip00300.png;_iaclip00301.png;_iaclip00264.png;_iaclip00265.png;_iaclip00294_zoom50.png;_iaclip00269.png;_iaclip00479.png;_iaclip00299_zoom50.png;_iaclip00273.png;_iaclip00297.png;_iaclip00296.png;_iaclip00298.png;_iaclip00237_zoom70.png;_iaclip00238_zoom50.png;_iaclip00239_zoom50.png;embim404.png;_iaclip00240_zoom65.png;_iaclip00241_zoom50.png
plottoprinter.htm,Plot to Printer,18023,5183,12,4,_plclip00222.png;_plclip00223.png;_plclip00224.png;_plclip00224.png
plset.htm,Set-Up,142659,22641,23,15,_plclip00025.png;_plclip00026.png;_plclip00027.png;_plclip00032.png;_plclip00033.png;_plclip00034.png;_plclip00035.png;_plclip00327.png;_plclip00036.png;_plclip00037.png;_plclip00038.png;_plclip00044.png;_plclip00031.png;_plclip00045.png;_plclip00301.png
plt-availablereports.htm,PLT - Available Reports,11129,1899,9,1,_plclip00278.png
pltavailablereports.htm,PLT - Available Reports,9494,1981,9,1,_plclip00175.png
porepressurecalculations2.htm,Single-Well Geomechanics,189313,48102,114,72,_pppclip0020.png;_pppclip0037.png;ipcollapsearrow.png;_pppclip0001.png;embim494.png;embim495.png;embim496.png;embim497.png;embim498.png;_pppclip0002.png;_pppclip0003.png;ipexpandarrow_zoom105.png;_pppclip0004.png;embim499.png;embim500.png;embim501.png;_pppclip0005.png;_pppclip0006.png;_pppclip0007.png;_pppclip0008.png;_pppclip0009.png;_pppclip0010.png;embim502.png;_pppclip0011.png;_pppclip0012.png;_pppclip0013.png;_pppclip0042.png;_pppclip0043.png;_pppclip0015.png;_pppclip0045.png;_pppclip0016.png;_pppclip0030.png;_pppclip0038.png;_pppclip0039.png;_pppclip0040.png;_pppclip0029.png;_pppclip0041.png;_pppclip0034.png;_pppclip0044.png;_pppclip0031.png;_pppclip0032.png;_pppclip0033.png;clip1003.png;clip1004.png;_pppclip0026.png;clip1005.png;clip1006.png;clip1007.png;clip1008.png;_pppclip0025.png;clip1009.png;clip1010.png;clip1011.png;_pppclip0024.png;embim503.png;embim504.png;embim505.png;embim506.png;clip1012.png;clip1013.png;clip1014.png;clip1015.png;clip1016.png;clip1017.png;clip1018.png;clip1019.png;clip1020.png;clip1021.png;clip1022.png;clip1023.png;_pppclip0023.png;_pppclip0022.png
poro-_and_thermo-elastic_stres.htm,Poro- and Thermo-Elastic Stress,32563,7659,18,10,rmnew_clip0018.png;denew_clip0019.png;denew_clip0020.png;denew_clip0022.png;denew_clip0023.png;denew_clip0024.png;denew_clip0021.png;denew_clip0025.png;denew_clip0026.png;denew_clip0027.png
porosityandwatersaturation.htm,Porosity and Water Saturation,108230,28745,39,20,_pawsclip0084.png;_pawsclip0075.png;_pawsclip0085.png;_pawsclip0139.png;_pawsclip0088.png;_pawsclip0089.png;_pawsclip0129.png;_pawsclip0130.png;_pawsclip0086.png;_pawsclip0087.png;_pawsclip0007.png;_pawsclip0131.png;_pawsclip0023.png;_pawsclip0009.png;_pawsclip0024.png;_pawsclip0011.png;_pawsclip0012.png;_pawsclip0140.png;_pawsclip0091.png;_pawsclip0026.png
powerlogloglanconverter.htm,PowerLog/Loglan Converter,32195,5919,25,14,_upclip0038.png;_upclip0039.png;_upclip0040.png;_upclip0041.png;_upclip0042.png;_upclip0043.png;_upclip0044.png;_parsclip0015.png;_parsclip0016.png;_parsclip0017.png;_parsclip0018.png;_upclip0045.png;_parsclip0020.png;_parsclip0021.png
ppfg_toolkit.htm,PPFG Toolkit,9709,857,8,0,
pressuredifferentiation.htm,Pressure Differentiation,11613,2435,9,1,_plclip00171.png
principal_component_analysis.htm,Principal Component Analysis,45609,11099,28,14,_pcaclip0008_zoom50.png;_pcaclip0003.png;clip1605.png;_pcaclip0004.png;_pcaclip0002.png;_pcaclip0001.png;_pcaclip0005.png;_pcaclip0006.png;_pcaclip0007.png;_pcaclip0010.png;_pcaclip0011.png;_pcaclip0009.png;_pcaclip0012.png;_pcaclip0013.png
printparametersets.htm,Print Parameter Sets,11389,1363,9,1,_psclip0004.png
production_log_analysis_module.htm,Production Log Analysis Module,34076,8468,33,25,_plclip00001.png;_plclip00002.png;_plclip00003.png;_plclip00004.png;_plclip00005.png;_plclip00279.png;_plclip00006.png;_plclip00007.png;_plclip00008.png;_plclip00009.png;_plclip00010.png;_plclip00011.png;_plclip00012.png;_plclip00013.png;_plclip00280.png;_plclip00014.png;_plclip00281.png;_plclip00015.png;_plclip00016.png;_plclip00017.png;_plclip00018.png;_plclip00019.png;_plclip00020.png;_plclip00021.png;_plclip00022.png
production_logging.htm,Production Logging,7128,952,8,0,
project.htm,Project,6287,239,8,0,
project_setup.htm,Project Setup,28830,9804,10,2,ppfg_001.png;ppfg_002.png
pvtfluidproperties.htm,PVT Fluid Properties,31532,11668,14,6,_plclip00100.png;_plclip00099.png;_plclip00103.png;_plclip00101.png;_plclip00104.png;_plclip00105.png
qc_edit.htm,QC/Edit,7545,620,8,0,
read_from_logic_db.htm,Import from LOGIC DB,28666,3901,19,3,_c2db_clip0081_zoom50.png;_c2db_clip0082.png;_c2db_clip0083.png
read_from_openworks_db.htm,Import/Export to Openworks DB,57617,11151,40,24,_c2db_clip0064_zoom50.png;_c2db_clip0065_zoom50.png;_c2db_clip0066_zoom50.png;_c2db_clip0067.png;_c2db_clip0068.png;_c2db_clip0027.png;_c2db_clip0028.png;_c2db_clip0069_zoom50.png;_c2db_clip0070.png;_c2db_clip0071_zoom50.png;_c2db_clip0072_zoom50.png;_c2db_clip0073.png;_c2db_clip0074.png;_c2db_clip0075.png;_c2db_clip0076.png;_c2db_clip0032.png;_c2db_clip0033.png;_c2db_clip0034.png;_c2db_clip0036.png;_c2db_clip0041.png;_c2db_clip0077_zoom50.png;_c2db_clip0043.png;_c2db_clip0078_zoom50.png;_c2db_clip0079_zoom50.png
read_write_from_odm_database.htm,Import/Export to ODM / IC DB,54928,9801,41,25,_c2db_clip0088_zoom50.png;_c2db_clip0089_zoom50.png;_c2db_clip0090_zoom50.png;_c2db_clip0003.png;_c2db_clip0084.png;_c2db_clip0085.png;_c2db_clip0027.png;_c2db_clip0028.png;_c2db_clip0091_zoom50.png;_c2db_clip0086.png;_c2db_clip0092_zoom50.png;_c2db_clip0093_zoom50.png;_c2db_clip0094.png;_c2db_clip0095.png;_c2db_clip0096.png;_c2db_clip0097.png;_c2db_clip0032.png;_c2db_clip0033.png;_c2db_clip0034.png;_c2db_clip0036.png;_c2db_clip0041.png;_c2db_clip0098_zoom50.png;_c2db_clip0043.png;_c2db_clip0099_zoom50.png;_c2db_clip0100_zoom50.png
read_write_to_geolog_db.htm,Import/Export to GEOLOG DB,61403,13052,40,24,_c2db_clip0047_zoom50.png;_c2db_clip0048_zoom50.png;_c2db_clip0050_zoom50.png;_c2db_clip0051.png;_c2db_clip0052.png;_c2db_clip0027.png;_c2db_clip0028.png;_c2db_clip0053_zoom50.png;_c2db_clip0054.png;_c2db_clip0055_zoom50.png;_c2db_clip0056_zoom50.png;_c2db_clip0057.png;_c2db_clip0058.png;_c2db_clip0059.png;_c2db_clip0060.png;_c2db_clip0032.png;_c2db_clip0033.png;_c2db_clip0034.png;_c2db_clip0036.png;_c2db_clip0041.png;_c2db_clip0061_zoom50.png;_c2db_clip0043.png;_c2db_clip0062_zoom50.png;_c2db_clip0063_zoom50.png
read_write_to_petcom_db.htm,Import/Export to PETCOM DB,48965,8831,37,22,_c2db_clip0019_zoom50.png;_c2db_clip0020_zoom50.png;_c2db_clip0021_zoom50.png;_c2db_clip0022.png;_c2db_clip0023.png;_c2db_clip0027.png;_c2db_clip0028.png;_c2db_clip0024_zoom50.png;_c2db_clip0029.png;_c2db_clip0025_zoom50.png;_c2db_clip0026_zoom50.png;_c2db_clip0030.png;_c2db_clip0038.png;_c2db_clip0040.png;_c2db_clip0039.png;_c2db_clip0032.png;_c2db_clip0033.png;_c2db_clip0034.png;_c2db_clip0036.png;_c2db_clip0041.png;_c2db_clip0044_zoom50.png;_c2db_clip0046_zoom50.png
read_write_via_openspirit.htm,Import/Export via Openspirit,65925,14033,52,33,_c2db_clip0102.png;_c2db_clip0103.png;_c2db_clip0104.png;_c2db_clip0105.png;_c2db_clip0106.png;_c2db_clip0107.png;_c2db_clip0108.png;_c2db_clip0152.png;_c2db_clip0101_zoom50.png;_c2db_clip0109_zoom50.png;_c2db_clip0108.png;_c2db_clip0110_zoom50.png;_c2db_clip0111.png;_c2db_clip0112.png;_c2db_clip0027.png;_c2db_clip0028.png;_c2db_clip0113_zoom50.png;_c2db_clip0114.png;_c2db_clip0115_zoom50.png;_c2db_clip0116_zoom50.png;_c2db_clip0117.png;_c2db_clip0118.png;_c2db_clip0119.png;_c2db_clip0120.png;_c2db_clip0032.png;_c2db_clip0033.png;_c2db_clip0034.png;_c2db_clip0036.png;_c2db_clip0041.png;_c2db_clip0121_zoom50.png;_c2db_clip0043.png;_c2db_clip0122_zoom50.png;_c2db_clip0123_zoom50.png
readfrompetrolog.htm,Import from Petrolog DB,60444,10568,44,27,_c2db_clip0131.png;_c2db_clip0132.png;_c2db_clip0134.png;_c2db_clip0135.png;_c2db_clip0136.png;_c2db_clip0138.png;_c2db_clip0027.png;_c2db_clip0028.png;_c2db_clip0139.png;_c2db_clip0140.png;_c2db_clip0141.png;_c2db_clip0142.png;_c2db_clip0143.png;_c2db_clip0144.png;_c2db_clip0145.png;_c2db_clip0146.png;_c2db_clip0032.png;_c2db_clip0033.png;_c2db_clip0034.png;_c2db_clip0036.png;_c2db_clip0041.png;_c2db_clip0147.png;_c2db_clip0043.png;_c2db_clip0148.png;_c2db_clip0150.png;_c2db_clip0149.png;_c2db_clip0151.png
rebuild-auto-plot.htm,Rebuild Auto Plot,6973,358,8,0,
rebuildsensorplot.htm,Rebuild Sensor Plot,7246,385,8,0,
recalculateplotlimits.htm,Recalculate Plot Limits,8161,1051,9,1,_plclip00221.png
references_and_appencices.htm,References and Appencices,56174,11723,12,1,ppfg_108.png
resistivity_to_pressure.htm,Resistivity to Pressure,43939,18824,35,21,ppfg_053.png;ppfg_054.png;ppfg_055.png;ppfg_056.png;ppfg_057.png;ppfg_058.png;ppfg_060.png;ppfg_059.png;ppfg_061.png;ppfg_062.png;ppfg_063.png;ppfg_061.png;ppfg_064.png;ppfg_065.png;ppfg_066.png;ppfg_069.png;ppfg_067.png;ppfg_068.png;ppfg_070.png;ppfg_071.png;ppfg_072.png
restorebackupcurves.htm,Restore Backup Curves,7424,826,9,1,_plclip00174.png
rock-properties.htm,Rock Properties,7324,702,8,0,
rock_mechanics.htm,Multi-Well Geomechanics,28228,7325,14,6,rmnew_clip0013.png;rmnew_clip0014.png;rmnew_clip0001.png;rmnew_clip0015.png;rmnew_clip0016_zoom75.png;rmnew_clip0017_zoom85.png
rock_strength.htm,Isotropic Elastic and Strength,174065,52369,103,83,rmnew_clip0018.png;rmnew_clip0019_zoom82.png;rmnew_clip0020_zoom67.png;rmnew_clip0021_zoom68.png;rmnew_clip0022.png;rmnew_clip0023_zoom92.png;rmnew_clip0024.png;rmnew_clip0025.png;rmnew_clip0026.png;rmnew_clip0027_zoom68.png;rmnew_clip0028_zoom68.png;rmnew_clip0029.png;rmnew_clip0030.png;rmnew_clip0031.png;rmnew_clip0032.png;rmnew_clip0033.png;rmnew_clip0034.png;rmnew_clip0035.png;rmnew_clip0036_zoom92.png;rmnew_clip0037.png;rmnew_clip0038_zoom70.png;rmnew_clip0039_zoom70.png;rmnew_clip0040_zoom70.png;rmnew_clip0041_zoom70.png;rmnew_clip0042_zoom70.png;rmnew_clip0043_zoom70.png;rmnew_clip0044_zoom70.png;rmnew_clip0045.png;rmnew_clip0046.png;rmnew_clip0047.png;rmnew_clip0048.png;rmnew_clip0049.png;rmnew_clip0050.png;rmnew_clip0051.png;rmnew_clip0052.png;rmnew_clip0053.png;rmnew_clip0054.png;rmnew_clip0055.png;rmnew_clip0056.png;rmnew_clip0057.png;rmnew_clip0058.png;rmnew_clip0059.png;rmnew_clip0060.png;rmnew_clip0061.png;rmnew_clip0062.png;rmnew_clip0063.png;rmnew_clip0064.png;rmnew_clip0065.png;rmnew_clip0066.png;rmnew_clip0176.png;rmnew_clip0067.png;rmnew_clip0068.png;rmnew_clip0069.png;rmnew_clip0070.png;rmnew_clip0071.png;rmnew_clip0072.png;rmnew_clip0073.png;rmnew_clip0074.png;rmnew_clip0075.png;rmnew_clip0076.png;rmnew_clip0169.png;rmnew_clip0170.png;rmnew_clip0077.png;rmnew_clip0171.png;rmnew_clip0172.png;rmnew_clip0078.png;rmnew_clip0079.png;rmnew_clip0080.png;rmnew_clip0081.png;rmnew_clip0082.png;rmnew_clip0173.png;rmnew_clip0083.png;rmnew_clip0084.png;rmnew_clip0085.png;rmnew_clip0086.png;rmnew_clip0174.png;rmnew_clip0175.png;rmnew_clip0087.png;rmnew_clip0088_zoom50.png;rmnew_clip0089_zoom55.png;rmnew_clip0090_zoom54.png;rmnew_clip0091_zoom54.png;rmnew_clip0092_zoom54.png
rock_strength_anisotropy.htm,Rock Strength Anisotropy,20337,5590,14,6,rmnew_clip0191.png;rmnew_clip0192.png;rmnew_clip0193.png;rmnew_clip0194.png;rmnew_clip0195.png;rmnew_clip0196.png
rock_stress.htm,Horizontal Stress,102744,30209,45,28,rmnew_clip0018.png;rmnew_clip0019_zoom82.png;rmnew_clip0093_zoom62.png;rmnew_clip0094_zoom62.png;rmnew_clip0095.png;rmnew_clip0096_zoom80.png;rmnew_clip0097_zoom83.png;rmnew_clip0098.png;rmnew_clip0099.png;rmnew_clip0100.png;rmnew_clip0101.png;rmnew_clip0102.png;rmnew_clip0103.png;rmnew_clip0104.png;rmnew_clip0105.png;rmnew_clip0106.png;rmnew_clip0107_zoom85.png;rmnew_clip0108_zoom87.png;rmnew_clip0109.png;rmnew_clip0110_zoom76.png;rmnew_clip0111_zoom60.png;rmnew_clip0165.png;rmnew_clip0166.png;rmnew_clip0167.png;rmnew_clip0168.png;rmnew_clip0112_zoom94.png;rmnew_clip0113_zoom55.png;rmnew_clip0114_zoom51.png
rockphysics.htm,Geophysics,11924,2735,8,0,
rose-plots.htm,Rose Plots,28100,4231,22,9,_crpclip0009.png;_crpclip0001.png;_crpclip0002.png;_crpclip0003.png;_crpclip0004.png;_crpclip0005.png;_crpclip0006.png;_crpclip0007.png;_crpclip0008.png
running-user-apps.htm,Running User Apps,9614,1198,11,3,_upclip0091.png;_upclip0092.png;_upclip0093.png
rwfromsp.htm,RW from SP,11289,1575,9,1,_ccclip1799.png
sand_silt_malay_model.htm,Sand/Silt Malay Model,123460,22280,69,26,_ssmclip0046.png;_ssmclip0047.png;_ssmclip0048_zoom76.png;_ssmclip0069.png;_ssmclip0049_zoom70.png;_ssmclip0050_zoom70.png;_ssmclip0051_zoom70.png;_ssmclip0052_zoom70.png;_ssmclip0053_zoom70.png;_ssmclip0054_zoom70.png;_ssmclip0055.png;_ssmclip0070.png;_ssmclip0056.png;_ssmclip0057.png;_ssmclip0058.png;_ssmclip0059.png;_ssmclip0060_zoom20.png;_ssmclip0061.png;_ssmclip0062.png;_ssmclip0063.png;_ssmclip0064.png;_ssmclip0065.png;_ssmclip0066.png;_ssmclip0071.png;_ssmclip0067.png;_ssmclip0068.png
sandpit3d.htm,SandPit 3D,14939,5637,8,0,
sandpit_3d_settings.htm,SandPit 3D Settings,11878,2368,12,2,_geoclip00078.png;_geoclip00079.png
saturation_height_modelling.htm,Saturation Height Modeling (Capiliary Pressure),15495,3772,8,0,
saturation_versus_height_curve.htm,Saturation Versus Height Curves,62215,20039,29,16,_shmclip0058_zoom50.png;_shmclip0059.png;_shmclip0060.png;_shmclip0185.png;_shmclip0103.png;_shmclip0104.png;_shmclip0126_zoom80.png;_shmclip0127_zoom82.png;_shmclip0061.png;_shmclip0158.png;_shmclip0062.png;_shmclip0063.png;_shmclip0064.png;_shmclip0065.png;_shmclip0066.png;_shmclip0067.png
saveparametersets.htm,Save Parameter Set to File,16054,3465,10,2,_psclip00013.png;_psclip00011.png
selectiveinflowperformance.htm,Selective Inflow Performance (SIP),28813,11469,20,12,_plclip00145.png;_plclip00146.png;_plclip00147.png;_plclip00148.png;_plclip00149.png;_plclip00150.png;_plclip00151.png;_plclip00152.png;_plclip00153.png;_plclip00154.png;_plclip00155.png;_plclip00156.png
sensorblockdepthshift.htm,Sensor Block Depth Shift,10047,1382,12,4,_plclip00167.png;_plclip00168.png;_plclip00169.png;_plclip00170.png
sensorplot.htm,Sensor Plot,7986,600,10,2,_plclip00044.png;_plclip00205.png
shearsonic.htm,Shear Sonic QC / Create,23601,5186,18,7,_rpclip0003.png;_rpclip0004.png;embim507.png;_rpclip0005.png;embim508.png;_rpclip0006.png;_rpclip0007.png
sigma.htm,Sigma Analysis,94350,22351,71,34,_chclip0001.png;_chclip0020.png;_chclip0018.png;_chclip0021.png;embim196.png;embim197.png;embim198.png;embim199.png;_chclip0002.png;_chclip0003.png;_chclip0004.png;_chclip0005.png;_chclip0006.png;_chclip0007.png;_chclip0025.png;_chclip0008.png;_chclip0009.png;_chclip0010.png;_chclip0011.png;_chclip0012.png;_chclip0026.png;_chclip0024.png;_chclip0022.png;_chclip0027.png;_chclip0017.png;_chclip0023.png;embim200.png;embim201.png;embim202.png;embim203.png;embim204.png;embim205.png;embim206.png;embim207.png
som.htm,Self-Organising Maps,112791,42374,70,47,somclip0030_zoom50.png;somclip0031.png;somclip0026.png;somclip0032.png;somclip0027.png;somclip0025.png;somclip0016.png;somclip0017.png;somclip0033.png;somclip0018.png;somclip0019.png;somclip0034_zoom78.png;somclip0035.png;somclip0020.png;somclip0021_zoom25.png;somclip0036.png;somclip0037_zoom77.png;somclip0038_zoom77.png;somclip0022_zoom90.png;somclip0028.png;somclip0039.png;somclip0040.png;somclip0041.png;somclip0029.png;somclip0042.png;somclip0043.png;somclip0044_zoom50.png;somclip0045_zoom81.png;somclip0001.png;somclip0002.png;somclip0003.png;somclip0004.png;somclip0005.png;somclip0006.png;somclip0015.png;somclip0007.png;somclip0008.png;somclip0009.png;somclip0023.png;somclip0024.png;somclip0037_zoom68.png;somclip0046_zoom42.png;somclip0047.png;somclip0011.png;somclip0012.png;somclip0013.png;somclip0029.png
specialinterpretation.htm,Advanced Interpretation,14102,2900,9,1,clip0001.png
specify_rock_mechanics_options.htm,Options,11815,2381,10,2,_geoclip00077.png;_geoclip00156.png
spinnercalibrationapparentvelocity.htm,Spinner Calibration and Apparent Velocity,44895,18738,22,14,_plclip00081.png;_plclip00082.png;_plclip00087.png;_plclip00088.png;_plclip00089.png;_plclip00090.png;_plclip00091.png;_plclip00092.png;_plclip00093.png;_plclip00094.png;_plclip00095.png;_plclip00096.png;_plclip00097.png;_plclip00098.png
spinnerthresholds.htm,PLWin,7625,1034,8,0,
standalone_contingency_table.htm,Standalone Contingency Table,19871,4752,22,11,_sctclip0001.png;_sctclip0002.png;_sctclip0003.png;_sctclip0004.png;_sctclip0005.png;_sctclip0006.png;_sctclip0007.png;_sctclip0008.png;_sctclip0009.png;_sctclip0010.png;_sctclip0011.png
star_plots.htm,Star Plots,23303,6785,25,14,_spclip0001.png;_spclip0002.png;_spclip0003.png;_spclip0004.png;_spclip0005.png;_spclip0006.png;_spclip0007.png;_spclip0008.png;_spclip0009.png;_spclip0010.png;_spclip0011.png;_spclip0012.png;_spclip0013.png;_spclip0014.png
statisticalcurveprediction.htm,Fuzzy Logic Curve Prediction,64595,20063,39,24,_flclip0001_zoom50.png;_flclip0016.png;_flclip0003.png;_flclip0005.png;_flclip0004.png;_flclip0006.png;_flclip0007.png;_flclip0007.png;_flclip0008.png;_flclip0009.png;_flclip0010.png;embim627.png;_flclip0013.png;_flclip0014.png;_flclip0015.png;embim628.png;embim629.png;embim630.png;embim631.png;embim632.png;embim633.png;embim634.png;_flclip0011.png;_flclip0012.png
stress.htm,Stress,9697,2055,8,0,
stretchdepthshift.htm,Stretch Depth Shift,8867,1603,9,1,_plclip00166.png
swequationsandmethodology.htm,Porosity and Sw Equations and Methodology,228785,46463,235,144,embim38.png;embim39.png;embim40.png;embim41.png;embim42.png;_pawsclip0110.png;_pawsclip0111.png;_pawsclip0112.png;_pawsclip0113.png;embim43.png;embim44.png;embim45.png;embim46.png;embim47.png;embim48.png;embim49.png;embim50.png;embim51.png;_pawsclip0070.png;_pawsclip0071.png;embim52.png;embim53.png;_pawsclip0143_zoom80.png;embim54.png;embim55.png;embim56.png;embim57.png;embim58.png;embim59.png;embim60.png;embim61.png;embim62.png;embim63.png;embim64.png;embim65.png;embim66.png;embim67.png;embim68.png;_pawsclip0072.png;_pawsclip0114.png;_pawsclip0115.png;embim69.png;embim70.png;embim71.png;embim72.png;_pawsclip0134.png;_pawsclip0135.png;_pawsclip0136.png;_pawsclip0137.png;_pawsclip0138.png;_pawsclip0149.png;embim73.png;embim74.png;embim75.png;embim76.png;embim77.png;embim78.png;embim79.png;embim80.png;embim81.png;embim82.png;embim83.png;embim84.png;embim85.png;embim86.png;embim87.png;embim88.png;embim89.png;embim90.png;embim91.png;embim92.png;embim93.png;embim94.png;embim95.png;embim96.png;embim97.png;embim98.png;embim99.png;embim100.png;embim101.png;embim102.png;embim103.png;embim104.png;embim105.png;embim106.png;embim107.png;embim108.png;embim109.png;embim110.png;embim111.png;embim112.png;embim113.png;embim114.png;embim115.png;embim116.png;embim117.png;embim118.png;embim119.png;_pawsclip0116.png;_pawsclip0148.png;embim120.png;embim121.png;embim122.png;embim123.png;embim124.png;embim125.png;embim126.png;embim127.png;embim128.png;embim129.png;embim130.png;embim131.png;embim132.png;embim133.png;embim134.png;embim135.png;embim136.png;_pawsclip0119.png;_pawsclip0120.png;embim137.png;embim138.png;embim139.png;embim140.png;embim141.png;embim142.png;embim143.png;embim144.png;embim145.png;_pawsclip0150.png;embim146.png;embim147.png;embim148.png;embim149.png;embim150.png;embim151.png;embim152.png;embim153.png;embim154.png;embim155.png;embim156.png;embim157.png;embim158.png;_pawsclip0018.png;_pawsclip0142_zoom75.png
swparameters.htm,Porosity and Sw Parameters,215804,60873,74,39,_pawsclip0077.png;_pawsclip0078.png;_pawsclip0040.png;_pawsclip0041.png;_pawsclip0042.png;_pawsclip0044.png;_pawsclip0045.png;_pawsclip0046.png;_pawsclip0047.png;_pawsclip0048.png;_pawsclip0049.png;_pawsclip0050.png;_pawsclip0051.png;_pawsclip0052.png;_pawsclip0053.png;_pawsclip0054.png;_pawsclip0055.png;_pawsclip0141.png;_pawsclip0021.png;_pawsclip0103.png;_pawsclip0104.png;_pawsclip0105.png;_pawsclip0106.png;_pawsclip0107.png;_pawsclip0108.png;_pawsclip0109.png;_pawsclip0059.png;_pawsclip0060.png;_pawsclip0061.png;_pawsclip0132.png;_pawsclip0133.png;_pawsclip0101.png;_pawsclip0063.png;_pawsclip0064.png;_pawsclip0102.png;_pawsclip0066.png;_pawsclip0067.png;_pawsclip0068.png;_pawsclip0069.png
swplot.htm,Porosity and Sw Interactive Plot,83118,21417,52,27,_pawsclip0026.png;_pawsclip0151.png;_pawsclip0146.png;_pawsclip0027.png;_pawsclip0028.png;_pawsclip0144.png;_pawsclip0145.png;_pawsclip0073.png;_pawsclip0074.png;_pawsclip0147.png;_pawsclip0080.png;_pawsclip0093.png;_pawsclip0094.png;_pawsclip0152.png;_pawsclip0036.png;_pawsclip0037.png;_pawsclip0038.png;_pawsclip0013.png;_pawsclip0014.png;_pawsclip0015.png;_pawsclip0039.png;_pawsclip0091.png;_pawsclip0095.png;_pawsclip0096.png;_pawsclip0097.png;_pawsclip0098.png;_pawsclip0099.png
synthetic_seismorgram.htm,Synthetic Seismogram,199678,48909,106,53,_rpclip0153.png;_rpclip0157.png;_rpclip0158.png;_rpclip0126.png;_rpclip0117.png;_rpclip0118.png;_rpclip0119.png;_rpclip0121.png;_rpclip0122.png;_rpclip0124.png;_rpclip0123.png;_rpclip0158.png;_rpclip0126.png;_rpclip0117.png;_rpclip0127.png;_rpclip0128.png;_rpclip0138.png;_rpclip0139.png;_rpclip0140.png;_rpclip0129.png;_rpclip0143.png;_rpclip0144.png;_rpclip0130.png;_rpclip0132.png;_rpclip0131.png;_rpclip0154.png;_rpclip0156.png;_rpclip0134.png;_rpclip0158.png;_rpclip0157.png;_rpclip0135.png;_rpclip0136.png;_rpclip0137.png;_rpclip0150.png;_rpclip0151.png;_rpclip0145.png;_rpclip0146.png;_rpclip0147.png;_rpclip0148.png;_rpclip0149.png;embim616.png;_rpclip0150.png;embim617.png;embim618.png;embim619.png;embim620.png;embim621.png;_rpclip0152.png;embim622.png;embim623.png;embim624.png;embim625.png;embim626.png
temperaturegradient.htm,Calculate Temperature Gradient,11535,1847,9,1,_ccclip0199.png
terminal-events.htm,Terminal Events,6186,124,8,0,
ternary.htm,Ternary Plots,51589,12174,58,42,_tern001.png;_tern010.png;_tern011.png;_tern012.png;_tern013.png;_tern014.png;_tern015.png;_tern016.png;_tern017.png;_tern027.png;_tern019.png;_tern020.png;_tern021.png;_tern022.png;_tern018.png;_tern048.png;_tern027.png;_tern029_zoom60.png;_tern030.png;_tern031.png;_tern032.png;_tern033.png;_tern024.png;_tern025.png;_tern026.png;_tern028.png;_tern021.png;_tern035.png;_tern009.png;_tern020.png;_tern036.png;_tern037.png;_tern038.png;_tern039.png;_tern040.png;_tern041.png;_tern042.png;_tern043.png;_tern044.png;_tern045.png;_tern046.png;_tern047_zoom75.png
textcurves.htm,Text Curves,27288,7095,30,19,_txcclip0001.png;_txcclip0021.png;_txcclip0002.png;_txcclip0004.png;_txcclip0005.png;_txcclip0006.png;_txcclip0007.png;_txcclip0008.png;_txcclip0009.png;_txcclip0010.png;_txcclip0011.png;_txcclip0012.png;_txcclip0014.png;_txcclip0015.png;_txcclip0016.png;_txcclip0017.png;_txcclip0018.png;_txcclip0019.png;_txcclip0020.png
textural_facies_analysis.htm,Textural Facies Analysis,30767,10616,17,6,_tfclip0006_zoom50.png;_tfclip0001.png;_tfclip0002.png;_tfclip0007.png;_tfclip0003.png;_tfclip0008.png
third_party_software_licenses.htm,Third Party Software Licenses,6550,365,8,0,
time-based_pl_station_data_-_a.htm,Time-Based PL Station Data - ASCII Format,11206,3533,10,2,_plclip00295.png;_plclip00296.png
time-based_pl_station_data_-_l.htm,Time-Based PL Station Data - LAS Format,13387,4675,14,6,_plclip00289.png;_plclip00290.png;_plclip00291.png;_plclip00292.png;_plclip00293.png;_plclip00294.png
toolbox.htm,Toolbox,43726,17553,27,19,ic2021.png;hmfile_hash_d86e8da1.png;ic2021.png;hmfile_hash_03b88526.png;hmfile_hash_cff7a6c4.png;ic2021.png;hmfile_hash_f64593f7.png;hmfile_hash_8c2f5cd7.png;ic2021.png;hmfile_hash_3c7765bf.png;ic2021.png;hmfile_hash_6cae86af.png;ic2021.png;hmfile_hash_c4d85f2e.png;ic2021.png;hmfile_hash_496d2108.png;hmfile_hash_8946ccab.png;ic2021.png;hmfile_hash_d1ce0223.png
tools.htm,Tools,131070,38494,59,34,_tclip0012.png;_tclip0013.png;_tclip0014.png;_tclip0015.png;_tclip0016.png;_tclip0017.png;_tclip0018.png;_tclip0019.png;_tclip0020.png;_tclip0021.png;_tclip0022.png;_tclip0023.png;_tclip0148.png;_tclip0024.png;_tclip0025.png;_tclip0026.png;_tclip0083.png;_tclip0082.png;_tclip0086.png;_tclip0058.png;_tclip0087.png;_tclip0098.png;_tclip0088.png;_tclip0089.png;_tclip0090.png;_tclip0091.png;_tclip0059.png;_tclip0099.png;_tclip0143.png;_tclip0144.png;_tclip0145.png;_tclip0146.png;_tclip0147.png;_tclip0060.png
total_organic_carbon_content.htm,Total Organic Carbon Content,65913,12895,24,6,_intclip0045_zoom50.png;_intclip0040.png;_intclip0041.png;_intclip0042.png;_intclip0043.png;_intclip0044.png
transformcurveunits.htm,Transform Curve Units,8330,1035,9,1,_plclip00172.png
trueverticalstratigraphic.htm,True Vertical / Stratigraphic Thickness,33195,5709,17,4,_ccclip1793.png;_ccclip0203.png;_ccclip0204.png;_ccclip1794.png
tvdcalculations.htm,True Vertical Depth Calculations,63755,14327,23,9,_ccclip0201.png;_ccclip0110.png;_ccclip1109.png;_ccclip1111.png;_ccclip1791.png;_ccclip1112.png;_ccclip1752.png;_ccclip1752a.png;_ccclip1108.png
ucr.htm,Unconventional Reservoirs,399970,87559,153,128,_ucrclip0001.png;_ucrclip0002.png;_ucrclip0003.png;_ucrclip0200.png;_ucrclip0201.png;_ucrclip0004.png;_ucrclip0005.png;_ucrclip0006.png;_ucrclip0007.png;_ucrclip0008.png;_ucrclip0009.png;_ucrclip0010.png;_ucrclip0011.png;equation1_zoom75.png;equation2_zoom75.png;equation3_zoom75.png;equation4_zoom75.png;equation5_zoom75.png;equation6_zoom75.png;equation7_zoom75.png;_ucrclip0015.png;_ucrclip0202.png;_ucrclip0016.png;_ucrclip0017.png;_ucrclip0018.png;_ucrclip0019.png;_ucrclip0020.png;_ucrclip0021.png;equation8_zoom75.png;equation9_zoom75.png;_ucrclip0023.png;_ucrclip0024.png;_ucrclip0025.png;_ucrclip0026.png;_ucrclip0027.png;_ucrclip0028.png;_ucrclip0029.png;_ucrclip0030.png;equation10_zoom75.png;equation11_zoom75.png;_ucrclip0031.png;_ucrclip0032.png;_ucrclip0033.png;_ucrclip0034.png;_ucrclip0035.png;_ucrclip0036.png;_ucrclip0037.png;_ucrclip0038.png;equation12_zoom75.png;equation13_zoom75.png;equation14_zoom75.png;_ucrclip0041.png;_ucrclip0042.png;_ucrclip0043.png;_ucrclip0044.png;_ucrclip0045.png;_ucrclip0046.png;_ucrclip0047.png;_ucrclip0048.png;_ucrclip0049.png;_ucrclip0050.png;equation15_zoom75.png;equation16_zoom75.png;equation17_zoom75.png;equation18_zoom75.png;equation19_zoom75.png;equation20_zoom75.png;equation21_zoom75.png;equation22_zoom75.png;equation23_zoom75.png;equation24_zoom75.png;equation25_zoom75.png;equation26_zoom75.png;equation27_zoom75.png;equation28_zoom75.png;equation29_zoom75.png;equation30_zoom75.png;equation31_zoom75.png;equation32_zoom75.png;embim208.png;embim209.png;equation33_zoom75.png;embim210.png;embim211.png;embim212.png;embim213.png;embim214.png;embim215.png;equation34_zoom75.png;equation35_zoom75.png;embim216.png;equation36_zoom75.png;equation37_zoom75.png;_ucrclip0051.png;_ucrclip0052.png;_ucrclip0053.png;_ucrclip0054.png;_ucrclip0055.png;_ucrclip0056.png;_ucrclip0057.png;equation38_zoom75.png;equation39_zoom75.png;equation40_zoom75.png;equation41_zoom75.png;equation42_zoom75.png;equation43_zoom75.png;_ucrclip0058.png;_ucrclip0059.png;_ucrclip0060.png;_ucrclip0061.png;_ucrclip0062.png;_ucrclip0063.png;_ucrclip0064.png;_ucrclip0065.png;_ucrclip0066.png;_ucrclip0067.png;_ucrclip0068.png;_ucrclip0069.png;_ucrclip0070.png;_ucrclip0072.png;_ucrclip0071.png;_ucrclip0073.png;_ucrclip0075.png;_ucrclip0074.png;_ucrclip0076.png;_ucrclip0078.png;_ucrclip0077.png;_ucrclip0079.png
user-app-properties.htm,User App Properties,79691,22323,35,18,_upclip0056.png;_upclip0046.png;_upclip0057.png;_upclip0048.png;_upclip0049.png;_upclip0050.png;_upclip0051.png;_upclip0052.png;_upclip0053.png;_upclip0068.png;_upclip0054.png;clip0322_zoom80.png;_upclip0061.png;_upclip0067.png;_upclip0087.png;_upclip0088.png;_upclip0089.png;_upclip0090.png
user-definedformula.htm,User Formula,57797,11205,25,11,_ccclip0194.png;_ccclip1795.png;_ccclip1796.png;_ccclip1807.png;_ccclip0195.png;_ccclip1518.png;_ccclip1801.png;_ccclip0503.png;_ccclip0504.png;_ccclip0505.png;_ccclip1631.png
user_set_up.htm,Preferences,21341,6036,19,11,_plclip00134.png;_plclip00135.png;_plclip00136.png;_plclip00137.png;_plclip00138.png;_plclip00139.png;_plclip00140.png;_plclip00141.png;_plclip00142.png;_plclip00143.png;_plclip00144.png
userapps.htm,Apps,8563,936,8,0,
using_the_license_server_manag.htm,LiMBR License Server Manager,39641,8868,34,17,lrlclip0001.png;lrlclip0002.png;lrlclip0003.png;lrlclip0004.png;lrlclip0005.png;lrlclip0016.png;lrlclip0006.png;lrlclip0007.png;lrlclip0008.png;lrlclip0009.png;lrlclip0017.png;lrlclip0010.png;lrlclip0011.png;lrlclip0012.png;lrlclip0014.png;lrlclip0013.png;lrlclip0015.png
utilities_modules.htm,Utilities Modules,102291,37323,38,20,ppfg_003.png;ppfg_012.png;ppfg_013.png;ppfg_014.png;ppfg_015.png;ppfg_109.png;ppfg_110.png;ppfg_009.png;ppfg_010.png;ppfg_011.png;ppfg_111.png;ppfg_006.png;ppfg_112.png;ppfg_008.png;ppfg_007.png;ppfg_016.png;ppfg_017.png;ppfg_018.png;ppfg_004.png;ppfg_005.png
velocity_for_array_tools.htm,Velocity for Array Tools,38720,16044,22,9,_plclip00328.png;_plclip00329.png;_plclip00330.png;_plclip00331.png;_plclip00332.png;_plclip00333.png;_plclip00334.png;_plclip00337.png;_plclip00335.png
velocity_images.htm,Velocity Images,13785,4813,10,2,_plclip00315.png;_plclip00316.png
vertical_stress.htm,Vertical Stress,17711,4357,16,8,denew_clip0010.png;denew_clip0011.png;denew_clip0012.png;denew_clip0013.png;denew_clip0014.png;denew_clip0015.png;denew_clip0016.png;denew_clip0017.png
welcometointeractivepetrophysics.htm,Welcome to Interactive Petrophysics,8040,141,9,1,hmfile_hash_5f73c0c6.png
well-queries.htm,Well Queries,42605,14432,42,34,hmfile_hash_603fa0bf.png;ic2021.png;ic2021.png;ic2021.png;hmfile_hash_603fa0bf.png;ic2021.png;hmfile_hash_1dd8d6d0.png;hmfile_hash_d5710924.png;ic2021.png;hmfile_hash_313b03a8.png;hmfile_hash_f3639d7d.png;ic2021.png;hmfile_hash_aa278c0b.png;ic2021.png;hmfile_hash_99ca843b.png;ic2021.png;hmfile_hash_8ec2b684.png;ic2021.png;hmfile_hash_cce88c39.png;hmfile_hash_41a0e4dd.png;ic2021.png;hmfile_hash_4a3befc2.png;ic2021.png;hmfile_hash_499c7d67.png;ic2021.png;hmfile_hash_24f3e6b3.png;hmfile_hash_297da483.png;ic2021.png;ic2021.png;hmfile_hash_ef4c5a38.png;ic2021.png;hmfile_hash_15932301.png;ic2021.png;hmfile_hash_741a20fb.png
well_diagram_cross_section.htm,Well Diagram Cross Section,42865,9140,24,8,_wdmclip0011.png;_wdmclip0010.png;_wdmclip0012.png;_wdmclip0013.png;_wdmclip0014.png;_wdmclip0015.png;_wdmclip0027.png;_wdmclip0016.png
well_diagram_manager.htm,Well Diagram Manager,66434,15652,46,22,_wdmclip0001.png;_wdmclip0002.png;_wdmclip0003.png;_wdmclip0004.png;_wdmclip0005.png;_wdmclip0006.png;_wdmclip0028.png;_wdmclip0029.png;_wdmclip0007.png;_wdmclip0008.png;_wdmclip0009.png;_wdmclip0017.png;_wdmclip0010.png;_wdmclip0018.png;_wdmclip0019_zoom71.png;_wdmclip0020.png;_wdmclip0021.png;_wdmclip0022.png;_wdmclip0025.png;_wdmclip0023.png;_wdmclip0024.png;_wdmclip0026.png
well_multi-user-access-guide.htm,Multi-User Access Guide,38944,6100,27,9,_dsclip0017.png;_dsclip0014.png;_dsclip0018.png;_dsclip0015.png;_dsclip0022.png;_dsclip0016_zoom83.png;_dsclip0019.png;_dsclip0020.png;_dsclip0021.png
wellbore_stability.htm,Wellbore Stability,165261,50672,75,58,rmnew_clip0018.png;rmnew_clip0019_zoom86.png;rmnew_clip0115_zoom70.png;rmnew_clip0021_zoom70.png;rmnew_clip0116.png;rmnew_clip0117_zoom82.png;rmnew_clip0118_zoom79.png;rmnew_clip0098.png;rmnew_clip0119.png;rmnew_clip0120.png;rmnew_clip0121.png;rmnew_clip0122.png;rmnew_clip0123.png;rmnew_clip0124.png;rmnew_clip0125.png;rmnew_clip0126.png;rmnew_clip0127.png;rmnew_clip0128.png;rmnew_clip0129_zoom93.png;rmnew_clip0130.png;rmnew_clip0131.png;rmnew_clip0132_zoom63.png;rmnew_clip0133_zoom63.png;rmnew_clip0134_zoom63.png;rmnew_clip0135.png;rmnew_clip0136.png;rmnew_clip0137.png;rmnew_clip0138.png;rmnew_clip0139.png;rmnew_clip0140.png;rmnew_clip0141.png;rmnew_clip0142_zoom62.png;rmnew_clip0143_zoom63.png;rmnew_clip0144_zoom62.png;rmnew_clip0145_zoom63.png;rmnew_clip0146_zoom64.png;rmnew_clip0147_zoom88.png;rmnew_clip0148_zoom72.png;rmnew_clip0149.png;rmnew_clip0150_zoom65.png;rmnew_clip0151_zoom53.png;rmnew_clip0157_zoom75.png;rmnew_clip0177_zoom80.png;rmnew_clip0180.png;rmnew_clip0181.png;rmnew_clip0182.png;rmnew_clip0156_zoom75.png;rmnew_clip0155_zoom75.png;rmnew_clip0154_zoom75.png;rmnew_clip0152_zoom75.png;rmnew_clip0153_zoom75.png;rmnew_clip0178_zoom75.png;rmnew_clip0179_zoom75.png;_mceaclip0081.png;rmnew_clip0158.png;rmnew_clip0159.png;rmnew_clip0160.png;rmnew_clip0161_zoom76.png
wellbore_stability2.htm,Wellbore Stability,7630,745,9,1,rmnew_clip0198.png
wellheaderinfo.htm,Manage Well Header Info.,46925,11253,27,11,_wmclip0054_zoom50.png;_wmclip0021.png;_wmclip0022.png;_wmclip0023.png;_wmclip0024.png;_wmclip0025.png;_wmclip0026.png;_wmclip0028.png;_wmclip0029.png;_wmclip0030.png;_wmclip0081.png
wellmap.htm,Well Map,68455,14850,37,15,_dvclip0031.png;_dvclip0009.png;_dvclip0032.png;_dvclip0016.png;_dvclip0017.png;_dvclip0030.png;_dvclip0033.png;_dvclip0036.png;_dvclip0019.png;_dvclip0020.png;_dvclip0028.png;_dvclip0027.png;_dvclip0029.png;_dvclip0037.png;_dvclip0038.png
wells.htm,Well Options,15056,3344,9,1,_wmclip0046.png
witsml_import.htm,WITSML Import,33250,11878,24,11,_dlclip00225.png;_dlclip00226.png;_dlclip00227.png;_dlclip00229.png;_dlclip00235.png;_dlclip00230.png;_dlclip00233.png;_dlclip00231.png;_dlclip00232.png;_dlclip00234.png;_dlclip00236.png
witsmllink.htm,XStream Connect,34175,7735,28,9,_dlclip00179.png;_dlclip00180.png;_dlclip00181.png;_dlclip00182.png;_dlclip00183.png;_dlclip00184.png;_dlclip00186.png;_dlclip00185.png;_dlclip00187.png
workflow.htm,Workflow,6237,224,8,0,
working_with_parameters_in_mul.htm,Parameters in Multiple Wells,47136,14230,31,20,_mwclip00106.png;_mwclip0023.png;_mwclip0024.png;_mwclip0025.png;_mwclip0026.png;_mwclip0027.png;_mwclip0031.png;_mwclip0030.png;_mwclip0002.png;_mwclip00107.png;_mwclip0003.png;_mwclip0004.png;_mwclip0005.png;_mwclip0006.png;_mwclip0007.png;_mwclip00208.png;_mwclip0009.png;_mwclip0010.png;_mwclip0011.png;_mwclip0029.png
